
/media/data/MQ-135/build/mq135.elf:     file format elf32-littlearm

Sections:
Idx Name          Size      VMA       LMA       File off  Algn
  0 .boot2        00000100  10000000  10000000  00001000  2**0
                  CONTENTS, ALLOC, LOAD, READONLY, CODE
  1 .text         000063c8  10000100  10000100  00001100  2**3
                  CONTENTS, ALLOC, LOAD, READONLY, CODE
  2 .rodata       00000654  100064c8  100064c8  000074c8  2**3
                  CONTENTS, ALLOC, LOAD, READONLY, DATA
  3 .binary_info  00000020  10006b1c  10006b1c  00007b1c  2**2
                  CONTENTS, ALLOC, LOAD, READONLY, DATA
  4 .xip_ram      00000000  15000000  15000000  00009080  2**0
                  CONTENTS
  5 .ram_vector_table 000000c0  20000000  20000000  0000a000  2**2
                  ALLOC
  6 .uninitialized_data 00000000  200000c0  200000c0  00009080  2**0
                  CONTENTS
  7 .data         00000fc0  200000c0  10006b3c  000080c0  2**4
                  CONTENTS, ALLOC, LOAD, READONLY, CODE
  8 .tdata        00000000  20001080  20001080  00009080  2**0
                  CONTENTS, ALLOC, LOAD, DATA, THREAD_LOCAL
  9 .tbss         00000000  20001080  20001080  00000000  2**0
                  ALLOC, THREAD_LOCAL
 10 .tbss_space   00000000  20001080  20001080  00009080  2**0
                  CONTENTS
 11 .bss          00000c1c  20001080  10007afc  00009080  2**3
                  ALLOC
 12 .tls0         00000000  20001c9c  20001c9c  00009080  2**0
                  CONTENTS
 13 .tls1         00000000  20001c9c  20001c9c  00009080  2**0
                  CONTENTS
 14 .persistent_data 00000000  20001c9c  20001c9c  00009080  2**0
                  CONTENTS
 15 .dummy_pre_heap 00000000  20001c9c  20001c9c  00009080  2**0
                  CONTENTS
 16 .heap         00000800  20001c9c  20001c9c  0000a000  2**2
                  ALLOC, READONLY
 17 .scratch_x    00000000  20040000  20040000  00009080  2**0
                  CONTENTS
 18 .scratch_y    00000000  20041000  20041000  00009080  2**0
                  CONTENTS
 19 .stack_dummy  00000800  20041000  20041000  0000a000  2**5
                  ALLOC, READONLY
 20 .debug_info   00031031  00000000  00000000  00009080  2**0
                  CONTENTS, READONLY, DEBUGGING, OCTETS
 21 .debug_abbrev 00008c5c  00000000  00000000  0003a0b1  2**0
                  CONTENTS, READONLY, DEBUGGING, OCTETS
 22 .debug_loclists 0001b430  00000000  00000000  00042d0d  2**0
                  CONTENTS, READONLY, DEBUGGING, OCTETS
 23 .debug_aranges 000015f8  00000000  00000000  0005e140  2**3
                  CONTENTS, READONLY, DEBUGGING, OCTETS
 24 .debug_rnglists 0000455c  00000000  00000000  0005f738  2**0
                  CONTENTS, READONLY, DEBUGGING, OCTETS
 25 .debug_line   00020dbc  00000000  00000000  00063c94  2**0
                  CONTENTS, READONLY, DEBUGGING, OCTETS
 26 .debug_str    00008c2d  00000000  00000000  00084a50  2**0
                  CONTENTS, READONLY, DEBUGGING, OCTETS
 27 .comment      0000004c  00000000  00000000  0008d67d  2**0
                  CONTENTS, READONLY
 28 .ARM.attributes 0000002a  00000000  00000000  0008d6c9  2**0
                  CONTENTS, READONLY
 29 .debug_frame  00002ec0  00000000  00000000  0008d6f4  2**2
                  CONTENTS, READONLY, DEBUGGING, OCTETS
 30 .debug_line_str 0000026a  00000000  00000000  000905b4  2**0
                  CONTENTS, READONLY, DEBUGGING, OCTETS

/media/data/MQ-135/build/mq135.elf:     file format elf32-littlearm


Disassembly of section .boot2:

10000000 <__boot2_start__>:
10000000:	4b32b500 	.word	0x4b32b500
10000004:	60582021 	.word	0x60582021
10000008:	21026898 	.word	0x21026898
1000000c:	60984388 	.word	0x60984388
10000010:	611860d8 	.word	0x611860d8
10000014:	4b2e6158 	.word	0x4b2e6158
10000018:	60992100 	.word	0x60992100
1000001c:	61592102 	.word	0x61592102
10000020:	22f02101 	.word	0x22f02101
10000024:	492b5099 	.word	0x492b5099
10000028:	21016019 	.word	0x21016019
1000002c:	20356099 	.word	0x20356099
10000030:	f844f000 	.word	0xf844f000
10000034:	42902202 	.word	0x42902202
10000038:	2106d014 	.word	0x2106d014
1000003c:	f0006619 	.word	0xf0006619
10000040:	6e19f834 	.word	0x6e19f834
10000044:	66192101 	.word	0x66192101
10000048:	66182000 	.word	0x66182000
1000004c:	f000661a 	.word	0xf000661a
10000050:	6e19f82c 	.word	0x6e19f82c
10000054:	6e196e19 	.word	0x6e196e19
10000058:	f0002005 	.word	0xf0002005
1000005c:	2101f82f 	.word	0x2101f82f
10000060:	d1f94208 	.word	0xd1f94208
10000064:	60992100 	.word	0x60992100
10000068:	6019491b 	.word	0x6019491b
1000006c:	60592100 	.word	0x60592100
10000070:	481b491a 	.word	0x481b491a
10000074:	21016001 	.word	0x21016001
10000078:	21eb6099 	.word	0x21eb6099
1000007c:	21a06619 	.word	0x21a06619
10000080:	f0006619 	.word	0xf0006619
10000084:	2100f812 	.word	0x2100f812
10000088:	49166099 	.word	0x49166099
1000008c:	60014814 	.word	0x60014814
10000090:	60992101 	.word	0x60992101
10000094:	2800bc01 	.word	0x2800bc01
10000098:	4700d000 	.word	0x4700d000
1000009c:	49134812 	.word	0x49134812
100000a0:	c8036008 	.word	0xc8036008
100000a4:	8808f380 	.word	0x8808f380
100000a8:	b5034708 	.word	0xb5034708
100000ac:	20046a99 	.word	0x20046a99
100000b0:	d0fb4201 	.word	0xd0fb4201
100000b4:	42012001 	.word	0x42012001
100000b8:	bd03d1f8 	.word	0xbd03d1f8
100000bc:	6618b502 	.word	0x6618b502
100000c0:	f7ff6618 	.word	0xf7ff6618
100000c4:	6e18fff2 	.word	0x6e18fff2
100000c8:	bd026e18 	.word	0xbd026e18
100000cc:	40020000 	.word	0x40020000
100000d0:	18000000 	.word	0x18000000
100000d4:	00070000 	.word	0x00070000
100000d8:	005f0300 	.word	0x005f0300
100000dc:	00002221 	.word	0x00002221
100000e0:	180000f4 	.word	0x180000f4
100000e4:	a0002022 	.word	0xa0002022
100000e8:	10000100 	.word	0x10000100
100000ec:	e000ed08 	.word	0xe000ed08
	...
100000fc:	7a4eb274 	.word	0x7a4eb274

Disassembly of section .text:

10000100 <__VECTOR_TABLE>:
10000100:	20042000 	.word	0x20042000
10000104:	100001f7 	.word	0x100001f7
10000108:	100001cb 	.word	0x100001cb
1000010c:	100001cd 	.word	0x100001cd
10000110:	100001c9 	.word	0x100001c9
10000114:	100001c9 	.word	0x100001c9
10000118:	100001c9 	.word	0x100001c9
1000011c:	100001c9 	.word	0x100001c9
10000120:	100001c9 	.word	0x100001c9
10000124:	100001c9 	.word	0x100001c9
10000128:	100001c9 	.word	0x100001c9
1000012c:	100001cf 	.word	0x100001cf
10000130:	100001c9 	.word	0x100001c9
10000134:	100001c9 	.word	0x100001c9
10000138:	100001d1 	.word	0x100001d1
1000013c:	100001d3 	.word	0x100001d3
10000140:	100001c1 	.word	0x100001c1
10000144:	100001c1 	.word	0x100001c1
10000148:	100001c1 	.word	0x100001c1
1000014c:	100001c1 	.word	0x100001c1
10000150:	100001c1 	.word	0x100001c1
10000154:	100001c1 	.word	0x100001c1
10000158:	100001c1 	.word	0x100001c1
1000015c:	100001c1 	.word	0x100001c1
10000160:	100001c1 	.word	0x100001c1
10000164:	100001c1 	.word	0x100001c1
10000168:	100001c1 	.word	0x100001c1
1000016c:	100001c1 	.word	0x100001c1
10000170:	100001c1 	.word	0x100001c1
10000174:	100001c1 	.word	0x100001c1
10000178:	100001c1 	.word	0x100001c1
1000017c:	100001c1 	.word	0x100001c1
10000180:	100001c1 	.word	0x100001c1
10000184:	100001c1 	.word	0x100001c1
10000188:	100001c1 	.word	0x100001c1
1000018c:	100001c1 	.word	0x100001c1
10000190:	100001c1 	.word	0x100001c1
10000194:	100001c1 	.word	0x100001c1
10000198:	100001c1 	.word	0x100001c1
1000019c:	100001c1 	.word	0x100001c1
100001a0:	100001c1 	.word	0x100001c1
100001a4:	100001c1 	.word	0x100001c1
100001a8:	100001c1 	.word	0x100001c1
100001ac:	100001c1 	.word	0x100001c1
100001b0:	100001c1 	.word	0x100001c1
100001b4:	100001c1 	.word	0x100001c1
100001b8:	100001c1 	.word	0x100001c1
100001bc:	100001c1 	.word	0x100001c1

100001c0 <__unhandled_user_irq>:
100001c0:	f3ef 8005 	mrs	r0, IPSR
100001c4:	3810      	subs	r0, #16

100001c6 <unhandled_user_irq_num_in_r0>:
100001c6:	be00      	bkpt	0x0000

100001c8 <isr_invalid>:
100001c8:	be00      	bkpt	0x0000

100001ca <isr_nmi>:
100001ca:	be00      	bkpt	0x0000

100001cc <isr_hardfault>:
100001cc:	be00      	bkpt	0x0000

100001ce <isr_svcall>:
100001ce:	be00      	bkpt	0x0000

100001d0 <isr_pendsv>:
100001d0:	be00      	bkpt	0x0000

100001d2 <isr_systick>:
100001d2:	be00      	bkpt	0x0000

100001d4 <__default_isrs_end>:
100001d4:	7188ebf2 	.word	0x7188ebf2
100001d8:	10006b1c 	.word	0x10006b1c
100001dc:	10006b3c 	.word	0x10006b3c
100001e0:	10000238 	.word	0x10000238
100001e4:	e71aa390 	.word	0xe71aa390

100001e8 <_entry_point>:
100001e8:	2000      	movs	r0, #0

100001ea <_enter_vtable_in_r0>:
100001ea:	491e      	ldr	r1, [pc, #120]	@ (10000264 <data_cpy_table+0x2c>)
100001ec:	6008      	str	r0, [r1, #0]
100001ee:	c806      	ldmia	r0!, {r1, r2}
100001f0:	f381 8808 	msr	MSP, r1
100001f4:	4710      	bx	r2

100001f6 <_reset_handler>:
100001f6:	481c      	ldr	r0, [pc, #112]	@ (10000268 <data_cpy_table+0x30>)
100001f8:	6800      	ldr	r0, [r0, #0]
100001fa:	2800      	cmp	r0, #0
100001fc:	d001      	beq.n	10000202 <hold_non_core0_in_bootrom+0x4>

100001fe <hold_non_core0_in_bootrom>:
100001fe:	2000      	movs	r0, #0
10000200:	e7f3      	b.n	100001ea <_enter_vtable_in_r0>
10000202:	a40d      	add	r4, pc, #52	@ (adr r4, 10000238 <data_cpy_table>)
10000204:	cc0e      	ldmia	r4!, {r1, r2, r3}
10000206:	2900      	cmp	r1, #0
10000208:	d002      	beq.n	10000210 <hold_non_core0_in_bootrom+0x12>
1000020a:	f000 f812 	bl	10000232 <data_cpy>
1000020e:	e7f9      	b.n	10000204 <hold_non_core0_in_bootrom+0x6>
10000210:	4916      	ldr	r1, [pc, #88]	@ (1000026c <data_cpy_table+0x34>)
10000212:	4a17      	ldr	r2, [pc, #92]	@ (10000270 <data_cpy_table+0x38>)
10000214:	2000      	movs	r0, #0
10000216:	e000      	b.n	1000021a <bss_fill_test>

10000218 <bss_fill_loop>:
10000218:	c101      	stmia	r1!, {r0}

1000021a <bss_fill_test>:
1000021a:	4291      	cmp	r1, r2
1000021c:	d1fc      	bne.n	10000218 <bss_fill_loop>

1000021e <platform_entry>:
1000021e:	4915      	ldr	r1, [pc, #84]	@ (10000274 <data_cpy_table+0x3c>)
10000220:	4788      	blx	r1
10000222:	4915      	ldr	r1, [pc, #84]	@ (10000278 <data_cpy_table+0x40>)
10000224:	4788      	blx	r1
10000226:	4915      	ldr	r1, [pc, #84]	@ (1000027c <data_cpy_table+0x44>)
10000228:	4788      	blx	r1
1000022a:	be00      	bkpt	0x0000
1000022c:	e7fd      	b.n	1000022a <platform_entry+0xc>

1000022e <data_cpy_loop>:
1000022e:	c901      	ldmia	r1!, {r0}
10000230:	c201      	stmia	r2!, {r0}

10000232 <data_cpy>:
10000232:	429a      	cmp	r2, r3
10000234:	d3fb      	bcc.n	1000022e <data_cpy_loop>

10000236 <data_cpy_done>:
10000236:	4770      	bx	lr

10000238 <data_cpy_table>:
10000238:	10006b3c 	.word	0x10006b3c
1000023c:	200000c0 	.word	0x200000c0
10000240:	20001080 	.word	0x20001080
10000244:	10007afc 	.word	0x10007afc
10000248:	20040000 	.word	0x20040000
1000024c:	20040000 	.word	0x20040000
10000250:	10007afc 	.word	0x10007afc
10000254:	20041000 	.word	0x20041000
10000258:	20041000 	.word	0x20041000
1000025c:	00000000 	.word	0x00000000
10000260:	4770      	bx	lr
10000262:	0000      	.short	0x0000
10000264:	e000ed08 	.word	0xe000ed08
10000268:	d0000000 	.word	0xd0000000
1000026c:	20001080 	.word	0x20001080
10000270:	20001c9c 	.word	0x20001c9c
10000274:	10003c15 	.word	0x10003c15
10000278:	10000281 	.word	0x10000281
1000027c:	10003c0d 	.word	0x10003c0d

10000280 <main>:
10000280:	b5f0      	push	{r4, r5, r6, r7, lr}
10000282:	46de      	mov	lr, fp
10000284:	464e      	mov	r6, r9
10000286:	4645      	mov	r5, r8
10000288:	4657      	mov	r7, sl
1000028a:	b5e0      	push	{r5, r6, r7, lr}
1000028c:	b095      	sub	sp, #84	@ 0x54
1000028e:	f003 fdf9 	bl	10003e84 <stdio_init_all>
10000292:	21e1      	movs	r1, #225	@ 0xe1
10000294:	4859      	ldr	r0, [pc, #356]	@ (100003fc <main+0x17c>)
10000296:	0249      	lsls	r1, r1, #9
10000298:	f001 f86e 	bl	10001378 <uart_init>
1000029c:	2102      	movs	r1, #2
1000029e:	2000      	movs	r0, #0
100002a0:	f000 f8c4 	bl	1000042c <gpio_set_function>
100002a4:	2102      	movs	r1, #2
100002a6:	2001      	movs	r0, #1
100002a8:	f000 f8c0 	bl	1000042c <gpio_set_function>
100002ac:	f006 f842 	bl	10006334 <adc_init>
100002b0:	211f      	movs	r1, #31
100002b2:	201a      	movs	r0, #26
100002b4:	f000 f8ba 	bl	1000042c <gpio_set_function>
100002b8:	2200      	movs	r2, #0
100002ba:	2100      	movs	r1, #0
100002bc:	201a      	movs	r0, #26
100002be:	f000 f8cf 	bl	10000460 <gpio_set_pulls>
100002c2:	2100      	movs	r1, #0
100002c4:	201a      	movs	r0, #26
100002c6:	f000 f8df 	bl	10000488 <gpio_set_input_enabled>
100002ca:	22e0      	movs	r2, #224	@ 0xe0
100002cc:	4b4c      	ldr	r3, [pc, #304]	@ (10000400 <main+0x180>)
100002ce:	01d2      	lsls	r2, r2, #7
100002d0:	681b      	ldr	r3, [r3, #0]
100002d2:	484c      	ldr	r0, [pc, #304]	@ (10000404 <main+0x184>)
100002d4:	4013      	ands	r3, r2
100002d6:	4a4c      	ldr	r2, [pc, #304]	@ (10000408 <main+0x188>)
100002d8:	250d      	movs	r5, #13
100002da:	6013      	str	r3, [r2, #0]
100002dc:	f000 fed0 	bl	10001080 <sleep_ms>
100002e0:	484a      	ldr	r0, [pc, #296]	@ (1000040c <main+0x18c>)
100002e2:	f003 fe1d 	bl	10003f20 <__wrap_puts>
100002e6:	204d      	movs	r0, #77	@ 0x4d
100002e8:	2100      	movs	r1, #0
100002ea:	2220      	movs	r2, #32
100002ec:	4b48      	ldr	r3, [pc, #288]	@ (10000410 <main+0x190>)
100002ee:	4c49      	ldr	r4, [pc, #292]	@ (10000414 <main+0x194>)
100002f0:	9303      	str	r3, [sp, #12]
100002f2:	2600      	movs	r6, #0
100002f4:	5f9e      	ldrsh	r6, [r3, r6]
100002f6:	4b41      	ldr	r3, [pc, #260]	@ (100003fc <main+0x17c>)
100002f8:	2900      	cmp	r1, #0
100002fa:	d166      	bne.n	100003ca <main+0x14a>
100002fc:	4286      	cmp	r6, r0
100002fe:	d06b      	beq.n	100003d8 <main+0x158>
10000300:	6999      	ldr	r1, [r3, #24]
10000302:	420a      	tst	r2, r1
10000304:	d1fc      	bne.n	10000300 <main+0x80>
10000306:	6018      	str	r0, [r3, #0]
10000308:	7821      	ldrb	r1, [r4, #0]
1000030a:	3401      	adds	r4, #1
1000030c:	390d      	subs	r1, #13
1000030e:	4248      	negs	r0, r1
10000310:	4141      	adcs	r1, r0
10000312:	7820      	ldrb	r0, [r4, #0]
10000314:	b2c9      	uxtb	r1, r1
10000316:	2800      	cmp	r0, #0
10000318:	d1ee      	bne.n	100002f8 <main+0x78>
1000031a:	4b3f      	ldr	r3, [pc, #252]	@ (10000418 <main+0x198>)
1000031c:	9302      	str	r3, [sp, #8]
1000031e:	4b3f      	ldr	r3, [pc, #252]	@ (1000041c <main+0x19c>)
10000320:	469b      	mov	fp, r3
10000322:	ab04      	add	r3, sp, #16
10000324:	469a      	mov	sl, r3
10000326:	2304      	movs	r3, #4
10000328:	4699      	mov	r9, r3
1000032a:	2300      	movs	r3, #0
1000032c:	2580      	movs	r5, #128	@ 0x80
1000032e:	260a      	movs	r6, #10
10000330:	4698      	mov	r8, r3
10000332:	4f3b      	ldr	r7, [pc, #236]	@ (10000420 <main+0x1a0>)
10000334:	4c32      	ldr	r4, [pc, #200]	@ (10000400 <main+0x180>)
10000336:	006d      	lsls	r5, r5, #1
10000338:	464b      	mov	r3, r9
1000033a:	603b      	str	r3, [r7, #0]
1000033c:	6823      	ldr	r3, [r4, #0]
1000033e:	422b      	tst	r3, r5
10000340:	d0fc      	beq.n	1000033c <main+0xbc>
10000342:	6863      	ldr	r3, [r4, #4]
10000344:	200a      	movs	r0, #10
10000346:	041b      	lsls	r3, r3, #16
10000348:	0c1b      	lsrs	r3, r3, #16
1000034a:	3e01      	subs	r6, #1
1000034c:	4498      	add	r8, r3
1000034e:	f000 fe97 	bl	10001080 <sleep_ms>
10000352:	2e00      	cmp	r6, #0
10000354:	d1f0      	bne.n	10000338 <main+0xb8>
10000356:	210a      	movs	r1, #10
10000358:	4640      	mov	r0, r8
1000035a:	f001 fbe5 	bl	10001b28 <__wrap___aeabi_uidiv>
1000035e:	0404      	lsls	r4, r0, #16
10000360:	4830      	ldr	r0, [pc, #192]	@ (10000424 <main+0x1a4>)
10000362:	0c24      	lsrs	r4, r4, #16
10000364:	4360      	muls	r0, r4
10000366:	4930      	ldr	r1, [pc, #192]	@ (10000428 <main+0x1a8>)
10000368:	f001 fbde 	bl	10001b28 <__wrap___aeabi_uidiv>
1000036c:	0005      	movs	r5, r0
1000036e:	0002      	movs	r2, r0
10000370:	0021      	movs	r1, r4
10000372:	9802      	ldr	r0, [sp, #8]
10000374:	f003 fe58 	bl	10004028 <__wrap_printf>
10000378:	0023      	movs	r3, r4
1000037a:	465a      	mov	r2, fp
1000037c:	2140      	movs	r1, #64	@ 0x40
1000037e:	4650      	mov	r0, sl
10000380:	9500      	str	r5, [sp, #0]
10000382:	f003 fc01 	bl	10003b88 <__wrap_snprintf>
10000386:	4653      	mov	r3, sl
10000388:	781c      	ldrb	r4, [r3, #0]
1000038a:	2c00      	cmp	r4, #0
1000038c:	d018      	beq.n	100003c0 <main+0x140>
1000038e:	4650      	mov	r0, sl
10000390:	2100      	movs	r1, #0
10000392:	2220      	movs	r2, #32
10000394:	9b03      	ldr	r3, [sp, #12]
10000396:	360d      	adds	r6, #13
10000398:	2500      	movs	r5, #0
1000039a:	5f5d      	ldrsh	r5, [r3, r5]
1000039c:	4b17      	ldr	r3, [pc, #92]	@ (100003fc <main+0x17c>)
1000039e:	2900      	cmp	r1, #0
100003a0:	d11f      	bne.n	100003e2 <main+0x162>
100003a2:	42a5      	cmp	r5, r4
100003a4:	d024      	beq.n	100003f0 <main+0x170>
100003a6:	6999      	ldr	r1, [r3, #24]
100003a8:	420a      	tst	r2, r1
100003aa:	d1fc      	bne.n	100003a6 <main+0x126>
100003ac:	601c      	str	r4, [r3, #0]
100003ae:	7801      	ldrb	r1, [r0, #0]
100003b0:	3001      	adds	r0, #1
100003b2:	390d      	subs	r1, #13
100003b4:	424c      	negs	r4, r1
100003b6:	4161      	adcs	r1, r4
100003b8:	7804      	ldrb	r4, [r0, #0]
100003ba:	b2c9      	uxtb	r1, r1
100003bc:	2c00      	cmp	r4, #0
100003be:	d1ee      	bne.n	1000039e <main+0x11e>
100003c0:	20fa      	movs	r0, #250	@ 0xfa
100003c2:	0080      	lsls	r0, r0, #2
100003c4:	f000 fe5c 	bl	10001080 <sleep_ms>
100003c8:	e7af      	b.n	1000032a <main+0xaa>
100003ca:	6999      	ldr	r1, [r3, #24]
100003cc:	420a      	tst	r2, r1
100003ce:	d09a      	beq.n	10000306 <main+0x86>
100003d0:	6999      	ldr	r1, [r3, #24]
100003d2:	420a      	tst	r2, r1
100003d4:	d1f9      	bne.n	100003ca <main+0x14a>
100003d6:	e796      	b.n	10000306 <main+0x86>
100003d8:	6999      	ldr	r1, [r3, #24]
100003da:	420a      	tst	r2, r1
100003dc:	d1fc      	bne.n	100003d8 <main+0x158>
100003de:	601d      	str	r5, [r3, #0]
100003e0:	e78e      	b.n	10000300 <main+0x80>
100003e2:	6999      	ldr	r1, [r3, #24]
100003e4:	420a      	tst	r2, r1
100003e6:	d0e1      	beq.n	100003ac <main+0x12c>
100003e8:	6999      	ldr	r1, [r3, #24]
100003ea:	420a      	tst	r2, r1
100003ec:	d1f9      	bne.n	100003e2 <main+0x162>
100003ee:	e7dd      	b.n	100003ac <main+0x12c>
100003f0:	6999      	ldr	r1, [r3, #24]
100003f2:	420a      	tst	r2, r1
100003f4:	d1fc      	bne.n	100003f0 <main+0x170>
100003f6:	601e      	str	r6, [r3, #0]
100003f8:	e7d5      	b.n	100003a6 <main+0x126>
100003fa:	46c0      	nop			@ (mov r8, r8)
100003fc:	40034000 	.word	0x40034000
10000400:	4004c000 	.word	0x4004c000
10000404:	00000bb8 	.word	0x00000bb8
10000408:	4004d000 	.word	0x4004d000
1000040c:	100064c8 	.word	0x100064c8
10000410:	20001c7c 	.word	0x20001c7c
10000414:	100064d4 	.word	0x100064d4
10000418:	100064e4 	.word	0x100064e4
1000041c:	10006500 	.word	0x10006500
10000420:	4004e000 	.word	0x4004e000
10000424:	00000ce4 	.word	0x00000ce4
10000428:	00000fff 	.word	0x00000fff

1000042c <gpio_set_function>:
1000042c:	4a09      	ldr	r2, [pc, #36]	@ (10000454 <gpio_set_function+0x28>)
1000042e:	0083      	lsls	r3, r0, #2
10000430:	189a      	adds	r2, r3, r2
10000432:	b510      	push	{r4, lr}
10000434:	6814      	ldr	r4, [r2, #0]
10000436:	2240      	movs	r2, #64	@ 0x40
10000438:	4054      	eors	r4, r2
1000043a:	3280      	adds	r2, #128	@ 0x80
1000043c:	4022      	ands	r2, r4
1000043e:	4c06      	ldr	r4, [pc, #24]	@ (10000458 <gpio_set_function+0x2c>)
10000440:	00c0      	lsls	r0, r0, #3
10000442:	46a4      	mov	ip, r4
10000444:	4463      	add	r3, ip
10000446:	601a      	str	r2, [r3, #0]
10000448:	4b04      	ldr	r3, [pc, #16]	@ (1000045c <gpio_set_function+0x30>)
1000044a:	469c      	mov	ip, r3
1000044c:	4460      	add	r0, ip
1000044e:	6041      	str	r1, [r0, #4]
10000450:	bd10      	pop	{r4, pc}
10000452:	46c0      	nop			@ (mov r8, r8)
10000454:	4001c004 	.word	0x4001c004
10000458:	4001d004 	.word	0x4001d004
1000045c:	40014000 	.word	0x40014000

10000460 <gpio_set_pulls>:
10000460:	4b07      	ldr	r3, [pc, #28]	@ (10000480 <gpio_set_pulls+0x20>)
10000462:	0080      	lsls	r0, r0, #2
10000464:	18c3      	adds	r3, r0, r3
10000466:	681b      	ldr	r3, [r3, #0]
10000468:	00c9      	lsls	r1, r1, #3
1000046a:	0092      	lsls	r2, r2, #2
1000046c:	430a      	orrs	r2, r1
1000046e:	405a      	eors	r2, r3
10000470:	230c      	movs	r3, #12
10000472:	4013      	ands	r3, r2
10000474:	4a03      	ldr	r2, [pc, #12]	@ (10000484 <gpio_set_pulls+0x24>)
10000476:	4694      	mov	ip, r2
10000478:	4460      	add	r0, ip
1000047a:	6003      	str	r3, [r0, #0]
1000047c:	4770      	bx	lr
1000047e:	46c0      	nop			@ (mov r8, r8)
10000480:	4001c004 	.word	0x4001c004
10000484:	4001d004 	.word	0x4001d004

10000488 <gpio_set_input_enabled>:
10000488:	0080      	lsls	r0, r0, #2
1000048a:	2900      	cmp	r1, #0
1000048c:	d005      	beq.n	1000049a <gpio_set_input_enabled+0x12>
1000048e:	4b06      	ldr	r3, [pc, #24]	@ (100004a8 <gpio_set_input_enabled+0x20>)
10000490:	469c      	mov	ip, r3
10000492:	2340      	movs	r3, #64	@ 0x40
10000494:	4460      	add	r0, ip
10000496:	6003      	str	r3, [r0, #0]
10000498:	4770      	bx	lr
1000049a:	4b04      	ldr	r3, [pc, #16]	@ (100004ac <gpio_set_input_enabled+0x24>)
1000049c:	469c      	mov	ip, r3
1000049e:	2340      	movs	r3, #64	@ 0x40
100004a0:	4460      	add	r0, ip
100004a2:	6003      	str	r3, [r0, #0]
100004a4:	e7f8      	b.n	10000498 <gpio_set_input_enabled+0x10>
100004a6:	46c0      	nop			@ (mov r8, r8)
100004a8:	4001e004 	.word	0x4001e004
100004ac:	4001f004 	.word	0x4001f004

100004b0 <rp2040_chip_version>:
100004b0:	2380      	movs	r3, #128	@ 0x80
100004b2:	05db      	lsls	r3, r3, #23
100004b4:	6818      	ldr	r0, [r3, #0]
100004b6:	0f00      	lsrs	r0, r0, #28
100004b8:	4770      	bx	lr
100004ba:	46c0      	nop			@ (mov r8, r8)

100004bc <panic>:
100004bc:	b40f      	push	{r0, r1, r2, r3}
100004be:	b500      	push	{lr}
100004c0:	4808      	ldr	r0, [pc, #32]	@ (100004e4 <panic+0x28>)
100004c2:	b083      	sub	sp, #12
100004c4:	f003 fd2c 	bl	10003f20 <__wrap_puts>
100004c8:	9b04      	ldr	r3, [sp, #16]
100004ca:	2b00      	cmp	r3, #0
100004cc:	d007      	beq.n	100004de <panic+0x22>
100004ce:	a905      	add	r1, sp, #20
100004d0:	0018      	movs	r0, r3
100004d2:	9101      	str	r1, [sp, #4]
100004d4:	f003 fb7e 	bl	10003bd4 <weak_raw_vprintf>
100004d8:	4803      	ldr	r0, [pc, #12]	@ (100004e8 <panic+0x2c>)
100004da:	f003 fd21 	bl	10003f20 <__wrap_puts>
100004de:	2001      	movs	r0, #1
100004e0:	f003 fb90 	bl	10003c04 <_exit>
100004e4:	10006518 	.word	0x10006518
100004e8:	10006514 	.word	0x10006514

100004ec <hw_claim_or_assert>:
100004ec:	b570      	push	{r4, r5, r6, lr}
100004ee:	f3ef 8c10 	mrs	ip, PRIMASK
100004f2:	b672      	cpsid	i
100004f4:	4d0d      	ldr	r5, [pc, #52]	@ (1000052c <hw_claim_or_assert+0x40>)
100004f6:	682b      	ldr	r3, [r5, #0]
100004f8:	2b00      	cmp	r3, #0
100004fa:	d0fc      	beq.n	100004f6 <hw_claim_or_assert+0xa>
100004fc:	f3bf 8f5f 	dmb	sy
10000500:	2407      	movs	r4, #7
10000502:	08cb      	lsrs	r3, r1, #3
10000504:	18c6      	adds	r6, r0, r3
10000506:	5cc0      	ldrb	r0, [r0, r3]
10000508:	2301      	movs	r3, #1
1000050a:	400c      	ands	r4, r1
1000050c:	40a3      	lsls	r3, r4
1000050e:	001c      	movs	r4, r3
10000510:	4004      	ands	r4, r0
10000512:	4203      	tst	r3, r0
10000514:	d107      	bne.n	10000526 <hw_claim_or_assert+0x3a>
10000516:	4318      	orrs	r0, r3
10000518:	7030      	strb	r0, [r6, #0]
1000051a:	f3bf 8f5f 	dmb	sy
1000051e:	602c      	str	r4, [r5, #0]
10000520:	f38c 8810 	msr	PRIMASK, ip
10000524:	bd70      	pop	{r4, r5, r6, pc}
10000526:	0010      	movs	r0, r2
10000528:	f7ff ffc8 	bl	100004bc <panic>
1000052c:	d000012c 	.word	0xd000012c

10000530 <hw_claim_unused_from_range>:
10000530:	b5f8      	push	{r3, r4, r5, r6, r7, lr}
10000532:	4647      	mov	r7, r8
10000534:	46ce      	mov	lr, r9
10000536:	4688      	mov	r8, r1
10000538:	b580      	push	{r7, lr}
1000053a:	f3ef 8c10 	mrs	ip, PRIMASK
1000053e:	b672      	cpsid	i
10000540:	4d1c      	ldr	r5, [pc, #112]	@ (100005b4 <hw_claim_unused_from_range+0x84>)
10000542:	682c      	ldr	r4, [r5, #0]
10000544:	2c00      	cmp	r4, #0
10000546:	d0fc      	beq.n	10000542 <hw_claim_unused_from_range+0x12>
10000548:	f3bf 8f5f 	dmb	sy
1000054c:	429a      	cmp	r2, r3
1000054e:	d822      	bhi.n	10000596 <hw_claim_unused_from_range+0x66>
10000550:	2107      	movs	r1, #7
10000552:	2601      	movs	r6, #1
10000554:	4689      	mov	r9, r1
10000556:	e002      	b.n	1000055e <hw_claim_unused_from_range+0x2e>
10000558:	3201      	adds	r2, #1
1000055a:	4293      	cmp	r3, r2
1000055c:	d318      	bcc.n	10000590 <hw_claim_unused_from_range+0x60>
1000055e:	464d      	mov	r5, r9
10000560:	0037      	movs	r7, r6
10000562:	4015      	ands	r5, r2
10000564:	40af      	lsls	r7, r5
10000566:	08d4      	lsrs	r4, r2, #3
10000568:	1901      	adds	r1, r0, r4
1000056a:	5d04      	ldrb	r4, [r0, r4]
1000056c:	4227      	tst	r7, r4
1000056e:	d1f3      	bne.n	10000558 <hw_claim_unused_from_range+0x28>
10000570:	0010      	movs	r0, r2
10000572:	433c      	orrs	r4, r7
10000574:	700c      	strb	r4, [r1, #0]
10000576:	f3bf 8f5f 	dmb	sy
1000057a:	2200      	movs	r2, #0
1000057c:	4b0d      	ldr	r3, [pc, #52]	@ (100005b4 <hw_claim_unused_from_range+0x84>)
1000057e:	601a      	str	r2, [r3, #0]
10000580:	f38c 8810 	msr	PRIMASK, ip
10000584:	2800      	cmp	r0, #0
10000586:	db0e      	blt.n	100005a6 <hw_claim_unused_from_range+0x76>
10000588:	bcc0      	pop	{r6, r7}
1000058a:	46b9      	mov	r9, r7
1000058c:	46b0      	mov	r8, r6
1000058e:	bdf8      	pop	{r3, r4, r5, r6, r7, pc}
10000590:	2001      	movs	r0, #1
10000592:	4240      	negs	r0, r0
10000594:	e7ef      	b.n	10000576 <hw_claim_unused_from_range+0x46>
10000596:	f3bf 8f5f 	dmb	sy
1000059a:	2300      	movs	r3, #0
1000059c:	602b      	str	r3, [r5, #0]
1000059e:	f38c 8810 	msr	PRIMASK, ip
100005a2:	2001      	movs	r0, #1
100005a4:	4240      	negs	r0, r0
100005a6:	4643      	mov	r3, r8
100005a8:	2b00      	cmp	r3, #0
100005aa:	d0ed      	beq.n	10000588 <hw_claim_unused_from_range+0x58>
100005ac:	9808      	ldr	r0, [sp, #32]
100005ae:	f7ff ff85 	bl	100004bc <panic>
100005b2:	46c0      	nop			@ (mov r8, r8)
100005b4:	d000012c 	.word	0xd000012c

100005b8 <next_striped_spin_lock_num>:
100005b8:	4a04      	ldr	r2, [pc, #16]	@ (100005cc <next_striped_spin_lock_num+0x14>)
100005ba:	7810      	ldrb	r0, [r2, #0]
100005bc:	1c43      	adds	r3, r0, #1
100005be:	b2db      	uxtb	r3, r3
100005c0:	2b17      	cmp	r3, #23
100005c2:	d900      	bls.n	100005c6 <next_striped_spin_lock_num+0xe>
100005c4:	2310      	movs	r3, #16
100005c6:	7013      	strb	r3, [r2, #0]
100005c8:	4770      	bx	lr
100005ca:	46c0      	nop			@ (mov r8, r8)
100005cc:	20000f98 	.word	0x20000f98

100005d0 <spin_lock_claim_unused>:
100005d0:	b510      	push	{r4, lr}
100005d2:	4b06      	ldr	r3, [pc, #24]	@ (100005ec <spin_lock_claim_unused+0x1c>)
100005d4:	4c06      	ldr	r4, [pc, #24]	@ (100005f0 <spin_lock_claim_unused+0x20>)
100005d6:	b082      	sub	sp, #8
100005d8:	0001      	movs	r1, r0
100005da:	9300      	str	r3, [sp, #0]
100005dc:	2218      	movs	r2, #24
100005de:	231f      	movs	r3, #31
100005e0:	0020      	movs	r0, r4
100005e2:	f7ff ffa5 	bl	10000530 <hw_claim_unused_from_range>
100005e6:	b002      	add	sp, #8
100005e8:	bd10      	pop	{r4, pc}
100005ea:	46c0      	nop			@ (mov r8, r8)
100005ec:	10006528 	.word	0x10006528
100005f0:	200016dc 	.word	0x200016dc

100005f4 <spin_locks_reset>:
100005f4:	2100      	movs	r1, #0
100005f6:	4b04      	ldr	r3, [pc, #16]	@ (10000608 <spin_locks_reset+0x14>)
100005f8:	4a04      	ldr	r2, [pc, #16]	@ (1000060c <spin_locks_reset+0x18>)
100005fa:	f3bf 8f5f 	dmb	sy
100005fe:	c302      	stmia	r3!, {r1}
10000600:	4293      	cmp	r3, r2
10000602:	d1fa      	bne.n	100005fa <spin_locks_reset+0x6>
10000604:	4770      	bx	lr
10000606:	46c0      	nop			@ (mov r8, r8)
10000608:	d0000100 	.word	0xd0000100
1000060c:	d0000180 	.word	0xd0000180

10000610 <runtime_init_per_core_irq_priorities>:
10000610:	4b05      	ldr	r3, [pc, #20]	@ (10000628 <runtime_init_per_core_irq_priorities+0x18>)
10000612:	4a06      	ldr	r2, [pc, #24]	@ (1000062c <runtime_init_per_core_irq_priorities+0x1c>)
10000614:	6013      	str	r3, [r2, #0]
10000616:	4a06      	ldr	r2, [pc, #24]	@ (10000630 <runtime_init_per_core_irq_priorities+0x20>)
10000618:	6013      	str	r3, [r2, #0]
1000061a:	6053      	str	r3, [r2, #4]
1000061c:	6093      	str	r3, [r2, #8]
1000061e:	60d3      	str	r3, [r2, #12]
10000620:	6113      	str	r3, [r2, #16]
10000622:	6153      	str	r3, [r2, #20]
10000624:	6193      	str	r3, [r2, #24]
10000626:	4770      	bx	lr
10000628:	80808080 	.word	0x80808080
1000062c:	e000e400 	.word	0xe000e400
10000630:	e000e404 	.word	0xe000e404

10000634 <irq_set_enabled>:
10000634:	231f      	movs	r3, #31
10000636:	4018      	ands	r0, r3
10000638:	3b1e      	subs	r3, #30
1000063a:	4083      	lsls	r3, r0
1000063c:	2900      	cmp	r1, #0
1000063e:	d005      	beq.n	1000064c <irq_set_enabled+0x18>
10000640:	21c0      	movs	r1, #192	@ 0xc0
10000642:	4a04      	ldr	r2, [pc, #16]	@ (10000654 <irq_set_enabled+0x20>)
10000644:	0049      	lsls	r1, r1, #1
10000646:	5053      	str	r3, [r2, r1]
10000648:	6013      	str	r3, [r2, #0]
1000064a:	4770      	bx	lr
1000064c:	2280      	movs	r2, #128	@ 0x80
1000064e:	4901      	ldr	r1, [pc, #4]	@ (10000654 <irq_set_enabled+0x20>)
10000650:	508b      	str	r3, [r1, r2]
10000652:	e7fa      	b.n	1000064a <irq_set_enabled+0x16>
10000654:	e000e100 	.word	0xe000e100

10000658 <irq_is_enabled>:
10000658:	2201      	movs	r2, #1
1000065a:	4082      	lsls	r2, r0
1000065c:	4b03      	ldr	r3, [pc, #12]	@ (1000066c <irq_is_enabled+0x14>)
1000065e:	681b      	ldr	r3, [r3, #0]
10000660:	4013      	ands	r3, r2
10000662:	1e5a      	subs	r2, r3, #1
10000664:	4193      	sbcs	r3, r2
10000666:	b2d8      	uxtb	r0, r3
10000668:	4770      	bx	lr
1000066a:	46c0      	nop			@ (mov r8, r8)
1000066c:	e000e100 	.word	0xe000e100

10000670 <irq_set_pending>:
10000670:	2301      	movs	r3, #1
10000672:	4083      	lsls	r3, r0
10000674:	4a01      	ldr	r2, [pc, #4]	@ (1000067c <irq_set_pending+0xc>)
10000676:	6013      	str	r3, [r2, #0]
10000678:	4770      	bx	lr
1000067a:	46c0      	nop			@ (mov r8, r8)
1000067c:	e000e200 	.word	0xe000e200

10000680 <irq_has_shared_handler>:
10000680:	4b06      	ldr	r3, [pc, #24]	@ (1000069c <irq_has_shared_handler+0x1c>)
10000682:	3010      	adds	r0, #16
10000684:	689b      	ldr	r3, [r3, #8]
10000686:	0080      	lsls	r0, r0, #2
10000688:	58c3      	ldr	r3, [r0, r3]
1000068a:	4a05      	ldr	r2, [pc, #20]	@ (100006a0 <irq_has_shared_handler+0x20>)
1000068c:	2000      	movs	r0, #0
1000068e:	1a9b      	subs	r3, r3, r2
10000690:	2247      	movs	r2, #71	@ 0x47
10000692:	429a      	cmp	r2, r3
10000694:	4140      	adcs	r0, r0
10000696:	b2c0      	uxtb	r0, r0
10000698:	4770      	bx	lr
1000069a:	46c0      	nop			@ (mov r8, r8)
1000069c:	e000ed00 	.word	0xe000ed00
100006a0:	20000f9c 	.word	0x20000f9c

100006a4 <irq_set_exclusive_handler>:
100006a4:	b510      	push	{r4, lr}
100006a6:	f3ef 8c10 	mrs	ip, PRIMASK
100006aa:	b672      	cpsid	i
100006ac:	4a0f      	ldr	r2, [pc, #60]	@ (100006ec <irq_set_exclusive_handler+0x48>)
100006ae:	6813      	ldr	r3, [r2, #0]
100006b0:	2b00      	cmp	r3, #0
100006b2:	d0fc      	beq.n	100006ae <irq_set_exclusive_handler+0xa>
100006b4:	f3bf 8f5f 	dmb	sy
100006b8:	4b0d      	ldr	r3, [pc, #52]	@ (100006f0 <irq_set_exclusive_handler+0x4c>)
100006ba:	3010      	adds	r0, #16
100006bc:	689b      	ldr	r3, [r3, #8]
100006be:	0080      	lsls	r0, r0, #2
100006c0:	581b      	ldr	r3, [r3, r0]
100006c2:	4a0c      	ldr	r2, [pc, #48]	@ (100006f4 <irq_set_exclusive_handler+0x50>)
100006c4:	4293      	cmp	r3, r2
100006c6:	d001      	beq.n	100006cc <irq_set_exclusive_handler+0x28>
100006c8:	4299      	cmp	r1, r3
100006ca:	d10c      	bne.n	100006e6 <irq_set_exclusive_handler+0x42>
100006cc:	4b08      	ldr	r3, [pc, #32]	@ (100006f0 <irq_set_exclusive_handler+0x4c>)
100006ce:	689b      	ldr	r3, [r3, #8]
100006d0:	5019      	str	r1, [r3, r0]
100006d2:	f3bf 8f5f 	dmb	sy
100006d6:	f3bf 8f5f 	dmb	sy
100006da:	2200      	movs	r2, #0
100006dc:	4b03      	ldr	r3, [pc, #12]	@ (100006ec <irq_set_exclusive_handler+0x48>)
100006de:	601a      	str	r2, [r3, #0]
100006e0:	f38c 8810 	msr	PRIMASK, ip
100006e4:	bd10      	pop	{r4, pc}
100006e6:	f001 f8cd 	bl	10001884 <hard_assertion_failure>
100006ea:	46c0      	nop			@ (mov r8, r8)
100006ec:	d0000124 	.word	0xd0000124
100006f0:	e000ed00 	.word	0xe000ed00
100006f4:	100001c1 	.word	0x100001c1

100006f8 <irq_add_shared_handler>:
100006f8:	b5f0      	push	{r4, r5, r6, r7, lr}
100006fa:	4657      	mov	r7, sl
100006fc:	464e      	mov	r6, r9
100006fe:	46de      	mov	lr, fp
10000700:	4645      	mov	r5, r8
10000702:	b5e0      	push	{r5, r6, r7, lr}
10000704:	468a      	mov	sl, r1
10000706:	b085      	sub	sp, #20
10000708:	0006      	movs	r6, r0
1000070a:	f3ef 8910 	mrs	r9, PRIMASK
1000070e:	b672      	cpsid	i
10000710:	4963      	ldr	r1, [pc, #396]	@ (100008a0 <irq_add_shared_handler+0x1a8>)
10000712:	680b      	ldr	r3, [r1, #0]
10000714:	2b00      	cmp	r3, #0
10000716:	d0fc      	beq.n	10000712 <irq_add_shared_handler+0x1a>
10000718:	f3bf 8f5f 	dmb	sy
1000071c:	2100      	movs	r1, #0
1000071e:	4b61      	ldr	r3, [pc, #388]	@ (100008a4 <irq_add_shared_handler+0x1ac>)
10000720:	5659      	ldrsb	r1, [r3, r1]
10000722:	468c      	mov	ip, r1
10000724:	2900      	cmp	r1, #0
10000726:	da00      	bge.n	1000072a <irq_add_shared_handler+0x32>
10000728:	e0b7      	b.n	1000089a <irq_add_shared_handler+0x1a2>
1000072a:	0049      	lsls	r1, r1, #1
1000072c:	000d      	movs	r5, r1
1000072e:	4c5e      	ldr	r4, [pc, #376]	@ (100008a8 <irq_add_shared_handler+0x1b0>)
10000730:	4465      	add	r5, ip
10000732:	00ad      	lsls	r5, r5, #2
10000734:	1967      	adds	r7, r4, r5
10000736:	9102      	str	r1, [sp, #8]
10000738:	79b9      	ldrb	r1, [r7, #6]
1000073a:	3610      	adds	r6, #16
1000073c:	7019      	strb	r1, [r3, #0]
1000073e:	4b5b      	ldr	r3, [pc, #364]	@ (100008ac <irq_add_shared_handler+0x1b4>)
10000740:	00b1      	lsls	r1, r6, #2
10000742:	689b      	ldr	r3, [r3, #8]
10000744:	9101      	str	r1, [sp, #4]
10000746:	585b      	ldr	r3, [r3, r1]
10000748:	1b19      	subs	r1, r3, r4
1000074a:	2947      	cmp	r1, #71	@ 0x47
1000074c:	d835      	bhi.n	100007ba <irq_add_shared_handler+0xc2>
1000074e:	2101      	movs	r1, #1
10000750:	0018      	movs	r0, r3
10000752:	4388      	bics	r0, r1
10000754:	79c6      	ldrb	r6, [r0, #7]
10000756:	4296      	cmp	r6, r2
10000758:	d800      	bhi.n	1000075c <irq_add_shared_handler+0x64>
1000075a:	e075      	b.n	10000848 <irq_add_shared_handler+0x150>
1000075c:	469b      	mov	fp, r3
1000075e:	9b02      	ldr	r3, [sp, #8]
10000760:	9e01      	ldr	r6, [sp, #4]
10000762:	4698      	mov	r8, r3
10000764:	9503      	str	r5, [sp, #12]
10000766:	e007      	b.n	10000778 <irq_add_shared_handler+0x80>
10000768:	004d      	lsls	r5, r1, #1
1000076a:	186d      	adds	r5, r5, r1
1000076c:	00ad      	lsls	r5, r5, #2
1000076e:	1965      	adds	r5, r4, r5
10000770:	79eb      	ldrb	r3, [r5, #7]
10000772:	4293      	cmp	r3, r2
10000774:	d94e      	bls.n	10000814 <irq_add_shared_handler+0x11c>
10000776:	0028      	movs	r0, r5
10000778:	2106      	movs	r1, #6
1000077a:	5641      	ldrsb	r1, [r0, r1]
1000077c:	2900      	cmp	r1, #0
1000077e:	daf3      	bge.n	10000768 <irq_add_shared_handler+0x70>
10000780:	4645      	mov	r5, r8
10000782:	465b      	mov	r3, fp
10000784:	9601      	str	r6, [sp, #4]
10000786:	9502      	str	r5, [sp, #8]
10000788:	1d06      	adds	r6, r0, #4
1000078a:	4d49      	ldr	r5, [pc, #292]	@ (100008b0 <irq_add_shared_handler+0x1b8>)
1000078c:	9603      	str	r6, [sp, #12]
1000078e:	9e03      	ldr	r6, [sp, #12]
10000790:	3f04      	subs	r7, #4
10000792:	1bbf      	subs	r7, r7, r6
10000794:	053f      	lsls	r7, r7, #20
10000796:	4e47      	ldr	r6, [pc, #284]	@ (100008b4 <irq_add_shared_handler+0x1bc>)
10000798:	0d7f      	lsrs	r7, r7, #21
1000079a:	4337      	orrs	r7, r6
1000079c:	4666      	mov	r6, ip
1000079e:	8087      	strh	r7, [r0, #4]
100007a0:	7186      	strb	r6, [r0, #6]
100007a2:	9802      	ldr	r0, [sp, #8]
100007a4:	4460      	add	r0, ip
100007a6:	0080      	lsls	r0, r0, #2
100007a8:	1824      	adds	r4, r4, r0
100007aa:	71e2      	strb	r2, [r4, #7]
100007ac:	4652      	mov	r2, sl
100007ae:	4842      	ldr	r0, [pc, #264]	@ (100008b8 <irq_add_shared_handler+0x1c0>)
100007b0:	80a5      	strh	r5, [r4, #4]
100007b2:	6020      	str	r0, [r4, #0]
100007b4:	71a1      	strb	r1, [r4, #6]
100007b6:	60a2      	str	r2, [r4, #8]
100007b8:	e018      	b.n	100007ec <irq_add_shared_handler+0xf4>
100007ba:	4940      	ldr	r1, [pc, #256]	@ (100008bc <irq_add_shared_handler+0x1c4>)
100007bc:	428b      	cmp	r3, r1
100007be:	d000      	beq.n	100007c2 <irq_add_shared_handler+0xca>
100007c0:	e06b      	b.n	1000089a <irq_add_shared_handler+0x1a2>
100007c2:	4b3f      	ldr	r3, [pc, #252]	@ (100008c0 <irq_add_shared_handler+0x1c8>)
100007c4:	493b      	ldr	r1, [pc, #236]	@ (100008b4 <irq_add_shared_handler+0x1bc>)
100007c6:	5363      	strh	r3, [r4, r5]
100007c8:	4b3e      	ldr	r3, [pc, #248]	@ (100008c4 <irq_add_shared_handler+0x1cc>)
100007ca:	3502      	adds	r5, #2
100007cc:	3b04      	subs	r3, #4
100007ce:	1965      	adds	r5, r4, r5
100007d0:	1b5b      	subs	r3, r3, r5
100007d2:	051b      	lsls	r3, r3, #20
100007d4:	0d5b      	lsrs	r3, r3, #21
100007d6:	430b      	orrs	r3, r1
100007d8:	807b      	strh	r3, [r7, #2]
100007da:	4b3b      	ldr	r3, [pc, #236]	@ (100008c8 <irq_add_shared_handler+0x1d0>)
100007dc:	71fa      	strb	r2, [r7, #7]
100007de:	80bb      	strh	r3, [r7, #4]
100007e0:	23ff      	movs	r3, #255	@ 0xff
100007e2:	71bb      	strb	r3, [r7, #6]
100007e4:	4653      	mov	r3, sl
100007e6:	60bb      	str	r3, [r7, #8]
100007e8:	2301      	movs	r3, #1
100007ea:	433b      	orrs	r3, r7
100007ec:	4a2f      	ldr	r2, [pc, #188]	@ (100008ac <irq_add_shared_handler+0x1b4>)
100007ee:	9901      	ldr	r1, [sp, #4]
100007f0:	6892      	ldr	r2, [r2, #8]
100007f2:	5053      	str	r3, [r2, r1]
100007f4:	f3bf 8f5f 	dmb	sy
100007f8:	f3bf 8f5f 	dmb	sy
100007fc:	2200      	movs	r2, #0
100007fe:	4b28      	ldr	r3, [pc, #160]	@ (100008a0 <irq_add_shared_handler+0x1a8>)
10000800:	601a      	str	r2, [r3, #0]
10000802:	f389 8810 	msr	PRIMASK, r9
10000806:	b005      	add	sp, #20
10000808:	bcf0      	pop	{r4, r5, r6, r7}
1000080a:	46bb      	mov	fp, r7
1000080c:	46b2      	mov	sl, r6
1000080e:	46a9      	mov	r9, r5
10000810:	46a0      	mov	r8, r4
10000812:	bdf0      	pop	{r4, r5, r6, r7, pc}
10000814:	9601      	str	r6, [sp, #4]
10000816:	4646      	mov	r6, r8
10000818:	9602      	str	r6, [sp, #8]
1000081a:	8886      	ldrh	r6, [r0, #4]
1000081c:	465b      	mov	r3, fp
1000081e:	0576      	lsls	r6, r6, #21
10000820:	46b3      	mov	fp, r6
10000822:	1d06      	adds	r6, r0, #4
10000824:	9d03      	ldr	r5, [sp, #12]
10000826:	9603      	str	r6, [sp, #12]
10000828:	465e      	mov	r6, fp
1000082a:	1536      	asrs	r6, r6, #20
1000082c:	46b3      	mov	fp, r6
1000082e:	1d06      	adds	r6, r0, #4
10000830:	46b0      	mov	r8, r6
10000832:	44c3      	add	fp, r8
10000834:	465e      	mov	r6, fp
10000836:	3504      	adds	r5, #4
10000838:	1965      	adds	r5, r4, r5
1000083a:	1b75      	subs	r5, r6, r5
1000083c:	26e0      	movs	r6, #224	@ 0xe0
1000083e:	052d      	lsls	r5, r5, #20
10000840:	0d6d      	lsrs	r5, r5, #21
10000842:	0236      	lsls	r6, r6, #8
10000844:	4335      	orrs	r5, r6
10000846:	e7a2      	b.n	1000078e <irq_add_shared_handler+0x96>
10000848:	4b20      	ldr	r3, [pc, #128]	@ (100008cc <irq_add_shared_handler+0x1d4>)
1000084a:	71fa      	strb	r2, [r7, #7]
1000084c:	469c      	mov	ip, r3
1000084e:	0003      	movs	r3, r0
10000850:	4666      	mov	r6, ip
10000852:	1b1b      	subs	r3, r3, r4
10000854:	415b      	adcs	r3, r3
10000856:	435e      	muls	r6, r3
10000858:	0d36      	lsrs	r6, r6, #20
1000085a:	46b4      	mov	ip, r6
1000085c:	1cae      	adds	r6, r5, #2
1000085e:	46b0      	mov	r8, r6
10000860:	44a0      	add	r8, r4
10000862:	4646      	mov	r6, r8
10000864:	4b16      	ldr	r3, [pc, #88]	@ (100008c0 <irq_add_shared_handler+0x1c8>)
10000866:	5363      	strh	r3, [r4, r5]
10000868:	4b16      	ldr	r3, [pc, #88]	@ (100008c4 <irq_add_shared_handler+0x1cc>)
1000086a:	3504      	adds	r5, #4
1000086c:	3b04      	subs	r3, #4
1000086e:	1b9b      	subs	r3, r3, r6
10000870:	051b      	lsls	r3, r3, #20
10000872:	4e10      	ldr	r6, [pc, #64]	@ (100008b4 <irq_add_shared_handler+0x1bc>)
10000874:	0d5b      	lsrs	r3, r3, #21
10000876:	4333      	orrs	r3, r6
10000878:	807b      	strh	r3, [r7, #2]
1000087a:	1963      	adds	r3, r4, r5
1000087c:	1ac3      	subs	r3, r0, r3
1000087e:	3b04      	subs	r3, #4
10000880:	051b      	lsls	r3, r3, #20
10000882:	0d5b      	lsrs	r3, r3, #21
10000884:	4333      	orrs	r3, r6
10000886:	80bb      	strh	r3, [r7, #4]
10000888:	4663      	mov	r3, ip
1000088a:	71bb      	strb	r3, [r7, #6]
1000088c:	4653      	mov	r3, sl
1000088e:	60bb      	str	r3, [r7, #8]
10000890:	4b09      	ldr	r3, [pc, #36]	@ (100008b8 <irq_add_shared_handler+0x1c0>)
10000892:	6003      	str	r3, [r0, #0]
10000894:	003b      	movs	r3, r7
10000896:	430b      	orrs	r3, r1
10000898:	e7a8      	b.n	100007ec <irq_add_shared_handler+0xf4>
1000089a:	f000 fff3 	bl	10001884 <hard_assertion_failure>
1000089e:	46c0      	nop			@ (mov r8, r8)
100008a0:	d0000124 	.word	0xd0000124
100008a4:	20001c95 	.word	0x20001c95
100008a8:	20000f9c 	.word	0x20000f9c
100008ac:	e000ed00 	.word	0xe000ed00
100008b0:	0000bd01 	.word	0x0000bd01
100008b4:	ffffe000 	.word	0xffffe000
100008b8:	47804801 	.word	0x47804801
100008bc:	100001c1 	.word	0x100001c1
100008c0:	ffffa100 	.word	0xffffa100
100008c4:	20000fe4 	.word	0x20000fe4
100008c8:	ffffbd01 	.word	0xffffbd01
100008cc:	0000aaaa 	.word	0x0000aaaa

100008d0 <irq_add_tail_to_free_list>:
100008d0:	b570      	push	{r4, r5, r6, lr}
100008d2:	2401      	movs	r4, #1
100008d4:	4304      	orrs	r4, r0
100008d6:	f3ef 8105 	mrs	r1, IPSR
100008da:	f3ef 8c10 	mrs	ip, PRIMASK
100008de:	b672      	cpsid	i
100008e0:	4a27      	ldr	r2, [pc, #156]	@ (10000980 <irq_add_tail_to_free_list+0xb0>)
100008e2:	6813      	ldr	r3, [r2, #0]
100008e4:	2b00      	cmp	r3, #0
100008e6:	d0fc      	beq.n	100008e2 <irq_add_tail_to_free_list+0x12>
100008e8:	f3bf 8f5f 	dmb	sy
100008ec:	4a25      	ldr	r2, [pc, #148]	@ (10000984 <irq_add_tail_to_free_list+0xb4>)
100008ee:	0005      	movs	r5, r0
100008f0:	4b25      	ldr	r3, [pc, #148]	@ (10000988 <irq_add_tail_to_free_list+0xb8>)
100008f2:	1aad      	subs	r5, r5, r2
100008f4:	416d      	adcs	r5, r5
100008f6:	436b      	muls	r3, r5
100008f8:	0d1b      	lsrs	r3, r3, #20
100008fa:	4d24      	ldr	r5, [pc, #144]	@ (1000098c <irq_add_tail_to_free_list+0xbc>)
100008fc:	0089      	lsls	r1, r1, #2
100008fe:	68ae      	ldr	r6, [r5, #8]
10000900:	b25b      	sxtb	r3, r3
10000902:	5876      	ldr	r6, [r6, r1]
10000904:	42a6      	cmp	r6, r4
10000906:	d024      	beq.n	10000952 <irq_add_tail_to_free_list+0x82>
10000908:	2106      	movs	r1, #6
1000090a:	5651      	ldrsb	r1, [r2, r1]
1000090c:	4299      	cmp	r1, r3
1000090e:	d024      	beq.n	1000095a <irq_add_tail_to_free_list+0x8a>
10000910:	2112      	movs	r1, #18
10000912:	5651      	ldrsb	r1, [r2, r1]
10000914:	4299      	cmp	r1, r3
10000916:	d02a      	beq.n	1000096e <irq_add_tail_to_free_list+0x9e>
10000918:	211e      	movs	r1, #30
1000091a:	5651      	ldrsb	r1, [r2, r1]
1000091c:	4299      	cmp	r1, r3
1000091e:	d028      	beq.n	10000972 <irq_add_tail_to_free_list+0xa2>
10000920:	212a      	movs	r1, #42	@ 0x2a
10000922:	5651      	ldrsb	r1, [r2, r1]
10000924:	4299      	cmp	r1, r3
10000926:	d026      	beq.n	10000976 <irq_add_tail_to_free_list+0xa6>
10000928:	2136      	movs	r1, #54	@ 0x36
1000092a:	5651      	ldrsb	r1, [r2, r1]
1000092c:	4299      	cmp	r1, r3
1000092e:	d024      	beq.n	1000097a <irq_add_tail_to_free_list+0xaa>
10000930:	2142      	movs	r1, #66	@ 0x42
10000932:	5651      	ldrsb	r1, [r2, r1]
10000934:	2405      	movs	r4, #5
10000936:	4299      	cmp	r1, r3
10000938:	d010      	beq.n	1000095c <irq_add_tail_to_free_list+0x8c>
1000093a:	4a15      	ldr	r2, [pc, #84]	@ (10000990 <irq_add_tail_to_free_list+0xc0>)
1000093c:	7811      	ldrb	r1, [r2, #0]
1000093e:	7013      	strb	r3, [r2, #0]
10000940:	7181      	strb	r1, [r0, #6]
10000942:	f3bf 8f5f 	dmb	sy
10000946:	2200      	movs	r2, #0
10000948:	4b0d      	ldr	r3, [pc, #52]	@ (10000980 <irq_add_tail_to_free_list+0xb0>)
1000094a:	601a      	str	r2, [r3, #0]
1000094c:	f38c 8810 	msr	PRIMASK, ip
10000950:	bd70      	pop	{r4, r5, r6, pc}
10000952:	68aa      	ldr	r2, [r5, #8]
10000954:	4c0f      	ldr	r4, [pc, #60]	@ (10000994 <irq_add_tail_to_free_list+0xc4>)
10000956:	5054      	str	r4, [r2, r1]
10000958:	e7ef      	b.n	1000093a <irq_add_tail_to_free_list+0x6a>
1000095a:	2400      	movs	r4, #0
1000095c:	0061      	lsls	r1, r4, #1
1000095e:	1909      	adds	r1, r1, r4
10000960:	0089      	lsls	r1, r1, #2
10000962:	1852      	adds	r2, r2, r1
10000964:	21ff      	movs	r1, #255	@ 0xff
10000966:	7191      	strb	r1, [r2, #6]
10000968:	490b      	ldr	r1, [pc, #44]	@ (10000998 <irq_add_tail_to_free_list+0xc8>)
1000096a:	8091      	strh	r1, [r2, #4]
1000096c:	e7e5      	b.n	1000093a <irq_add_tail_to_free_list+0x6a>
1000096e:	2401      	movs	r4, #1
10000970:	e7f4      	b.n	1000095c <irq_add_tail_to_free_list+0x8c>
10000972:	2402      	movs	r4, #2
10000974:	e7f2      	b.n	1000095c <irq_add_tail_to_free_list+0x8c>
10000976:	2403      	movs	r4, #3
10000978:	e7f0      	b.n	1000095c <irq_add_tail_to_free_list+0x8c>
1000097a:	2404      	movs	r4, #4
1000097c:	e7ee      	b.n	1000095c <irq_add_tail_to_free_list+0x8c>
1000097e:	46c0      	nop			@ (mov r8, r8)
10000980:	d0000124 	.word	0xd0000124
10000984:	20000f9c 	.word	0x20000f9c
10000988:	0000aaaa 	.word	0x0000aaaa
1000098c:	e000ed00 	.word	0xe000ed00
10000990:	20001c95 	.word	0x20001c95
10000994:	100001c1 	.word	0x100001c1
10000998:	ffffbd01 	.word	0xffffbd01

1000099c <user_irq_claim_unused>:
1000099c:	b510      	push	{r4, lr}
1000099e:	4b08      	ldr	r3, [pc, #32]	@ (100009c0 <user_irq_claim_unused+0x24>)
100009a0:	4c08      	ldr	r4, [pc, #32]	@ (100009c4 <user_irq_claim_unused+0x28>)
100009a2:	b082      	sub	sp, #8
100009a4:	0001      	movs	r1, r0
100009a6:	9300      	str	r3, [sp, #0]
100009a8:	2200      	movs	r2, #0
100009aa:	2305      	movs	r3, #5
100009ac:	0020      	movs	r0, r4
100009ae:	f7ff fdbf 	bl	10000530 <hw_claim_unused_from_range>
100009b2:	2800      	cmp	r0, #0
100009b4:	db01      	blt.n	100009ba <user_irq_claim_unused+0x1e>
100009b6:	231f      	movs	r3, #31
100009b8:	1a18      	subs	r0, r3, r0
100009ba:	b002      	add	sp, #8
100009bc:	bd10      	pop	{r4, pc}
100009be:	46c0      	nop			@ (mov r8, r8)
100009c0:	10006544 	.word	0x10006544
100009c4:	20001c99 	.word	0x20001c99

100009c8 <lock_init>:
100009c8:	4b02      	ldr	r3, [pc, #8]	@ (100009d4 <lock_init+0xc>)
100009ca:	469c      	mov	ip, r3
100009cc:	4461      	add	r1, ip
100009ce:	0089      	lsls	r1, r1, #2
100009d0:	6001      	str	r1, [r0, #0]
100009d2:	4770      	bx	lr
100009d4:	34000040 	.word	0x34000040

100009d8 <runtime_init_mutex>:
100009d8:	b570      	push	{r4, r5, r6, lr}
100009da:	4c11      	ldr	r4, [pc, #68]	@ (10000a20 <runtime_init_mutex+0x48>)
100009dc:	4d11      	ldr	r5, [pc, #68]	@ (10000a24 <runtime_init_mutex+0x4c>)
100009de:	42ac      	cmp	r4, r5
100009e0:	d20f      	bcs.n	10000a02 <runtime_init_mutex+0x2a>
100009e2:	26ff      	movs	r6, #255	@ 0xff
100009e4:	6823      	ldr	r3, [r4, #0]
100009e6:	2b00      	cmp	r3, #0
100009e8:	d00c      	beq.n	10000a04 <runtime_init_mutex+0x2c>
100009ea:	f7ff fde5 	bl	100005b8 <next_striped_spin_lock_num>
100009ee:	0001      	movs	r1, r0
100009f0:	0020      	movs	r0, r4
100009f2:	f7ff ffe9 	bl	100009c8 <lock_init>
100009f6:	80a6      	strh	r6, [r4, #4]
100009f8:	f3bf 8f5f 	dmb	sy
100009fc:	3408      	adds	r4, #8
100009fe:	42ac      	cmp	r4, r5
10000a00:	d3f0      	bcc.n	100009e4 <runtime_init_mutex+0xc>
10000a02:	bd70      	pop	{r4, r5, r6, pc}
10000a04:	f7ff fdd8 	bl	100005b8 <next_striped_spin_lock_num>
10000a08:	0001      	movs	r1, r0
10000a0a:	0020      	movs	r0, r4
10000a0c:	f7ff ffdc 	bl	100009c8 <lock_init>
10000a10:	7126      	strb	r6, [r4, #4]
10000a12:	f3bf 8f5f 	dmb	sy
10000a16:	3408      	adds	r4, #8
10000a18:	42ac      	cmp	r4, r5
10000a1a:	d3e3      	bcc.n	100009e4 <runtime_init_mutex+0xc>
10000a1c:	e7f1      	b.n	10000a02 <runtime_init_mutex+0x2a>
10000a1e:	46c0      	nop			@ (mov r8, r8)
10000a20:	20001078 	.word	0x20001078
10000a24:	20001080 	.word	0x20001080

10000a28 <mutex_init>:
10000a28:	b510      	push	{r4, lr}
10000a2a:	0004      	movs	r4, r0
10000a2c:	f7ff fdc4 	bl	100005b8 <next_striped_spin_lock_num>
10000a30:	0001      	movs	r1, r0
10000a32:	0020      	movs	r0, r4
10000a34:	f7ff ffc8 	bl	100009c8 <lock_init>
10000a38:	23ff      	movs	r3, #255	@ 0xff
10000a3a:	7123      	strb	r3, [r4, #4]
10000a3c:	f3bf 8f5f 	dmb	sy
10000a40:	bd10      	pop	{r4, pc}
10000a42:	46c0      	nop			@ (mov r8, r8)

10000a44 <critical_section_init>:
10000a44:	b510      	push	{r4, lr}
10000a46:	0004      	movs	r4, r0
10000a48:	2001      	movs	r0, #1
10000a4a:	f7ff fdc1 	bl	100005d0 <spin_lock_claim_unused>
10000a4e:	4b03      	ldr	r3, [pc, #12]	@ (10000a5c <critical_section_init+0x18>)
10000a50:	18c3      	adds	r3, r0, r3
10000a52:	009b      	lsls	r3, r3, #2
10000a54:	6023      	str	r3, [r4, #0]
10000a56:	f3bf 8f5f 	dmb	sy
10000a5a:	bd10      	pop	{r4, pc}
10000a5c:	34000040 	.word	0x34000040

10000a60 <critical_section_init_with_lock_num>:
10000a60:	4b03      	ldr	r3, [pc, #12]	@ (10000a70 <critical_section_init_with_lock_num+0x10>)
10000a62:	469c      	mov	ip, r3
10000a64:	4461      	add	r1, ip
10000a66:	0089      	lsls	r1, r1, #2
10000a68:	6001      	str	r1, [r0, #0]
10000a6a:	f3bf 8f5f 	dmb	sy
10000a6e:	4770      	bx	lr
10000a70:	34000040 	.word	0x34000040

10000a74 <sleep_until_callback>:
10000a74:	4b0a      	ldr	r3, [pc, #40]	@ (10000aa0 <sleep_until_callback+0x2c>)
10000a76:	6819      	ldr	r1, [r3, #0]
10000a78:	f3ef 8010 	mrs	r0, PRIMASK
10000a7c:	b672      	cpsid	i
10000a7e:	680a      	ldr	r2, [r1, #0]
10000a80:	2a00      	cmp	r2, #0
10000a82:	d0fc      	beq.n	10000a7e <sleep_until_callback+0xa>
10000a84:	f3bf 8f5f 	dmb	sy
10000a88:	681b      	ldr	r3, [r3, #0]
10000a8a:	f3bf 8f5f 	dmb	sy
10000a8e:	2200      	movs	r2, #0
10000a90:	601a      	str	r2, [r3, #0]
10000a92:	f380 8810 	msr	PRIMASK, r0
10000a96:	bf40      	sev
10000a98:	2000      	movs	r0, #0
10000a9a:	2100      	movs	r1, #0
10000a9c:	4770      	bx	lr
10000a9e:	46c0      	nop			@ (mov r8, r8)
10000aa0:	20001c70 	.word	0x20001c70

10000aa4 <alarm_pool_irq_handler>:
10000aa4:	b5f0      	push	{r4, r5, r6, r7, lr}
10000aa6:	46de      	mov	lr, fp
10000aa8:	4657      	mov	r7, sl
10000aaa:	464e      	mov	r6, r9
10000aac:	4645      	mov	r5, r8
10000aae:	b5e0      	push	{r5, r6, r7, lr}
10000ab0:	b087      	sub	sp, #28
10000ab2:	f3ef 8305 	mrs	r3, IPSR
10000ab6:	2203      	movs	r2, #3
10000ab8:	2501      	movs	r5, #1
10000aba:	401a      	ands	r2, r3
10000abc:	4095      	lsls	r5, r2
10000abe:	0091      	lsls	r1, r2, #2
10000ac0:	4688      	mov	r8, r1
10000ac2:	46a9      	mov	r9, r5
10000ac4:	4bb3      	ldr	r3, [pc, #716]	@ (10000d94 <alarm_pool_irq_handler+0x2f0>)
10000ac6:	9203      	str	r2, [sp, #12]
10000ac8:	585c      	ldr	r4, [r3, r1]
10000aca:	4bb3      	ldr	r3, [pc, #716]	@ (10000d98 <alarm_pool_irq_handler+0x2f4>)
10000acc:	601d      	str	r5, [r3, #0]
10000ace:	4bb3      	ldr	r3, [pc, #716]	@ (10000d9c <alarm_pool_irq_handler+0x2f8>)
10000ad0:	9304      	str	r3, [sp, #16]
10000ad2:	464b      	mov	r3, r9
10000ad4:	48b2      	ldr	r0, [pc, #712]	@ (10000da0 <alarm_pool_irq_handler+0x2fc>)
10000ad6:	6343      	str	r3, [r0, #52]	@ 0x34
10000ad8:	2308      	movs	r3, #8
10000ada:	5ee5      	ldrsh	r5, [r4, r3]
10000adc:	2d00      	cmp	r5, #0
10000ade:	da37      	bge.n	10000b50 <alarm_pool_irq_handler+0xac>
10000ae0:	88a3      	ldrh	r3, [r4, #4]
10000ae2:	b21b      	sxth	r3, r3
10000ae4:	2b00      	cmp	r3, #0
10000ae6:	db00      	blt.n	10000aea <alarm_pool_irq_handler+0x46>
10000ae8:	e0ad      	b.n	10000c46 <alarm_pool_irq_handler+0x1a2>
10000aea:	79a3      	ldrb	r3, [r4, #6]
10000aec:	2b00      	cmp	r3, #0
10000aee:	d000      	beq.n	10000af2 <alarm_pool_irq_handler+0x4e>
10000af0:	e0ee      	b.n	10000cd0 <alarm_pool_irq_handler+0x22c>
10000af2:	2308      	movs	r3, #8
10000af4:	5ee0      	ldrsh	r0, [r4, r3]
10000af6:	2800      	cmp	r0, #0
10000af8:	db20      	blt.n	10000b3c <alarm_pool_irq_handler+0x98>
10000afa:	0043      	lsls	r3, r0, #1
10000afc:	6962      	ldr	r2, [r4, #20]
10000afe:	181b      	adds	r3, r3, r0
10000b00:	00db      	lsls	r3, r3, #3
10000b02:	18d3      	adds	r3, r2, r3
10000b04:	689e      	ldr	r6, [r3, #8]
10000b06:	68dd      	ldr	r5, [r3, #12]
10000b08:	1c73      	adds	r3, r6, #1
10000b0a:	d100      	bne.n	10000b0e <alarm_pool_irq_handler+0x6a>
10000b0c:	e111      	b.n	10000d32 <alarm_pool_irq_handler+0x28e>
10000b0e:	48a4      	ldr	r0, [pc, #656]	@ (10000da0 <alarm_pool_irq_handler+0x2fc>)
10000b10:	0001      	movs	r1, r0
10000b12:	4441      	add	r1, r8
10000b14:	6a82      	ldr	r2, [r0, #40]	@ 0x28
10000b16:	690b      	ldr	r3, [r1, #16]
10000b18:	1ab7      	subs	r7, r6, r2
10000b1a:	1a9b      	subs	r3, r3, r2
10000b1c:	429f      	cmp	r7, r3
10000b1e:	d315      	bcc.n	10000b4c <alarm_pool_irq_handler+0xa8>
10000b20:	2301      	movs	r3, #1
10000b22:	6a02      	ldr	r2, [r0, #32]
10000b24:	9803      	ldr	r0, [sp, #12]
10000b26:	4083      	lsls	r3, r0
10000b28:	421a      	tst	r2, r3
10000b2a:	d00f      	beq.n	10000b4c <alarm_pool_irq_handler+0xa8>
10000b2c:	489c      	ldr	r0, [pc, #624]	@ (10000da0 <alarm_pool_irq_handler+0x2fc>)
10000b2e:	f000 fbcd 	bl	100012cc <timer_time_us_64>
10000b32:	428d      	cmp	r5, r1
10000b34:	dc02      	bgt.n	10000b3c <alarm_pool_irq_handler+0x98>
10000b36:	d1cc      	bne.n	10000ad2 <alarm_pool_irq_handler+0x2e>
10000b38:	4286      	cmp	r6, r0
10000b3a:	d9ca      	bls.n	10000ad2 <alarm_pool_irq_handler+0x2e>
10000b3c:	bf40      	sev
10000b3e:	b007      	add	sp, #28
10000b40:	bcf0      	pop	{r4, r5, r6, r7}
10000b42:	46bb      	mov	fp, r7
10000b44:	46b2      	mov	sl, r6
10000b46:	46a9      	mov	r9, r5
10000b48:	46a0      	mov	r8, r4
10000b4a:	bdf0      	pop	{r4, r5, r6, r7, pc}
10000b4c:	610e      	str	r6, [r1, #16]
10000b4e:	e7ed      	b.n	10000b2c <alarm_pool_irq_handler+0x88>
10000b50:	6962      	ldr	r2, [r4, #20]
10000b52:	006b      	lsls	r3, r5, #1
10000b54:	4692      	mov	sl, r2
10000b56:	195b      	adds	r3, r3, r5
10000b58:	00db      	lsls	r3, r3, #3
10000b5a:	449a      	add	sl, r3
10000b5c:	4653      	mov	r3, sl
10000b5e:	689e      	ldr	r6, [r3, #8]
10000b60:	68df      	ldr	r7, [r3, #12]
10000b62:	f000 fbb3 	bl	100012cc <timer_time_us_64>
10000b66:	428f      	cmp	r7, r1
10000b68:	dcba      	bgt.n	10000ae0 <alarm_pool_irq_handler+0x3c>
10000b6a:	d100      	bne.n	10000b6e <alarm_pool_irq_handler+0xca>
10000b6c:	e103      	b.n	10000d76 <alarm_pool_irq_handler+0x2d2>
10000b6e:	2f00      	cmp	r7, #0
10000b70:	da00      	bge.n	10000b74 <alarm_pool_irq_handler+0xd0>
10000b72:	e0e8      	b.n	10000d46 <alarm_pool_irq_handler+0x2a2>
10000b74:	4652      	mov	r2, sl
10000b76:	4653      	mov	r3, sl
10000b78:	6952      	ldr	r2, [r2, #20]
10000b7a:	691b      	ldr	r3, [r3, #16]
10000b7c:	4693      	mov	fp, r2
10000b7e:	9a04      	ldr	r2, [sp, #16]
10000b80:	4293      	cmp	r3, r2
10000b82:	d100      	bne.n	10000b86 <alarm_pool_irq_handler+0xe2>
10000b84:	e0d9      	b.n	10000d3a <alarm_pool_irq_handler+0x296>
10000b86:	4652      	mov	r2, sl
10000b88:	2108      	movs	r1, #8
10000b8a:	5e60      	ldrsh	r0, [r4, r1]
10000b8c:	8852      	ldrh	r2, [r2, #2]
10000b8e:	0400      	lsls	r0, r0, #16
10000b90:	4659      	mov	r1, fp
10000b92:	4310      	orrs	r0, r2
10000b94:	4798      	blx	r3
10000b96:	9000      	str	r0, [sp, #0]
10000b98:	9101      	str	r1, [sp, #4]
10000b9a:	9900      	ldr	r1, [sp, #0]
10000b9c:	9a01      	ldr	r2, [sp, #4]
10000b9e:	000b      	movs	r3, r1
10000ba0:	0010      	movs	r0, r2
10000ba2:	4313      	orrs	r3, r2
10000ba4:	d100      	bne.n	10000ba8 <alarm_pool_irq_handler+0x104>
10000ba6:	e0ce      	b.n	10000d46 <alarm_pool_irq_handler+0x2a2>
10000ba8:	0013      	movs	r3, r2
10000baa:	000a      	movs	r2, r1
10000bac:	1ab6      	subs	r6, r6, r2
10000bae:	419f      	sbcs	r7, r3
10000bb0:	2800      	cmp	r0, #0
10000bb2:	db06      	blt.n	10000bc2 <alarm_pool_irq_handler+0x11e>
10000bb4:	487a      	ldr	r0, [pc, #488]	@ (10000da0 <alarm_pool_irq_handler+0x2fc>)
10000bb6:	f000 fb89 	bl	100012cc <timer_time_us_64>
10000bba:	9e00      	ldr	r6, [sp, #0]
10000bbc:	9f01      	ldr	r7, [sp, #4]
10000bbe:	1836      	adds	r6, r6, r0
10000bc0:	414f      	adcs	r7, r1
10000bc2:	4653      	mov	r3, sl
10000bc4:	609e      	str	r6, [r3, #8]
10000bc6:	60df      	str	r7, [r3, #12]
10000bc8:	2200      	movs	r2, #0
10000bca:	5e9a      	ldrsh	r2, [r3, r2]
10000bcc:	2a00      	cmp	r2, #0
10000bce:	da00      	bge.n	10000bd2 <alarm_pool_irq_handler+0x12e>
10000bd0:	e786      	b.n	10000ae0 <alarm_pool_irq_handler+0x3c>
10000bd2:	0053      	lsls	r3, r2, #1
10000bd4:	1899      	adds	r1, r3, r2
10000bd6:	6960      	ldr	r0, [r4, #20]
10000bd8:	00c9      	lsls	r1, r1, #3
10000bda:	1841      	adds	r1, r0, r1
10000bdc:	9302      	str	r3, [sp, #8]
10000bde:	688b      	ldr	r3, [r1, #8]
10000be0:	68c9      	ldr	r1, [r1, #12]
10000be2:	469b      	mov	fp, r3
10000be4:	42b9      	cmp	r1, r7
10000be6:	dd00      	ble.n	10000bea <alarm_pool_irq_handler+0x146>
10000be8:	e77a      	b.n	10000ae0 <alarm_pool_irq_handler+0x3c>
10000bea:	d102      	bne.n	10000bf2 <alarm_pool_irq_handler+0x14e>
10000bec:	42b3      	cmp	r3, r6
10000bee:	d900      	bls.n	10000bf2 <alarm_pool_irq_handler+0x14e>
10000bf0:	e776      	b.n	10000ae0 <alarm_pool_irq_handler+0x3c>
10000bf2:	2308      	movs	r3, #8
10000bf4:	469c      	mov	ip, r3
10000bf6:	44a4      	add	ip, r4
10000bf8:	9505      	str	r5, [sp, #20]
10000bfa:	4665      	mov	r5, ip
10000bfc:	8122      	strh	r2, [r4, #8]
10000bfe:	46a4      	mov	ip, r4
10000c00:	9b02      	ldr	r3, [sp, #8]
10000c02:	002c      	movs	r4, r5
10000c04:	e006      	b.n	10000c14 <alarm_pool_irq_handler+0x170>
10000c06:	0053      	lsls	r3, r2, #1
10000c08:	1899      	adds	r1, r3, r2
10000c0a:	00c9      	lsls	r1, r1, #3
10000c0c:	1841      	adds	r1, r0, r1
10000c0e:	688d      	ldr	r5, [r1, #8]
10000c10:	68c9      	ldr	r1, [r1, #12]
10000c12:	46ab      	mov	fp, r5
10000c14:	189b      	adds	r3, r3, r2
10000c16:	00db      	lsls	r3, r3, #3
10000c18:	18c3      	adds	r3, r0, r3
10000c1a:	42b9      	cmp	r1, r7
10000c1c:	dc06      	bgt.n	10000c2c <alarm_pool_irq_handler+0x188>
10000c1e:	d100      	bne.n	10000c22 <alarm_pool_irq_handler+0x17e>
10000c20:	e0b3      	b.n	10000d8a <alarm_pool_irq_handler+0x2e6>
10000c22:	001c      	movs	r4, r3
10000c24:	2300      	movs	r3, #0
10000c26:	5ee2      	ldrsh	r2, [r4, r3]
10000c28:	2a00      	cmp	r2, #0
10000c2a:	daec      	bge.n	10000c06 <alarm_pool_irq_handler+0x162>
10000c2c:	0023      	movs	r3, r4
10000c2e:	4664      	mov	r4, ip
10000c30:	469c      	mov	ip, r3
10000c32:	4653      	mov	r3, sl
10000c34:	801a      	strh	r2, [r3, #0]
10000c36:	4663      	mov	r3, ip
10000c38:	9d05      	ldr	r5, [sp, #20]
10000c3a:	801d      	strh	r5, [r3, #0]
10000c3c:	88a3      	ldrh	r3, [r4, #4]
10000c3e:	b21b      	sxth	r3, r3
10000c40:	2b00      	cmp	r3, #0
10000c42:	da00      	bge.n	10000c46 <alarm_pool_irq_handler+0x1a2>
10000c44:	e751      	b.n	10000aea <alarm_pool_irq_handler+0x46>
10000c46:	6922      	ldr	r2, [r4, #16]
10000c48:	f3ef 8110 	mrs	r1, PRIMASK
10000c4c:	b672      	cpsid	i
10000c4e:	6813      	ldr	r3, [r2, #0]
10000c50:	2b00      	cmp	r3, #0
10000c52:	d0fc      	beq.n	10000c4e <alarm_pool_irq_handler+0x1aa>
10000c54:	f3bf 8f5f 	dmb	sy
10000c58:	2301      	movs	r3, #1
10000c5a:	88a7      	ldrh	r7, [r4, #4]
10000c5c:	425b      	negs	r3, r3
10000c5e:	80a3      	strh	r3, [r4, #4]
10000c60:	b23f      	sxth	r7, r7
10000c62:	6923      	ldr	r3, [r4, #16]
10000c64:	f3bf 8f5f 	dmb	sy
10000c68:	2200      	movs	r2, #0
10000c6a:	601a      	str	r2, [r3, #0]
10000c6c:	f381 8810 	msr	PRIMASK, r1
10000c70:	2f00      	cmp	r7, #0
10000c72:	da00      	bge.n	10000c76 <alarm_pool_irq_handler+0x1d2>
10000c74:	e739      	b.n	10000aea <alarm_pool_irq_handler+0x46>
10000c76:	0023      	movs	r3, r4
10000c78:	3308      	adds	r3, #8
10000c7a:	0022      	movs	r2, r4
10000c7c:	469a      	mov	sl, r3
10000c7e:	6966      	ldr	r6, [r4, #20]
10000c80:	007b      	lsls	r3, r7, #1
10000c82:	19db      	adds	r3, r3, r7
10000c84:	00db      	lsls	r3, r3, #3
10000c86:	18f3      	adds	r3, r6, r3
10000c88:	6899      	ldr	r1, [r3, #8]
10000c8a:	4650      	mov	r0, sl
10000c8c:	468c      	mov	ip, r1
10000c8e:	2408      	movs	r4, #8
10000c90:	5f11      	ldrsh	r1, [r2, r4]
10000c92:	68dd      	ldr	r5, [r3, #12]
10000c94:	2900      	cmp	r1, #0
10000c96:	db10      	blt.n	10000cba <alarm_pool_irq_handler+0x216>
10000c98:	9302      	str	r3, [sp, #8]
10000c9a:	e006      	b.n	10000caa <alarm_pool_irq_handler+0x206>
10000c9c:	42ab      	cmp	r3, r5
10000c9e:	d044      	beq.n	10000d2a <alarm_pool_irq_handler+0x286>
10000ca0:	2300      	movs	r3, #0
10000ca2:	5ee1      	ldrsh	r1, [r4, r3]
10000ca4:	0020      	movs	r0, r4
10000ca6:	2900      	cmp	r1, #0
10000ca8:	db06      	blt.n	10000cb8 <alarm_pool_irq_handler+0x214>
10000caa:	004c      	lsls	r4, r1, #1
10000cac:	1864      	adds	r4, r4, r1
10000cae:	00e4      	lsls	r4, r4, #3
10000cb0:	1934      	adds	r4, r6, r4
10000cb2:	68e3      	ldr	r3, [r4, #12]
10000cb4:	42ab      	cmp	r3, r5
10000cb6:	ddf1      	ble.n	10000c9c <alarm_pool_irq_handler+0x1f8>
10000cb8:	9b02      	ldr	r3, [sp, #8]
10000cba:	8007      	strh	r7, [r0, #0]
10000cbc:	2000      	movs	r0, #0
10000cbe:	5e1f      	ldrsh	r7, [r3, r0]
10000cc0:	8019      	strh	r1, [r3, #0]
10000cc2:	2f00      	cmp	r7, #0
10000cc4:	dadc      	bge.n	10000c80 <alarm_pool_irq_handler+0x1dc>
10000cc6:	0014      	movs	r4, r2
10000cc8:	79a3      	ldrb	r3, [r4, #6]
10000cca:	2b00      	cmp	r3, #0
10000ccc:	d100      	bne.n	10000cd0 <alarm_pool_irq_handler+0x22c>
10000cce:	e710      	b.n	10000af2 <alarm_pool_irq_handler+0x4e>
10000cd0:	2300      	movs	r3, #0
10000cd2:	71a3      	strb	r3, [r4, #6]
10000cd4:	0026      	movs	r6, r4
10000cd6:	2308      	movs	r3, #8
10000cd8:	5ee1      	ldrsh	r1, [r4, r3]
10000cda:	3608      	adds	r6, #8
10000cdc:	1c4b      	adds	r3, r1, #1
10000cde:	d100      	bne.n	10000ce2 <alarm_pool_irq_handler+0x23e>
10000ce0:	e72c      	b.n	10000b3c <alarm_pool_irq_handler+0x98>
10000ce2:	0008      	movs	r0, r1
10000ce4:	46a2      	mov	sl, r4
10000ce6:	6965      	ldr	r5, [r4, #20]
10000ce8:	e002      	b.n	10000cf0 <alarm_pool_irq_handler+0x24c>
10000cea:	003e      	movs	r6, r7
10000cec:	1c4b      	adds	r3, r1, #1
10000cee:	d01a      	beq.n	10000d26 <alarm_pool_irq_handler+0x282>
10000cf0:	004b      	lsls	r3, r1, #1
10000cf2:	185b      	adds	r3, r3, r1
10000cf4:	00db      	lsls	r3, r3, #3
10000cf6:	18ef      	adds	r7, r5, r3
10000cf8:	000a      	movs	r2, r1
10000cfa:	468c      	mov	ip, r1
10000cfc:	5ee9      	ldrsh	r1, [r5, r3]
10000cfe:	887b      	ldrh	r3, [r7, #2]
10000d00:	b21b      	sxth	r3, r3
10000d02:	2b00      	cmp	r3, #0
10000d04:	daf1      	bge.n	10000cea <alarm_pool_irq_handler+0x246>
10000d06:	2301      	movs	r3, #1
10000d08:	425b      	negs	r3, r3
10000d0a:	17dc      	asrs	r4, r3, #31
10000d0c:	60bb      	str	r3, [r7, #8]
10000d0e:	60fc      	str	r4, [r7, #12]
10000d10:	4282      	cmp	r2, r0
10000d12:	d005      	beq.n	10000d20 <alarm_pool_irq_handler+0x27c>
10000d14:	4653      	mov	r3, sl
10000d16:	8031      	strh	r1, [r6, #0]
10000d18:	891b      	ldrh	r3, [r3, #8]
10000d1a:	803b      	strh	r3, [r7, #0]
10000d1c:	4653      	mov	r3, sl
10000d1e:	811a      	strh	r2, [r3, #8]
10000d20:	4660      	mov	r0, ip
10000d22:	1c4b      	adds	r3, r1, #1
10000d24:	d1e4      	bne.n	10000cf0 <alarm_pool_irq_handler+0x24c>
10000d26:	4654      	mov	r4, sl
10000d28:	e6e5      	b.n	10000af6 <alarm_pool_irq_handler+0x52>
10000d2a:	68a3      	ldr	r3, [r4, #8]
10000d2c:	4563      	cmp	r3, ip
10000d2e:	d9b7      	bls.n	10000ca0 <alarm_pool_irq_handler+0x1fc>
10000d30:	e7c2      	b.n	10000cb8 <alarm_pool_irq_handler+0x214>
10000d32:	1c6b      	adds	r3, r5, #1
10000d34:	d000      	beq.n	10000d38 <alarm_pool_irq_handler+0x294>
10000d36:	e6ea      	b.n	10000b0e <alarm_pool_irq_handler+0x6a>
10000d38:	e6f8      	b.n	10000b2c <alarm_pool_irq_handler+0x88>
10000d3a:	465b      	mov	r3, fp
10000d3c:	4658      	mov	r0, fp
10000d3e:	691b      	ldr	r3, [r3, #16]
10000d40:	4798      	blx	r3
10000d42:	2800      	cmp	r0, #0
10000d44:	d11b      	bne.n	10000d7e <alarm_pool_irq_handler+0x2da>
10000d46:	4653      	mov	r3, sl
10000d48:	881b      	ldrh	r3, [r3, #0]
10000d4a:	6922      	ldr	r2, [r4, #16]
10000d4c:	8123      	strh	r3, [r4, #8]
10000d4e:	f3ef 8310 	mrs	r3, PRIMASK
10000d52:	b672      	cpsid	i
10000d54:	6811      	ldr	r1, [r2, #0]
10000d56:	2900      	cmp	r1, #0
10000d58:	d0fc      	beq.n	10000d54 <alarm_pool_irq_handler+0x2b0>
10000d5a:	f3bf 8f5f 	dmb	sy
10000d5e:	4651      	mov	r1, sl
10000d60:	8862      	ldrh	r2, [r4, #2]
10000d62:	800a      	strh	r2, [r1, #0]
10000d64:	6922      	ldr	r2, [r4, #16]
10000d66:	8065      	strh	r5, [r4, #2]
10000d68:	f3bf 8f5f 	dmb	sy
10000d6c:	2100      	movs	r1, #0
10000d6e:	6011      	str	r1, [r2, #0]
10000d70:	f383 8810 	msr	PRIMASK, r3
10000d74:	e6b4      	b.n	10000ae0 <alarm_pool_irq_handler+0x3c>
10000d76:	4286      	cmp	r6, r0
10000d78:	d800      	bhi.n	10000d7c <alarm_pool_irq_handler+0x2d8>
10000d7a:	e6f8      	b.n	10000b6e <alarm_pool_irq_handler+0xca>
10000d7c:	e6b0      	b.n	10000ae0 <alarm_pool_irq_handler+0x3c>
10000d7e:	465b      	mov	r3, fp
10000d80:	681a      	ldr	r2, [r3, #0]
10000d82:	685b      	ldr	r3, [r3, #4]
10000d84:	9200      	str	r2, [sp, #0]
10000d86:	9301      	str	r3, [sp, #4]
10000d88:	e707      	b.n	10000b9a <alarm_pool_irq_handler+0xf6>
10000d8a:	45b3      	cmp	fp, r6
10000d8c:	d800      	bhi.n	10000d90 <alarm_pool_irq_handler+0x2ec>
10000d8e:	e748      	b.n	10000c22 <alarm_pool_irq_handler+0x17e>
10000d90:	e74c      	b.n	10000c2c <alarm_pool_irq_handler+0x188>
10000d92:	46c0      	nop			@ (mov r8, r8)
10000d94:	20001b54 	.word	0x20001b54
10000d98:	4005703c 	.word	0x4005703c
10000d9c:	10000aa5 	.word	0x10000aa5
10000da0:	40054000 	.word	0x40054000

10000da4 <runtime_init_default_alarm_pool>:
10000da4:	b570      	push	{r4, r5, r6, lr}
10000da6:	4c2e      	ldr	r4, [pc, #184]	@ (10000e60 <runtime_init_default_alarm_pool+0xbc>)
10000da8:	6925      	ldr	r5, [r4, #16]
10000daa:	2d00      	cmp	r5, #0
10000dac:	d004      	beq.n	10000db8 <runtime_init_default_alarm_pool+0x14>
10000dae:	210a      	movs	r1, #10
10000db0:	482c      	ldr	r0, [pc, #176]	@ (10000e64 <runtime_init_default_alarm_pool+0xc0>)
10000db2:	f7ff fe09 	bl	100009c8 <lock_init>
10000db6:	bd70      	pop	{r4, r5, r6, pc}
10000db8:	4e2b      	ldr	r6, [pc, #172]	@ (10000e68 <runtime_init_default_alarm_pool+0xc4>)
10000dba:	2103      	movs	r1, #3
10000dbc:	0030      	movs	r0, r6
10000dbe:	f000 fa7b 	bl	100012b8 <timer_hardware_alarm_claim>
10000dc2:	60e6      	str	r6, [r4, #12]
10000dc4:	f7ff fbf8 	bl	100005b8 <next_striped_spin_lock_num>
10000dc8:	4b28      	ldr	r3, [pc, #160]	@ (10000e6c <runtime_init_default_alarm_pool+0xc8>)
10000dca:	2203      	movs	r2, #3
10000dcc:	469c      	mov	ip, r3
10000dce:	23d0      	movs	r3, #208	@ 0xd0
10000dd0:	7022      	strb	r2, [r4, #0]
10000dd2:	061b      	lsls	r3, r3, #24
10000dd4:	681b      	ldr	r3, [r3, #0]
10000dd6:	2101      	movs	r1, #1
10000dd8:	7063      	strb	r3, [r4, #1]
10000dda:	4b25      	ldr	r3, [pc, #148]	@ (10000e70 <runtime_init_default_alarm_pool+0xcc>)
10000ddc:	4460      	add	r0, ip
10000dde:	60a3      	str	r3, [r4, #8]
10000de0:	230f      	movs	r3, #15
10000de2:	0080      	lsls	r0, r0, #2
10000de4:	6120      	str	r0, [r4, #16]
10000de6:	2002      	movs	r0, #2
10000de8:	8063      	strh	r3, [r4, #2]
10000dea:	6963      	ldr	r3, [r4, #20]
10000dec:	4249      	negs	r1, r1
10000dee:	80a1      	strh	r1, [r4, #4]
10000df0:	8019      	strh	r1, [r3, #0]
10000df2:	3102      	adds	r1, #2
10000df4:	8619      	strh	r1, [r3, #48]	@ 0x30
10000df6:	3147      	adds	r1, #71	@ 0x47
10000df8:	831d      	strh	r5, [r3, #24]
10000dfa:	5258      	strh	r0, [r3, r1]
10000dfc:	3118      	adds	r1, #24
10000dfe:	525a      	strh	r2, [r3, r1]
10000e00:	3275      	adds	r2, #117	@ 0x75
10000e02:	395c      	subs	r1, #92	@ 0x5c
10000e04:	5299      	strh	r1, [r3, r2]
10000e06:	3218      	adds	r2, #24
10000e08:	3101      	adds	r1, #1
10000e0a:	5299      	strh	r1, [r3, r2]
10000e0c:	3218      	adds	r2, #24
10000e0e:	3101      	adds	r1, #1
10000e10:	5299      	strh	r1, [r3, r2]
10000e12:	3218      	adds	r2, #24
10000e14:	3101      	adds	r1, #1
10000e16:	5299      	strh	r1, [r3, r2]
10000e18:	3508      	adds	r5, #8
10000e1a:	3218      	adds	r2, #24
10000e1c:	529d      	strh	r5, [r3, r2]
10000e1e:	3102      	adds	r1, #2
10000e20:	3218      	adds	r2, #24
10000e22:	5299      	strh	r1, [r3, r2]
10000e24:	3218      	adds	r2, #24
10000e26:	3101      	adds	r1, #1
10000e28:	5299      	strh	r1, [r3, r2]
10000e2a:	3218      	adds	r2, #24
10000e2c:	3101      	adds	r1, #1
10000e2e:	5299      	strh	r1, [r3, r2]
10000e30:	3218      	adds	r2, #24
10000e32:	3101      	adds	r1, #1
10000e34:	5299      	strh	r1, [r3, r2]
10000e36:	3218      	adds	r2, #24
10000e38:	3101      	adds	r1, #1
10000e3a:	5299      	strh	r1, [r3, r2]
10000e3c:	3218      	adds	r2, #24
10000e3e:	3101      	adds	r1, #1
10000e40:	5299      	strh	r1, [r3, r2]
10000e42:	4b0c      	ldr	r3, [pc, #48]	@ (10000e74 <runtime_init_default_alarm_pool+0xd0>)
10000e44:	490c      	ldr	r1, [pc, #48]	@ (10000e78 <runtime_init_default_alarm_pool+0xd4>)
10000e46:	60dc      	str	r4, [r3, #12]
10000e48:	3001      	adds	r0, #1
10000e4a:	6235      	str	r5, [r6, #32]
10000e4c:	f7ff fc2a 	bl	100006a4 <irq_set_exclusive_handler>
10000e50:	2101      	movs	r1, #1
10000e52:	2003      	movs	r0, #3
10000e54:	f7ff fbee 	bl	10000634 <irq_set_enabled>
10000e58:	4b08      	ldr	r3, [pc, #32]	@ (10000e7c <runtime_init_default_alarm_pool+0xd8>)
10000e5a:	601d      	str	r5, [r3, #0]
10000e5c:	e7a7      	b.n	10000dae <runtime_init_default_alarm_pool+0xa>
10000e5e:	46c0      	nop			@ (mov r8, r8)
10000e60:	20001008 	.word	0x20001008
10000e64:	20001c70 	.word	0x20001c70
10000e68:	40054000 	.word	0x40054000
10000e6c:	34000040 	.word	0x34000040
10000e70:	0010ffff 	.word	0x0010ffff
10000e74:	20001b54 	.word	0x20001b54
10000e78:	10000aa5 	.word	0x10000aa5
10000e7c:	40056038 	.word	0x40056038

10000e80 <alarm_pool_get_default>:
10000e80:	4800      	ldr	r0, [pc, #0]	@ (10000e84 <alarm_pool_get_default+0x4>)
10000e82:	4770      	bx	lr
10000e84:	20001008 	.word	0x20001008

10000e88 <alarm_pool_add_alarm_at>:
10000e88:	b5f8      	push	{r3, r4, r5, r6, r7, lr}
10000e8a:	001f      	movs	r7, r3
10000e8c:	ab08      	add	r3, sp, #32
10000e8e:	781b      	ldrb	r3, [r3, #0]
10000e90:	0004      	movs	r4, r0
10000e92:	0016      	movs	r6, r2
10000e94:	2b00      	cmp	r3, #0
10000e96:	d108      	bne.n	10000eaa <alarm_pool_add_alarm_at+0x22>
10000e98:	f000 fa20 	bl	100012dc <time_us_64>
10000e9c:	0032      	movs	r2, r6
10000e9e:	003b      	movs	r3, r7
10000ea0:	1a12      	subs	r2, r2, r0
10000ea2:	418b      	sbcs	r3, r1
10000ea4:	2b00      	cmp	r3, #0
10000ea6:	da00      	bge.n	10000eaa <alarm_pool_add_alarm_at+0x22>
10000ea8:	e052      	b.n	10000f50 <alarm_pool_add_alarm_at+0xc8>
10000eaa:	6922      	ldr	r2, [r4, #16]
10000eac:	f3ef 8010 	mrs	r0, PRIMASK
10000eb0:	b672      	cpsid	i
10000eb2:	6813      	ldr	r3, [r2, #0]
10000eb4:	2b00      	cmp	r3, #0
10000eb6:	d0fc      	beq.n	10000eb2 <alarm_pool_add_alarm_at+0x2a>
10000eb8:	f3bf 8f5f 	dmb	sy
10000ebc:	2302      	movs	r3, #2
10000ebe:	5ee1      	ldrsh	r1, [r4, r3]
10000ec0:	6963      	ldr	r3, [r4, #20]
10000ec2:	004a      	lsls	r2, r1, #1
10000ec4:	1852      	adds	r2, r2, r1
10000ec6:	00d2      	lsls	r2, r2, #3
10000ec8:	189b      	adds	r3, r3, r2
10000eca:	6922      	ldr	r2, [r4, #16]
10000ecc:	2900      	cmp	r1, #0
10000ece:	db36      	blt.n	10000f3e <alarm_pool_add_alarm_at+0xb6>
10000ed0:	881d      	ldrh	r5, [r3, #0]
10000ed2:	8065      	strh	r5, [r4, #2]
10000ed4:	f3bf 8f5f 	dmb	sy
10000ed8:	2500      	movs	r5, #0
10000eda:	6015      	str	r5, [r2, #0]
10000edc:	f380 8810 	msr	PRIMASK, r0
10000ee0:	9a06      	ldr	r2, [sp, #24]
10000ee2:	609e      	str	r6, [r3, #8]
10000ee4:	60df      	str	r7, [r3, #12]
10000ee6:	611a      	str	r2, [r3, #16]
10000ee8:	9a07      	ldr	r2, [sp, #28]
10000eea:	615a      	str	r2, [r3, #20]
10000eec:	885a      	ldrh	r2, [r3, #2]
10000eee:	3201      	adds	r2, #1
10000ef0:	0452      	lsls	r2, r2, #17
10000ef2:	0c52      	lsrs	r2, r2, #17
10000ef4:	1c10      	adds	r0, r2, #0
10000ef6:	2a00      	cmp	r2, #0
10000ef8:	d01f      	beq.n	10000f3a <alarm_pool_add_alarm_at+0xb2>
10000efa:	b282      	uxth	r2, r0
10000efc:	8058      	strh	r0, [r3, #2]
10000efe:	0408      	lsls	r0, r1, #16
10000f00:	4310      	orrs	r0, r2
10000f02:	6926      	ldr	r6, [r4, #16]
10000f04:	f3ef 8710 	mrs	r7, PRIMASK
10000f08:	b672      	cpsid	i
10000f0a:	6832      	ldr	r2, [r6, #0]
10000f0c:	2a00      	cmp	r2, #0
10000f0e:	d0fc      	beq.n	10000f0a <alarm_pool_add_alarm_at+0x82>
10000f10:	f3bf 8f5f 	dmb	sy
10000f14:	88a2      	ldrh	r2, [r4, #4]
10000f16:	801a      	strh	r2, [r3, #0]
10000f18:	80a1      	strh	r1, [r4, #4]
10000f1a:	6923      	ldr	r3, [r4, #16]
10000f1c:	f3bf 8f5f 	dmb	sy
10000f20:	2200      	movs	r2, #0
10000f22:	601a      	str	r2, [r3, #0]
10000f24:	f387 8810 	msr	PRIMASK, r7
10000f28:	490a      	ldr	r1, [pc, #40]	@ (10000f54 <alarm_pool_add_alarm_at+0xcc>)
10000f2a:	7823      	ldrb	r3, [r4, #0]
10000f2c:	468c      	mov	ip, r1
10000f2e:	3201      	adds	r2, #1
10000f30:	409a      	lsls	r2, r3
10000f32:	68e3      	ldr	r3, [r4, #12]
10000f34:	4463      	add	r3, ip
10000f36:	601a      	str	r2, [r3, #0]
10000f38:	bdf8      	pop	{r3, r4, r5, r6, r7, pc}
10000f3a:	2001      	movs	r0, #1
10000f3c:	e7dd      	b.n	10000efa <alarm_pool_add_alarm_at+0x72>
10000f3e:	f3bf 8f5f 	dmb	sy
10000f42:	2300      	movs	r3, #0
10000f44:	6013      	str	r3, [r2, #0]
10000f46:	f380 8810 	msr	PRIMASK, r0
10000f4a:	2001      	movs	r0, #1
10000f4c:	4240      	negs	r0, r0
10000f4e:	e7f3      	b.n	10000f38 <alarm_pool_add_alarm_at+0xb0>
10000f50:	2000      	movs	r0, #0
10000f52:	e7f1      	b.n	10000f38 <alarm_pool_add_alarm_at+0xb0>
10000f54:	0000203c 	.word	0x0000203c

10000f58 <alarm_pool_add_alarm_at_force_in_context>:
10000f58:	b570      	push	{r4, r5, r6, lr}
10000f5a:	0001      	movs	r1, r0
10000f5c:	6904      	ldr	r4, [r0, #16]
10000f5e:	f3ef 8c10 	mrs	ip, PRIMASK
10000f62:	b672      	cpsid	i
10000f64:	6820      	ldr	r0, [r4, #0]
10000f66:	2800      	cmp	r0, #0
10000f68:	d0fc      	beq.n	10000f64 <alarm_pool_add_alarm_at_force_in_context+0xc>
10000f6a:	f3bf 8f5f 	dmb	sy
10000f6e:	2002      	movs	r0, #2
10000f70:	5e0d      	ldrsh	r5, [r1, r0]
10000f72:	694c      	ldr	r4, [r1, #20]
10000f74:	0068      	lsls	r0, r5, #1
10000f76:	1940      	adds	r0, r0, r5
10000f78:	00c0      	lsls	r0, r0, #3
10000f7a:	1824      	adds	r4, r4, r0
10000f7c:	6908      	ldr	r0, [r1, #16]
10000f7e:	2d00      	cmp	r5, #0
10000f80:	db36      	blt.n	10000ff0 <alarm_pool_add_alarm_at_force_in_context+0x98>
10000f82:	8826      	ldrh	r6, [r4, #0]
10000f84:	804e      	strh	r6, [r1, #2]
10000f86:	f3bf 8f5f 	dmb	sy
10000f8a:	2600      	movs	r6, #0
10000f8c:	6006      	str	r6, [r0, #0]
10000f8e:	f38c 8810 	msr	PRIMASK, ip
10000f92:	60e3      	str	r3, [r4, #12]
10000f94:	8863      	ldrh	r3, [r4, #2]
10000f96:	9804      	ldr	r0, [sp, #16]
10000f98:	3301      	adds	r3, #1
10000f9a:	6120      	str	r0, [r4, #16]
10000f9c:	045b      	lsls	r3, r3, #17
10000f9e:	9805      	ldr	r0, [sp, #20]
10000fa0:	0c5b      	lsrs	r3, r3, #17
10000fa2:	60a2      	str	r2, [r4, #8]
10000fa4:	6160      	str	r0, [r4, #20]
10000fa6:	1c1a      	adds	r2, r3, #0
10000fa8:	2b00      	cmp	r3, #0
10000faa:	d01f      	beq.n	10000fec <alarm_pool_add_alarm_at_force_in_context+0x94>
10000fac:	b293      	uxth	r3, r2
10000fae:	0428      	lsls	r0, r5, #16
10000fb0:	8062      	strh	r2, [r4, #2]
10000fb2:	4318      	orrs	r0, r3
10000fb4:	690a      	ldr	r2, [r1, #16]
10000fb6:	f3ef 8c10 	mrs	ip, PRIMASK
10000fba:	b672      	cpsid	i
10000fbc:	6813      	ldr	r3, [r2, #0]
10000fbe:	2b00      	cmp	r3, #0
10000fc0:	d0fc      	beq.n	10000fbc <alarm_pool_add_alarm_at_force_in_context+0x64>
10000fc2:	f3bf 8f5f 	dmb	sy
10000fc6:	888b      	ldrh	r3, [r1, #4]
10000fc8:	8023      	strh	r3, [r4, #0]
10000fca:	808d      	strh	r5, [r1, #4]
10000fcc:	690b      	ldr	r3, [r1, #16]
10000fce:	f3bf 8f5f 	dmb	sy
10000fd2:	2200      	movs	r2, #0
10000fd4:	601a      	str	r2, [r3, #0]
10000fd6:	f38c 8810 	msr	PRIMASK, ip
10000fda:	780b      	ldrb	r3, [r1, #0]
10000fdc:	3201      	adds	r2, #1
10000fde:	409a      	lsls	r2, r3
10000fe0:	68cb      	ldr	r3, [r1, #12]
10000fe2:	4908      	ldr	r1, [pc, #32]	@ (10001004 <alarm_pool_add_alarm_at_force_in_context+0xac>)
10000fe4:	468c      	mov	ip, r1
10000fe6:	4463      	add	r3, ip
10000fe8:	601a      	str	r2, [r3, #0]
10000fea:	bd70      	pop	{r4, r5, r6, pc}
10000fec:	2201      	movs	r2, #1
10000fee:	e7dd      	b.n	10000fac <alarm_pool_add_alarm_at_force_in_context+0x54>
10000ff0:	f3bf 8f5f 	dmb	sy
10000ff4:	2300      	movs	r3, #0
10000ff6:	6003      	str	r3, [r0, #0]
10000ff8:	f38c 8810 	msr	PRIMASK, ip
10000ffc:	2001      	movs	r0, #1
10000ffe:	4240      	negs	r0, r0
10001000:	e7f3      	b.n	10000fea <alarm_pool_add_alarm_at_force_in_context+0x92>
10001002:	46c0      	nop			@ (mov r8, r8)
10001004:	0000203c 	.word	0x0000203c

10001008 <alarm_pool_cancel_alarm>:
10001008:	b510      	push	{r4, lr}
1000100a:	8943      	ldrh	r3, [r0, #10]
1000100c:	140a      	asrs	r2, r1, #16
1000100e:	4293      	cmp	r3, r2
10001010:	dd1a      	ble.n	10001048 <alarm_pool_cancel_alarm+0x40>
10001012:	0053      	lsls	r3, r2, #1
10001014:	189b      	adds	r3, r3, r2
10001016:	6942      	ldr	r2, [r0, #20]
10001018:	00db      	lsls	r3, r3, #3
1000101a:	18d3      	adds	r3, r2, r3
1000101c:	6904      	ldr	r4, [r0, #16]
1000101e:	f3ef 8c10 	mrs	ip, PRIMASK
10001022:	b672      	cpsid	i
10001024:	6822      	ldr	r2, [r4, #0]
10001026:	2a00      	cmp	r2, #0
10001028:	d0fc      	beq.n	10001024 <alarm_pool_cancel_alarm+0x1c>
1000102a:	f3bf 8f5f 	dmb	sy
1000102e:	885a      	ldrh	r2, [r3, #2]
10001030:	0409      	lsls	r1, r1, #16
10001032:	b294      	uxth	r4, r2
10001034:	0c09      	lsrs	r1, r1, #16
10001036:	428a      	cmp	r2, r1
10001038:	d008      	beq.n	1000104c <alarm_pool_cancel_alarm+0x44>
1000103a:	6903      	ldr	r3, [r0, #16]
1000103c:	f3bf 8f5f 	dmb	sy
10001040:	2200      	movs	r2, #0
10001042:	601a      	str	r2, [r3, #0]
10001044:	f38c 8810 	msr	PRIMASK, ip
10001048:	2000      	movs	r0, #0
1000104a:	bd10      	pop	{r4, pc}
1000104c:	2280      	movs	r2, #128	@ 0x80
1000104e:	0212      	lsls	r2, r2, #8
10001050:	4314      	orrs	r4, r2
10001052:	805c      	strh	r4, [r3, #2]
10001054:	2301      	movs	r3, #1
10001056:	6902      	ldr	r2, [r0, #16]
10001058:	7183      	strb	r3, [r0, #6]
1000105a:	f3bf 8f5f 	dmb	sy
1000105e:	2100      	movs	r1, #0
10001060:	6011      	str	r1, [r2, #0]
10001062:	f38c 8810 	msr	PRIMASK, ip
10001066:	4904      	ldr	r1, [pc, #16]	@ (10001078 <alarm_pool_cancel_alarm+0x70>)
10001068:	7802      	ldrb	r2, [r0, #0]
1000106a:	468c      	mov	ip, r1
1000106c:	4093      	lsls	r3, r2
1000106e:	68c2      	ldr	r2, [r0, #12]
10001070:	2001      	movs	r0, #1
10001072:	4462      	add	r2, ip
10001074:	6013      	str	r3, [r2, #0]
10001076:	e7e8      	b.n	1000104a <alarm_pool_cancel_alarm+0x42>
10001078:	0000203c 	.word	0x0000203c

1000107c <alarm_pool_core_num>:
1000107c:	7840      	ldrb	r0, [r0, #1]
1000107e:	4770      	bx	lr

10001080 <sleep_ms>:
10001080:	b5f0      	push	{r4, r5, r6, r7, lr}
10001082:	46c6      	mov	lr, r8
10001084:	b500      	push	{lr}
10001086:	b082      	sub	sp, #8
10001088:	0004      	movs	r4, r0
1000108a:	f000 f927 	bl	100012dc <time_us_64>
1000108e:	22fa      	movs	r2, #250	@ 0xfa
10001090:	0006      	movs	r6, r0
10001092:	000f      	movs	r7, r1
10001094:	0020      	movs	r0, r4
10001096:	2300      	movs	r3, #0
10001098:	2100      	movs	r1, #0
1000109a:	0092      	lsls	r2, r2, #2
1000109c:	f001 f8be 	bl	1000221c <__wrap___aeabi_lmul>
100010a0:	1980      	adds	r0, r0, r6
100010a2:	4179      	adcs	r1, r7
100010a4:	0004      	movs	r4, r0
100010a6:	1e0d      	subs	r5, r1, #0
100010a8:	da02      	bge.n	100010b0 <sleep_ms+0x30>
100010aa:	2401      	movs	r4, #1
100010ac:	4d2e      	ldr	r5, [pc, #184]	@ (10001168 <sleep_ms+0xe8>)
100010ae:	4264      	negs	r4, r4
100010b0:	2606      	movs	r6, #6
100010b2:	4276      	negs	r6, r6
100010b4:	17f7      	asrs	r7, r6, #31
100010b6:	1936      	adds	r6, r6, r4
100010b8:	416f      	adcs	r7, r5
100010ba:	42af      	cmp	r7, r5
100010bc:	d814      	bhi.n	100010e8 <sleep_ms+0x68>
100010be:	d011      	beq.n	100010e4 <sleep_ms+0x64>
100010c0:	f000 f90c 	bl	100012dc <time_us_64>
100010c4:	0032      	movs	r2, r6
100010c6:	003b      	movs	r3, r7
100010c8:	1a12      	subs	r2, r2, r0
100010ca:	418b      	sbcs	r3, r1
100010cc:	2b00      	cmp	r3, #0
100010ce:	dc15      	bgt.n	100010fc <sleep_ms+0x7c>
100010d0:	2b00      	cmp	r3, #0
100010d2:	d046      	beq.n	10001162 <sleep_ms+0xe2>
100010d4:	0020      	movs	r0, r4
100010d6:	0029      	movs	r1, r5
100010d8:	f000 f93e 	bl	10001358 <busy_wait_until>
100010dc:	b002      	add	sp, #8
100010de:	bc80      	pop	{r7}
100010e0:	46b8      	mov	r8, r7
100010e2:	bdf0      	pop	{r4, r5, r6, r7, pc}
100010e4:	42a6      	cmp	r6, r4
100010e6:	d9eb      	bls.n	100010c0 <sleep_ms+0x40>
100010e8:	2600      	movs	r6, #0
100010ea:	2700      	movs	r7, #0
100010ec:	f000 f8f6 	bl	100012dc <time_us_64>
100010f0:	0032      	movs	r2, r6
100010f2:	003b      	movs	r3, r7
100010f4:	1a12      	subs	r2, r2, r0
100010f6:	418b      	sbcs	r3, r1
100010f8:	2b00      	cmp	r3, #0
100010fa:	dde9      	ble.n	100010d0 <sleep_ms+0x50>
100010fc:	f000 f8ee 	bl	100012dc <time_us_64>
10001100:	0032      	movs	r2, r6
10001102:	003b      	movs	r3, r7
10001104:	1a12      	subs	r2, r2, r0
10001106:	418b      	sbcs	r3, r1
10001108:	2b00      	cmp	r3, #0
1000110a:	db0a      	blt.n	10001122 <sleep_ms+0xa2>
1000110c:	2300      	movs	r3, #0
1000110e:	9301      	str	r3, [sp, #4]
10001110:	4b16      	ldr	r3, [pc, #88]	@ (1000116c <sleep_ms+0xec>)
10001112:	0032      	movs	r2, r6
10001114:	9300      	str	r3, [sp, #0]
10001116:	4816      	ldr	r0, [pc, #88]	@ (10001170 <sleep_ms+0xf0>)
10001118:	003b      	movs	r3, r7
1000111a:	f7ff ff1d 	bl	10000f58 <alarm_pool_add_alarm_at_force_in_context>
1000111e:	3001      	adds	r0, #1
10001120:	d0d8      	beq.n	100010d4 <sleep_ms+0x54>
10001122:	2300      	movs	r3, #0
10001124:	0039      	movs	r1, r7
10001126:	46b0      	mov	r8, r6
10001128:	469c      	mov	ip, r3
1000112a:	4a12      	ldr	r2, [pc, #72]	@ (10001174 <sleep_ms+0xf4>)
1000112c:	4812      	ldr	r0, [pc, #72]	@ (10001178 <sleep_ms+0xf8>)
1000112e:	6a53      	ldr	r3, [r2, #36]	@ 0x24
10001130:	4299      	cmp	r1, r3
10001132:	d804      	bhi.n	1000113e <sleep_ms+0xbe>
10001134:	6a96      	ldr	r6, [r2, #40]	@ 0x28
10001136:	4546      	cmp	r6, r8
10001138:	d2cc      	bcs.n	100010d4 <sleep_ms+0x54>
1000113a:	4299      	cmp	r1, r3
1000113c:	d1ca      	bne.n	100010d4 <sleep_ms+0x54>
1000113e:	6806      	ldr	r6, [r0, #0]
10001140:	f3ef 8710 	mrs	r7, PRIMASK
10001144:	b672      	cpsid	i
10001146:	6833      	ldr	r3, [r6, #0]
10001148:	2b00      	cmp	r3, #0
1000114a:	d0fc      	beq.n	10001146 <sleep_ms+0xc6>
1000114c:	f3bf 8f5f 	dmb	sy
10001150:	6803      	ldr	r3, [r0, #0]
10001152:	f3bf 8f5f 	dmb	sy
10001156:	4666      	mov	r6, ip
10001158:	601e      	str	r6, [r3, #0]
1000115a:	f387 8810 	msr	PRIMASK, r7
1000115e:	bf20      	wfe
10001160:	e7e5      	b.n	1000112e <sleep_ms+0xae>
10001162:	2a00      	cmp	r2, #0
10001164:	d0b6      	beq.n	100010d4 <sleep_ms+0x54>
10001166:	e7c9      	b.n	100010fc <sleep_ms+0x7c>
10001168:	7fffffff 	.word	0x7fffffff
1000116c:	10000a75 	.word	0x10000a75
10001170:	20001008 	.word	0x20001008
10001174:	40054000 	.word	0x40054000
10001178:	20001c70 	.word	0x20001c70

1000117c <best_effort_wfe_or_timeout>:
1000117c:	b5f0      	push	{r4, r5, r6, r7, lr}
1000117e:	4645      	mov	r5, r8
10001180:	46de      	mov	lr, fp
10001182:	4657      	mov	r7, sl
10001184:	464e      	mov	r6, r9
10001186:	b5e0      	push	{r5, r6, r7, lr}
10001188:	0004      	movs	r4, r0
1000118a:	000d      	movs	r5, r1
1000118c:	b085      	sub	sp, #20
1000118e:	f3ef 8305 	mrs	r3, IPSR
10001192:	4689      	mov	r9, r1
10001194:	2b00      	cmp	r3, #0
10001196:	d137      	bne.n	10001208 <best_effort_wfe_or_timeout+0x8c>
10001198:	4b43      	ldr	r3, [pc, #268]	@ (100012a8 <best_effort_wfe_or_timeout+0x12c>)
1000119a:	469a      	mov	sl, r3
1000119c:	681b      	ldr	r3, [r3, #0]
1000119e:	4283      	cmp	r3, r0
100011a0:	d02d      	beq.n	100011fe <best_effort_wfe_or_timeout+0x82>
100011a2:	4b42      	ldr	r3, [pc, #264]	@ (100012ac <best_effort_wfe_or_timeout+0x130>)
100011a4:	469b      	mov	fp, r3
100011a6:	68db      	ldr	r3, [r3, #12]
100011a8:	4698      	mov	r8, r3
100011aa:	465b      	mov	r3, fp
100011ac:	781b      	ldrb	r3, [r3, #0]
100011ae:	4640      	mov	r0, r8
100011b0:	9303      	str	r3, [sp, #12]
100011b2:	f000 f88b 	bl	100012cc <timer_time_us_64>
100011b6:	4642      	mov	r2, r8
100011b8:	9b03      	ldr	r3, [sp, #12]
100011ba:	0006      	movs	r6, r0
100011bc:	3304      	adds	r3, #4
100011be:	009b      	lsls	r3, r3, #2
100011c0:	589b      	ldr	r3, [r3, r2]
100011c2:	000f      	movs	r7, r1
100011c4:	1a1b      	subs	r3, r3, r0
100011c6:	0029      	movs	r1, r5
100011c8:	0020      	movs	r0, r4
100011ca:	2200      	movs	r2, #0
100011cc:	1b80      	subs	r0, r0, r6
100011ce:	41b9      	sbcs	r1, r7
100011d0:	428a      	cmp	r2, r1
100011d2:	dc28      	bgt.n	10001226 <best_effort_wfe_or_timeout+0xaa>
100011d4:	d025      	beq.n	10001222 <best_effort_wfe_or_timeout+0xa6>
100011d6:	bf20      	wfe
100011d8:	4b35      	ldr	r3, [pc, #212]	@ (100012b0 <best_effort_wfe_or_timeout+0x134>)
100011da:	6a58      	ldr	r0, [r3, #36]	@ 0x24
100011dc:	4548      	cmp	r0, r9
100011de:	d32e      	bcc.n	1000123e <best_effort_wfe_or_timeout+0xc2>
100011e0:	1b40      	subs	r0, r0, r5
100011e2:	6a9a      	ldr	r2, [r3, #40]	@ 0x28
100011e4:	1e43      	subs	r3, r0, #1
100011e6:	4198      	sbcs	r0, r3
100011e8:	2300      	movs	r3, #0
100011ea:	42a2      	cmp	r2, r4
100011ec:	415b      	adcs	r3, r3
100011ee:	4318      	orrs	r0, r3
100011f0:	b005      	add	sp, #20
100011f2:	bcf0      	pop	{r4, r5, r6, r7}
100011f4:	46bb      	mov	fp, r7
100011f6:	46b2      	mov	sl, r6
100011f8:	46a9      	mov	r9, r5
100011fa:	46a0      	mov	r8, r4
100011fc:	bdf0      	pop	{r4, r5, r6, r7, pc}
100011fe:	4653      	mov	r3, sl
10001200:	685b      	ldr	r3, [r3, #4]
10001202:	428b      	cmp	r3, r1
10001204:	d1cd      	bne.n	100011a2 <best_effort_wfe_or_timeout+0x26>
10001206:	e7e6      	b.n	100011d6 <best_effort_wfe_or_timeout+0x5a>
10001208:	4929      	ldr	r1, [pc, #164]	@ (100012b0 <best_effort_wfe_or_timeout+0x134>)
1000120a:	2000      	movs	r0, #0
1000120c:	6a4b      	ldr	r3, [r1, #36]	@ 0x24
1000120e:	42ab      	cmp	r3, r5
10001210:	d3ee      	bcc.n	100011f0 <best_effort_wfe_or_timeout+0x74>
10001212:	6a8a      	ldr	r2, [r1, #40]	@ 0x28
10001214:	1b5b      	subs	r3, r3, r5
10001216:	1e59      	subs	r1, r3, #1
10001218:	418b      	sbcs	r3, r1
1000121a:	42a2      	cmp	r2, r4
1000121c:	4140      	adcs	r0, r0
1000121e:	4318      	orrs	r0, r3
10001220:	e7e6      	b.n	100011f0 <best_effort_wfe_or_timeout+0x74>
10001222:	4283      	cmp	r3, r0
10001224:	d9d7      	bls.n	100011d6 <best_effort_wfe_or_timeout+0x5a>
10001226:	f000 f859 	bl	100012dc <time_us_64>
1000122a:	0022      	movs	r2, r4
1000122c:	002b      	movs	r3, r5
1000122e:	1a12      	subs	r2, r2, r0
10001230:	418b      	sbcs	r3, r1
10001232:	2b00      	cmp	r3, #0
10001234:	da05      	bge.n	10001242 <best_effort_wfe_or_timeout+0xc6>
10001236:	4a1e      	ldr	r2, [pc, #120]	@ (100012b0 <best_effort_wfe_or_timeout+0x134>)
10001238:	6a53      	ldr	r3, [r2, #36]	@ 0x24
1000123a:	454b      	cmp	r3, r9
1000123c:	d22a      	bcs.n	10001294 <best_effort_wfe_or_timeout+0x118>
1000123e:	2000      	movs	r0, #0
10001240:	e7d6      	b.n	100011f0 <best_effort_wfe_or_timeout+0x74>
10001242:	2300      	movs	r3, #0
10001244:	9301      	str	r3, [sp, #4]
10001246:	4b1b      	ldr	r3, [pc, #108]	@ (100012b4 <best_effort_wfe_or_timeout+0x138>)
10001248:	0022      	movs	r2, r4
1000124a:	9300      	str	r3, [sp, #0]
1000124c:	4658      	mov	r0, fp
1000124e:	002b      	movs	r3, r5
10001250:	f7ff fe82 	bl	10000f58 <alarm_pool_add_alarm_at_force_in_context>
10001254:	1e01      	subs	r1, r0, #0
10001256:	ddee      	ble.n	10001236 <best_effort_wfe_or_timeout+0xba>
10001258:	4653      	mov	r3, sl
1000125a:	601c      	str	r4, [r3, #0]
1000125c:	605d      	str	r5, [r3, #4]
1000125e:	4b14      	ldr	r3, [pc, #80]	@ (100012b0 <best_effort_wfe_or_timeout+0x134>)
10001260:	6a5a      	ldr	r2, [r3, #36]	@ 0x24
10001262:	454a      	cmp	r2, r9
10001264:	d314      	bcc.n	10001290 <best_effort_wfe_or_timeout+0x114>
10001266:	6a9b      	ldr	r3, [r3, #40]	@ 0x28
10001268:	42a3      	cmp	r3, r4
1000126a:	d30f      	bcc.n	1000128c <best_effort_wfe_or_timeout+0x110>
1000126c:	4658      	mov	r0, fp
1000126e:	f7ff fecb 	bl	10001008 <alarm_pool_cancel_alarm>
10001272:	4a0f      	ldr	r2, [pc, #60]	@ (100012b0 <best_effort_wfe_or_timeout+0x134>)
10001274:	2000      	movs	r0, #0
10001276:	6a53      	ldr	r3, [r2, #36]	@ 0x24
10001278:	454b      	cmp	r3, r9
1000127a:	d3b9      	bcc.n	100011f0 <best_effort_wfe_or_timeout+0x74>
1000127c:	6a92      	ldr	r2, [r2, #40]	@ 0x28
1000127e:	1b5b      	subs	r3, r3, r5
10001280:	1e59      	subs	r1, r3, #1
10001282:	418b      	sbcs	r3, r1
10001284:	42a2      	cmp	r2, r4
10001286:	4140      	adcs	r0, r0
10001288:	4318      	orrs	r0, r3
1000128a:	e7b1      	b.n	100011f0 <best_effort_wfe_or_timeout+0x74>
1000128c:	454a      	cmp	r2, r9
1000128e:	d1ed      	bne.n	1000126c <best_effort_wfe_or_timeout+0xf0>
10001290:	bf20      	wfe
10001292:	e7eb      	b.n	1000126c <best_effort_wfe_or_timeout+0xf0>
10001294:	2000      	movs	r0, #0
10001296:	6a92      	ldr	r2, [r2, #40]	@ 0x28
10001298:	1b5b      	subs	r3, r3, r5
1000129a:	42a2      	cmp	r2, r4
1000129c:	4140      	adcs	r0, r0
1000129e:	1e5a      	subs	r2, r3, #1
100012a0:	4193      	sbcs	r3, r2
100012a2:	4318      	orrs	r0, r3
100012a4:	e7a4      	b.n	100011f0 <best_effort_wfe_or_timeout+0x74>
100012a6:	46c0      	nop			@ (mov r8, r8)
100012a8:	20001000 	.word	0x20001000
100012ac:	20001008 	.word	0x20001008
100012b0:	40054000 	.word	0x40054000
100012b4:	10000a75 	.word	0x10000a75

100012b8 <timer_hardware_alarm_claim>:
100012b8:	b510      	push	{r4, lr}
100012ba:	4a02      	ldr	r2, [pc, #8]	@ (100012c4 <timer_hardware_alarm_claim+0xc>)
100012bc:	4802      	ldr	r0, [pc, #8]	@ (100012c8 <timer_hardware_alarm_claim+0x10>)
100012be:	f7ff f915 	bl	100004ec <hw_claim_or_assert>
100012c2:	bd10      	pop	{r4, pc}
100012c4:	10006560 	.word	0x10006560
100012c8:	200016e0 	.word	0x200016e0

100012cc <timer_time_us_64>:
100012cc:	0003      	movs	r3, r0
100012ce:	6a41      	ldr	r1, [r0, #36]	@ 0x24
100012d0:	000a      	movs	r2, r1
100012d2:	6a98      	ldr	r0, [r3, #40]	@ 0x28
100012d4:	6a59      	ldr	r1, [r3, #36]	@ 0x24
100012d6:	428a      	cmp	r2, r1
100012d8:	d1fa      	bne.n	100012d0 <timer_time_us_64+0x4>
100012da:	4770      	bx	lr

100012dc <time_us_64>:
100012dc:	4b03      	ldr	r3, [pc, #12]	@ (100012ec <time_us_64+0x10>)
100012de:	6a59      	ldr	r1, [r3, #36]	@ 0x24
100012e0:	000a      	movs	r2, r1
100012e2:	6a98      	ldr	r0, [r3, #40]	@ 0x28
100012e4:	6a59      	ldr	r1, [r3, #36]	@ 0x24
100012e6:	4291      	cmp	r1, r2
100012e8:	d1fa      	bne.n	100012e0 <time_us_64+0x4>
100012ea:	4770      	bx	lr
100012ec:	40054000 	.word	0x40054000

100012f0 <busy_wait_us>:
100012f0:	b570      	push	{r4, r5, r6, lr}
100012f2:	0004      	movs	r4, r0
100012f4:	000d      	movs	r5, r1
100012f6:	4a17      	ldr	r2, [pc, #92]	@ (10001354 <busy_wait_us+0x64>)
100012f8:	6a53      	ldr	r3, [r2, #36]	@ 0x24
100012fa:	0019      	movs	r1, r3
100012fc:	6a96      	ldr	r6, [r2, #40]	@ 0x28
100012fe:	6a53      	ldr	r3, [r2, #36]	@ 0x24
10001300:	428b      	cmp	r3, r1
10001302:	d1fa      	bne.n	100012fa <busy_wait_us+0xa>
10001304:	0030      	movs	r0, r6
10001306:	0019      	movs	r1, r3
10001308:	1824      	adds	r4, r4, r0
1000130a:	414d      	adcs	r5, r1
1000130c:	42ab      	cmp	r3, r5
1000130e:	d816      	bhi.n	1000133e <busy_wait_us+0x4e>
10001310:	d013      	beq.n	1000133a <busy_wait_us+0x4a>
10001312:	4b10      	ldr	r3, [pc, #64]	@ (10001354 <busy_wait_us+0x64>)
10001314:	002a      	movs	r2, r5
10001316:	6a5b      	ldr	r3, [r3, #36]	@ 0x24
10001318:	429d      	cmp	r5, r3
1000131a:	d903      	bls.n	10001324 <busy_wait_us+0x34>
1000131c:	490d      	ldr	r1, [pc, #52]	@ (10001354 <busy_wait_us+0x64>)
1000131e:	6a4b      	ldr	r3, [r1, #36]	@ 0x24
10001320:	4293      	cmp	r3, r2
10001322:	d3fc      	bcc.n	1000131e <busy_wait_us+0x2e>
10001324:	4293      	cmp	r3, r2
10001326:	d107      	bne.n	10001338 <busy_wait_us+0x48>
10001328:	4a0a      	ldr	r2, [pc, #40]	@ (10001354 <busy_wait_us+0x64>)
1000132a:	e002      	b.n	10001332 <busy_wait_us+0x42>
1000132c:	6a51      	ldr	r1, [r2, #36]	@ 0x24
1000132e:	4299      	cmp	r1, r3
10001330:	d102      	bne.n	10001338 <busy_wait_us+0x48>
10001332:	6a91      	ldr	r1, [r2, #40]	@ 0x28
10001334:	42a1      	cmp	r1, r4
10001336:	d3f9      	bcc.n	1000132c <busy_wait_us+0x3c>
10001338:	bd70      	pop	{r4, r5, r6, pc}
1000133a:	42a6      	cmp	r6, r4
1000133c:	d9e9      	bls.n	10001312 <busy_wait_us+0x22>
1000133e:	4b05      	ldr	r3, [pc, #20]	@ (10001354 <busy_wait_us+0x64>)
10001340:	6a5b      	ldr	r3, [r3, #36]	@ 0x24
10001342:	001c      	movs	r4, r3
10001344:	1c5a      	adds	r2, r3, #1
10001346:	d0ef      	beq.n	10001328 <busy_wait_us+0x38>
10001348:	2201      	movs	r2, #1
1000134a:	2401      	movs	r4, #1
1000134c:	4264      	negs	r4, r4
1000134e:	17e5      	asrs	r5, r4, #31
10001350:	4252      	negs	r2, r2
10001352:	e7e3      	b.n	1000131c <busy_wait_us+0x2c>
10001354:	40054000 	.word	0x40054000

10001358 <busy_wait_until>:
10001358:	4a06      	ldr	r2, [pc, #24]	@ (10001374 <busy_wait_until+0x1c>)
1000135a:	6a53      	ldr	r3, [r2, #36]	@ 0x24
1000135c:	4299      	cmp	r1, r3
1000135e:	d8fc      	bhi.n	1000135a <busy_wait_until+0x2>
10001360:	d107      	bne.n	10001372 <busy_wait_until+0x1a>
10001362:	4b04      	ldr	r3, [pc, #16]	@ (10001374 <busy_wait_until+0x1c>)
10001364:	e002      	b.n	1000136c <busy_wait_until+0x14>
10001366:	6a5a      	ldr	r2, [r3, #36]	@ 0x24
10001368:	4291      	cmp	r1, r2
1000136a:	d102      	bne.n	10001372 <busy_wait_until+0x1a>
1000136c:	6a9a      	ldr	r2, [r3, #40]	@ 0x28
1000136e:	4290      	cmp	r0, r2
10001370:	d8f9      	bhi.n	10001366 <busy_wait_until+0xe>
10001372:	4770      	bx	lr
10001374:	40054000 	.word	0x40054000

10001378 <uart_init>:
10001378:	b5f8      	push	{r3, r4, r5, r6, r7, lr}
1000137a:	0004      	movs	r4, r0
1000137c:	2006      	movs	r0, #6
1000137e:	000d      	movs	r5, r1
10001380:	f000 f978 	bl	10001674 <clock_get_hz>
10001384:	2800      	cmp	r0, #0
10001386:	d044      	beq.n	10001412 <uart_init+0x9a>
10001388:	4b37      	ldr	r3, [pc, #220]	@ (10001468 <uart_init+0xf0>)
1000138a:	4938      	ldr	r1, [pc, #224]	@ (1000146c <uart_init+0xf4>)
1000138c:	18e3      	adds	r3, r4, r3
1000138e:	1e5a      	subs	r2, r3, #1
10001390:	4193      	sbcs	r3, r2
10001392:	2280      	movs	r2, #128	@ 0x80
10001394:	0412      	lsls	r2, r2, #16
10001396:	4694      	mov	ip, r2
10001398:	425b      	negs	r3, r3
1000139a:	0d9b      	lsrs	r3, r3, #22
1000139c:	4a34      	ldr	r2, [pc, #208]	@ (10001470 <uart_init+0xf8>)
1000139e:	059b      	lsls	r3, r3, #22
100013a0:	4463      	add	r3, ip
100013a2:	6013      	str	r3, [r2, #0]
100013a4:	4a33      	ldr	r2, [pc, #204]	@ (10001474 <uart_init+0xfc>)
100013a6:	6013      	str	r3, [r2, #0]
100013a8:	0018      	movs	r0, r3
100013aa:	680a      	ldr	r2, [r1, #0]
100013ac:	4390      	bics	r0, r2
100013ae:	d1fb      	bne.n	100013a8 <uart_init+0x30>
100013b0:	4b2d      	ldr	r3, [pc, #180]	@ (10001468 <uart_init+0xf0>)
100013b2:	4a31      	ldr	r2, [pc, #196]	@ (10001478 <uart_init+0x100>)
100013b4:	18e3      	adds	r3, r4, r3
100013b6:	4259      	negs	r1, r3
100013b8:	414b      	adcs	r3, r1
100013ba:	2180      	movs	r1, #128	@ 0x80
100013bc:	005b      	lsls	r3, r3, #1
100013be:	0049      	lsls	r1, r1, #1
100013c0:	2006      	movs	r0, #6
100013c2:	5299      	strh	r1, [r3, r2]
100013c4:	f000 f956 	bl	10001674 <clock_get_hz>
100013c8:	0029      	movs	r1, r5
100013ca:	00c0      	lsls	r0, r0, #3
100013cc:	f000 fbac 	bl	10001b28 <__wrap___aeabi_uidiv>
100013d0:	3001      	adds	r0, #1
100013d2:	09c3      	lsrs	r3, r0, #7
100013d4:	d11e      	bne.n	10001414 <uart_init+0x9c>
100013d6:	2740      	movs	r7, #64	@ 0x40
100013d8:	2201      	movs	r2, #1
100013da:	6262      	str	r2, [r4, #36]	@ 0x24
100013dc:	62a3      	str	r3, [r4, #40]	@ 0x28
100013de:	6b26      	ldr	r6, [r4, #48]	@ 0x30
100013e0:	07f3      	lsls	r3, r6, #31
100013e2:	d422      	bmi.n	1000142a <uart_init+0xb2>
100013e4:	6ae3      	ldr	r3, [r4, #44]	@ 0x2c
100013e6:	4b25      	ldr	r3, [pc, #148]	@ (1000147c <uart_init+0x104>)
100013e8:	2006      	movs	r0, #6
100013ea:	18e5      	adds	r5, r4, r3
100013ec:	2300      	movs	r3, #0
100013ee:	602b      	str	r3, [r5, #0]
100013f0:	6326      	str	r6, [r4, #48]	@ 0x30
100013f2:	f000 f93f 	bl	10001674 <clock_get_hz>
100013f6:	0039      	movs	r1, r7
100013f8:	0080      	lsls	r0, r0, #2
100013fa:	f000 fb95 	bl	10001b28 <__wrap___aeabi_uidiv>
100013fe:	2370      	movs	r3, #112	@ 0x70
10001400:	6ae2      	ldr	r2, [r4, #44]	@ 0x2c
10001402:	405a      	eors	r2, r3
10001404:	330e      	adds	r3, #14
10001406:	4013      	ands	r3, r2
10001408:	602b      	str	r3, [r5, #0]
1000140a:	4b1d      	ldr	r3, [pc, #116]	@ (10001480 <uart_init+0x108>)
1000140c:	6323      	str	r3, [r4, #48]	@ 0x30
1000140e:	2303      	movs	r3, #3
10001410:	64a3      	str	r3, [r4, #72]	@ 0x48
10001412:	bdf8      	pop	{r3, r4, r5, r6, r7, pc}
10001414:	4a1b      	ldr	r2, [pc, #108]	@ (10001484 <uart_init+0x10c>)
10001416:	4293      	cmp	r3, r2
10001418:	d91e      	bls.n	10001458 <uart_init+0xe0>
1000141a:	2300      	movs	r3, #0
1000141c:	4a1a      	ldr	r2, [pc, #104]	@ (10001488 <uart_init+0x110>)
1000141e:	4f1b      	ldr	r7, [pc, #108]	@ (1000148c <uart_init+0x114>)
10001420:	6262      	str	r2, [r4, #36]	@ 0x24
10001422:	62a3      	str	r3, [r4, #40]	@ 0x28
10001424:	6b26      	ldr	r6, [r4, #48]	@ 0x30
10001426:	07f3      	lsls	r3, r6, #31
10001428:	d5dc      	bpl.n	100013e4 <uart_init+0x6c>
1000142a:	4b19      	ldr	r3, [pc, #100]	@ (10001490 <uart_init+0x118>)
1000142c:	4a14      	ldr	r2, [pc, #80]	@ (10001480 <uart_init+0x108>)
1000142e:	18e3      	adds	r3, r4, r3
10001430:	601a      	str	r2, [r3, #0]
10001432:	6a65      	ldr	r5, [r4, #36]	@ 0x24
10001434:	6aa3      	ldr	r3, [r4, #40]	@ 0x28
10001436:	2006      	movs	r0, #6
10001438:	01ad      	lsls	r5, r5, #6
1000143a:	18ed      	adds	r5, r5, r3
1000143c:	f000 f91a 	bl	10001674 <clock_get_hz>
10001440:	4914      	ldr	r1, [pc, #80]	@ (10001494 <uart_init+0x11c>)
10001442:	f000 fb71 	bl	10001b28 <__wrap___aeabi_uidiv>
10001446:	02ad      	lsls	r5, r5, #10
10001448:	0001      	movs	r1, r0
1000144a:	0028      	movs	r0, r5
1000144c:	f000 fb6c 	bl	10001b28 <__wrap___aeabi_uidiv>
10001450:	2100      	movs	r1, #0
10001452:	f7ff ff4d 	bl	100012f0 <busy_wait_us>
10001456:	e7c5      	b.n	100013e4 <uart_init+0x6c>
10001458:	0640      	lsls	r0, r0, #25
1000145a:	0e80      	lsrs	r0, r0, #26
1000145c:	019f      	lsls	r7, r3, #6
1000145e:	001a      	movs	r2, r3
10001460:	183f      	adds	r7, r7, r0
10001462:	0003      	movs	r3, r0
10001464:	e7b9      	b.n	100013da <uart_init+0x62>
10001466:	46c0      	nop			@ (mov r8, r8)
10001468:	bffc8000 	.word	0xbffc8000
1000146c:	4000c008 	.word	0x4000c008
10001470:	4000e000 	.word	0x4000e000
10001474:	4000f000 	.word	0x4000f000
10001478:	20001c7c 	.word	0x20001c7c
1000147c:	0000102c 	.word	0x0000102c
10001480:	00000301 	.word	0x00000301
10001484:	0000fffe 	.word	0x0000fffe
10001488:	0000ffff 	.word	0x0000ffff
1000148c:	003fffc0 	.word	0x003fffc0
10001490:	00003030 	.word	0x00003030
10001494:	00000e4e 	.word	0x00000e4e

10001498 <clock_configure_int_divider>:
10001498:	b5f8      	push	{r3, r4, r5, r6, r7, lr}
1000149a:	46de      	mov	lr, fp
1000149c:	464e      	mov	r6, r9
1000149e:	4657      	mov	r7, sl
100014a0:	4645      	mov	r5, r8
100014a2:	b5e0      	push	{r5, r6, r7, lr}
100014a4:	468b      	mov	fp, r1
100014a6:	0005      	movs	r5, r0
100014a8:	990a      	ldr	r1, [sp, #40]	@ 0x28
100014aa:	0018      	movs	r0, r3
100014ac:	0016      	movs	r6, r2
100014ae:	f000 fb3b 	bl	10001b28 <__wrap___aeabi_uidiv>
100014b2:	9b0a      	ldr	r3, [sp, #40]	@ 0x28
100014b4:	006c      	lsls	r4, r5, #1
100014b6:	021f      	lsls	r7, r3, #8
100014b8:	4b32      	ldr	r3, [pc, #200]	@ (10001584 <clock_configure_int_divider+0xec>)
100014ba:	1964      	adds	r4, r4, r5
100014bc:	469c      	mov	ip, r3
100014be:	00a4      	lsls	r4, r4, #2
100014c0:	4464      	add	r4, ip
100014c2:	6863      	ldr	r3, [r4, #4]
100014c4:	4681      	mov	r9, r0
100014c6:	429f      	cmp	r7, r3
100014c8:	d900      	bls.n	100014cc <clock_configure_int_divider+0x34>
100014ca:	6067      	str	r7, [r4, #4]
100014cc:	1f2b      	subs	r3, r5, #4
100014ce:	b2db      	uxtb	r3, r3
100014d0:	4698      	mov	r8, r3
100014d2:	2b01      	cmp	r3, #1
100014d4:	d930      	bls.n	10001538 <clock_configure_int_divider+0xa0>
100014d6:	23c0      	movs	r3, #192	@ 0xc0
100014d8:	2280      	movs	r2, #128	@ 0x80
100014da:	019b      	lsls	r3, r3, #6
100014dc:	18e3      	adds	r3, r4, r3
100014de:	0112      	lsls	r2, r2, #4
100014e0:	601a      	str	r2, [r3, #0]
100014e2:	4b29      	ldr	r3, [pc, #164]	@ (10001588 <clock_configure_int_divider+0xf0>)
100014e4:	00ad      	lsls	r5, r5, #2
100014e6:	5959      	ldr	r1, [r3, r5]
100014e8:	469a      	mov	sl, r3
100014ea:	2900      	cmp	r1, #0
100014ec:	d11b      	bne.n	10001526 <clock_configure_int_divider+0x8e>
100014ee:	0173      	lsls	r3, r6, #5
100014f0:	26e0      	movs	r6, #224	@ 0xe0
100014f2:	6822      	ldr	r2, [r4, #0]
100014f4:	4053      	eors	r3, r2
100014f6:	401e      	ands	r6, r3
100014f8:	2380      	movs	r3, #128	@ 0x80
100014fa:	4642      	mov	r2, r8
100014fc:	015b      	lsls	r3, r3, #5
100014fe:	18e3      	adds	r3, r4, r3
10001500:	601e      	str	r6, [r3, #0]
10001502:	2a01      	cmp	r2, #1
10001504:	d930      	bls.n	10001568 <clock_configure_int_divider+0xd0>
10001506:	2380      	movs	r3, #128	@ 0x80
10001508:	2280      	movs	r2, #128	@ 0x80
1000150a:	019b      	lsls	r3, r3, #6
1000150c:	18e3      	adds	r3, r4, r3
1000150e:	0112      	lsls	r2, r2, #4
10001510:	601a      	str	r2, [r3, #0]
10001512:	4653      	mov	r3, sl
10001514:	464a      	mov	r2, r9
10001516:	6067      	str	r7, [r4, #4]
10001518:	515a      	str	r2, [r3, r5]
1000151a:	bcf0      	pop	{r4, r5, r6, r7}
1000151c:	46bb      	mov	fp, r7
1000151e:	46b2      	mov	sl, r6
10001520:	46a9      	mov	r9, r5
10001522:	46a0      	mov	r8, r4
10001524:	bdf8      	pop	{r3, r4, r5, r6, r7, pc}
10001526:	6958      	ldr	r0, [r3, #20]
10001528:	f000 fafe 	bl	10001b28 <__wrap___aeabi_uidiv>
1000152c:	3001      	adds	r0, #1
1000152e:	0043      	lsls	r3, r0, #1
10001530:	181b      	adds	r3, r3, r0
10001532:	3b03      	subs	r3, #3
10001534:	d2fd      	bcs.n	10001532 <clock_configure_int_divider+0x9a>
10001536:	e7da      	b.n	100014ee <clock_configure_int_divider+0x56>
10001538:	465b      	mov	r3, fp
1000153a:	2b01      	cmp	r3, #1
1000153c:	d1cb      	bne.n	100014d6 <clock_configure_int_divider+0x3e>
1000153e:	23c0      	movs	r3, #192	@ 0xc0
10001540:	2203      	movs	r2, #3
10001542:	019b      	lsls	r3, r3, #6
10001544:	18e3      	adds	r3, r4, r3
10001546:	601a      	str	r2, [r3, #0]
10001548:	3a02      	subs	r2, #2
1000154a:	68a3      	ldr	r3, [r4, #8]
1000154c:	421a      	tst	r2, r3
1000154e:	d0fc      	beq.n	1000154a <clock_configure_int_divider+0xb2>
10001550:	0173      	lsls	r3, r6, #5
10001552:	26e0      	movs	r6, #224	@ 0xe0
10001554:	6822      	ldr	r2, [r4, #0]
10001556:	00ad      	lsls	r5, r5, #2
10001558:	4053      	eors	r3, r2
1000155a:	401e      	ands	r6, r3
1000155c:	2380      	movs	r3, #128	@ 0x80
1000155e:	4a0a      	ldr	r2, [pc, #40]	@ (10001588 <clock_configure_int_divider+0xf0>)
10001560:	015b      	lsls	r3, r3, #5
10001562:	4692      	mov	sl, r2
10001564:	18e3      	adds	r3, r4, r3
10001566:	601e      	str	r6, [r3, #0]
10001568:	465a      	mov	r2, fp
1000156a:	6821      	ldr	r1, [r4, #0]
1000156c:	4051      	eors	r1, r2
1000156e:	2203      	movs	r2, #3
10001570:	400a      	ands	r2, r1
10001572:	601a      	str	r2, [r3, #0]
10001574:	2201      	movs	r2, #1
10001576:	465b      	mov	r3, fp
10001578:	409a      	lsls	r2, r3
1000157a:	68a3      	ldr	r3, [r4, #8]
1000157c:	421a      	tst	r2, r3
1000157e:	d0fc      	beq.n	1000157a <clock_configure_int_divider+0xe2>
10001580:	e7c1      	b.n	10001506 <clock_configure_int_divider+0x6e>
10001582:	46c0      	nop			@ (mov r8, r8)
10001584:	40008000 	.word	0x40008000
10001588:	200016e4 	.word	0x200016e4

1000158c <clock_configure_undivided>:
1000158c:	b5f0      	push	{r4, r5, r6, r7, lr}
1000158e:	4646      	mov	r6, r8
10001590:	464f      	mov	r7, r9
10001592:	46d6      	mov	lr, sl
10001594:	b5c0      	push	{r6, r7, lr}
10001596:	001f      	movs	r7, r3
10001598:	4b34      	ldr	r3, [pc, #208]	@ (1000166c <clock_configure_undivided+0xe0>)
1000159a:	0044      	lsls	r4, r0, #1
1000159c:	469c      	mov	ip, r3
1000159e:	1824      	adds	r4, r4, r0
100015a0:	00a4      	lsls	r4, r4, #2
100015a2:	4464      	add	r4, ip
100015a4:	6863      	ldr	r3, [r4, #4]
100015a6:	4688      	mov	r8, r1
100015a8:	0016      	movs	r6, r2
100015aa:	2bff      	cmp	r3, #255	@ 0xff
100015ac:	d802      	bhi.n	100015b4 <clock_configure_undivided+0x28>
100015ae:	2380      	movs	r3, #128	@ 0x80
100015b0:	005b      	lsls	r3, r3, #1
100015b2:	6063      	str	r3, [r4, #4]
100015b4:	1f03      	subs	r3, r0, #4
100015b6:	b2db      	uxtb	r3, r3
100015b8:	469a      	mov	sl, r3
100015ba:	2b01      	cmp	r3, #1
100015bc:	d930      	bls.n	10001620 <clock_configure_undivided+0x94>
100015be:	23c0      	movs	r3, #192	@ 0xc0
100015c0:	2280      	movs	r2, #128	@ 0x80
100015c2:	019b      	lsls	r3, r3, #6
100015c4:	18e3      	adds	r3, r4, r3
100015c6:	0112      	lsls	r2, r2, #4
100015c8:	601a      	str	r2, [r3, #0]
100015ca:	4b29      	ldr	r3, [pc, #164]	@ (10001670 <clock_configure_undivided+0xe4>)
100015cc:	0085      	lsls	r5, r0, #2
100015ce:	5959      	ldr	r1, [r3, r5]
100015d0:	4699      	mov	r9, r3
100015d2:	2900      	cmp	r1, #0
100015d4:	d11b      	bne.n	1000160e <clock_configure_undivided+0x82>
100015d6:	0173      	lsls	r3, r6, #5
100015d8:	26e0      	movs	r6, #224	@ 0xe0
100015da:	6822      	ldr	r2, [r4, #0]
100015dc:	4053      	eors	r3, r2
100015de:	401e      	ands	r6, r3
100015e0:	2380      	movs	r3, #128	@ 0x80
100015e2:	4652      	mov	r2, sl
100015e4:	015b      	lsls	r3, r3, #5
100015e6:	18e3      	adds	r3, r4, r3
100015e8:	601e      	str	r6, [r3, #0]
100015ea:	2a01      	cmp	r2, #1
100015ec:	d930      	bls.n	10001650 <clock_configure_undivided+0xc4>
100015ee:	2380      	movs	r3, #128	@ 0x80
100015f0:	2280      	movs	r2, #128	@ 0x80
100015f2:	019b      	lsls	r3, r3, #6
100015f4:	18e3      	adds	r3, r4, r3
100015f6:	0112      	lsls	r2, r2, #4
100015f8:	601a      	str	r2, [r3, #0]
100015fa:	2380      	movs	r3, #128	@ 0x80
100015fc:	005b      	lsls	r3, r3, #1
100015fe:	6063      	str	r3, [r4, #4]
10001600:	464b      	mov	r3, r9
10001602:	515f      	str	r7, [r3, r5]
10001604:	bce0      	pop	{r5, r6, r7}
10001606:	46ba      	mov	sl, r7
10001608:	46b1      	mov	r9, r6
1000160a:	46a8      	mov	r8, r5
1000160c:	bdf0      	pop	{r4, r5, r6, r7, pc}
1000160e:	6958      	ldr	r0, [r3, #20]
10001610:	f000 fa8a 	bl	10001b28 <__wrap___aeabi_uidiv>
10001614:	3001      	adds	r0, #1
10001616:	0043      	lsls	r3, r0, #1
10001618:	181b      	adds	r3, r3, r0
1000161a:	3b03      	subs	r3, #3
1000161c:	d2fd      	bcs.n	1000161a <clock_configure_undivided+0x8e>
1000161e:	e7da      	b.n	100015d6 <clock_configure_undivided+0x4a>
10001620:	4643      	mov	r3, r8
10001622:	2b01      	cmp	r3, #1
10001624:	d1cb      	bne.n	100015be <clock_configure_undivided+0x32>
10001626:	23c0      	movs	r3, #192	@ 0xc0
10001628:	2203      	movs	r2, #3
1000162a:	019b      	lsls	r3, r3, #6
1000162c:	18e3      	adds	r3, r4, r3
1000162e:	601a      	str	r2, [r3, #0]
10001630:	3a02      	subs	r2, #2
10001632:	68a3      	ldr	r3, [r4, #8]
10001634:	421a      	tst	r2, r3
10001636:	d0fc      	beq.n	10001632 <clock_configure_undivided+0xa6>
10001638:	0173      	lsls	r3, r6, #5
1000163a:	26e0      	movs	r6, #224	@ 0xe0
1000163c:	6822      	ldr	r2, [r4, #0]
1000163e:	0085      	lsls	r5, r0, #2
10001640:	4053      	eors	r3, r2
10001642:	401e      	ands	r6, r3
10001644:	2380      	movs	r3, #128	@ 0x80
10001646:	4a0a      	ldr	r2, [pc, #40]	@ (10001670 <clock_configure_undivided+0xe4>)
10001648:	015b      	lsls	r3, r3, #5
1000164a:	4691      	mov	r9, r2
1000164c:	18e3      	adds	r3, r4, r3
1000164e:	601e      	str	r6, [r3, #0]
10001650:	4642      	mov	r2, r8
10001652:	6821      	ldr	r1, [r4, #0]
10001654:	4051      	eors	r1, r2
10001656:	2203      	movs	r2, #3
10001658:	400a      	ands	r2, r1
1000165a:	601a      	str	r2, [r3, #0]
1000165c:	2301      	movs	r3, #1
1000165e:	4642      	mov	r2, r8
10001660:	4093      	lsls	r3, r2
10001662:	68a2      	ldr	r2, [r4, #8]
10001664:	4213      	tst	r3, r2
10001666:	d0fc      	beq.n	10001662 <clock_configure_undivided+0xd6>
10001668:	e7c1      	b.n	100015ee <clock_configure_undivided+0x62>
1000166a:	46c0      	nop			@ (mov r8, r8)
1000166c:	40008000 	.word	0x40008000
10001670:	200016e4 	.word	0x200016e4

10001674 <clock_get_hz>:
10001674:	4b01      	ldr	r3, [pc, #4]	@ (1000167c <clock_get_hz+0x8>)
10001676:	0080      	lsls	r0, r0, #2
10001678:	58c0      	ldr	r0, [r0, r3]
1000167a:	4770      	bx	lr
1000167c:	200016e4 	.word	0x200016e4

10001680 <pll_init>:
10001680:	b5f8      	push	{r3, r4, r5, r6, r7, lr}
10001682:	0004      	movs	r4, r0
10001684:	4821      	ldr	r0, [pc, #132]	@ (1000170c <pll_init+0x8c>)
10001686:	001e      	movs	r6, r3
10001688:	0017      	movs	r7, r2
1000168a:	000d      	movs	r5, r1
1000168c:	f000 fa4c 	bl	10001b28 <__wrap___aeabi_uidiv>
10001690:	0001      	movs	r1, r0
10001692:	0038      	movs	r0, r7
10001694:	f000 fa48 	bl	10001b28 <__wrap___aeabi_uidiv>
10001698:	9b06      	ldr	r3, [sp, #24]
1000169a:	0436      	lsls	r6, r6, #16
1000169c:	031b      	lsls	r3, r3, #12
1000169e:	431e      	orrs	r6, r3
100016a0:	6823      	ldr	r3, [r4, #0]
100016a2:	2b00      	cmp	r3, #0
100016a4:	db20      	blt.n	100016e8 <pll_init+0x68>
100016a6:	4b1a      	ldr	r3, [pc, #104]	@ (10001710 <pll_init+0x90>)
100016a8:	491a      	ldr	r1, [pc, #104]	@ (10001714 <pll_init+0x94>)
100016aa:	18e3      	adds	r3, r4, r3
100016ac:	1e5a      	subs	r2, r3, #1
100016ae:	4193      	sbcs	r3, r2
100016b0:	2280      	movs	r2, #128	@ 0x80
100016b2:	0192      	lsls	r2, r2, #6
100016b4:	4694      	mov	ip, r2
100016b6:	425b      	negs	r3, r3
100016b8:	0b1b      	lsrs	r3, r3, #12
100016ba:	4a17      	ldr	r2, [pc, #92]	@ (10001718 <pll_init+0x98>)
100016bc:	031b      	lsls	r3, r3, #12
100016be:	4463      	add	r3, ip
100016c0:	6013      	str	r3, [r2, #0]
100016c2:	4a16      	ldr	r2, [pc, #88]	@ (1000171c <pll_init+0x9c>)
100016c4:	6013      	str	r3, [r2, #0]
100016c6:	001f      	movs	r7, r3
100016c8:	680a      	ldr	r2, [r1, #0]
100016ca:	4397      	bics	r7, r2
100016cc:	d1fb      	bne.n	100016c6 <pll_init+0x46>
100016ce:	4b14      	ldr	r3, [pc, #80]	@ (10001720 <pll_init+0xa0>)
100016d0:	6025      	str	r5, [r4, #0]
100016d2:	18e2      	adds	r2, r4, r3
100016d4:	2321      	movs	r3, #33	@ 0x21
100016d6:	60a0      	str	r0, [r4, #8]
100016d8:	6013      	str	r3, [r2, #0]
100016da:	6823      	ldr	r3, [r4, #0]
100016dc:	2b00      	cmp	r3, #0
100016de:	dafc      	bge.n	100016da <pll_init+0x5a>
100016e0:	2308      	movs	r3, #8
100016e2:	60e6      	str	r6, [r4, #12]
100016e4:	6013      	str	r3, [r2, #0]
100016e6:	bdf8      	pop	{r3, r4, r5, r6, r7, pc}
100016e8:	233f      	movs	r3, #63	@ 0x3f
100016ea:	6822      	ldr	r2, [r4, #0]
100016ec:	4013      	ands	r3, r2
100016ee:	42ab      	cmp	r3, r5
100016f0:	d1d9      	bne.n	100016a6 <pll_init+0x26>
100016f2:	68a3      	ldr	r3, [r4, #8]
100016f4:	051b      	lsls	r3, r3, #20
100016f6:	0d1b      	lsrs	r3, r3, #20
100016f8:	4283      	cmp	r3, r0
100016fa:	d1d4      	bne.n	100016a6 <pll_init+0x26>
100016fc:	22ee      	movs	r2, #238	@ 0xee
100016fe:	68e3      	ldr	r3, [r4, #12]
10001700:	02d2      	lsls	r2, r2, #11
10001702:	4013      	ands	r3, r2
10001704:	42b3      	cmp	r3, r6
10001706:	d1ce      	bne.n	100016a6 <pll_init+0x26>
10001708:	e7ed      	b.n	100016e6 <pll_init+0x66>
1000170a:	46c0      	nop			@ (mov r8, r8)
1000170c:	00b71b00 	.word	0x00b71b00
10001710:	bffd4000 	.word	0xbffd4000
10001714:	4000c008 	.word	0x4000c008
10001718:	4000e000 	.word	0x4000e000
1000171c:	4000f000 	.word	0x4000f000
10001720:	00003004 	.word	0x00003004

10001724 <watchdog_reboot>:
10001724:	b510      	push	{r4, lr}
10001726:	2480      	movs	r4, #128	@ 0x80
10001728:	4b1c      	ldr	r3, [pc, #112]	@ (1000179c <watchdog_reboot+0x78>)
1000172a:	05e4      	lsls	r4, r4, #23
1000172c:	601c      	str	r4, [r3, #0]
1000172e:	2800      	cmp	r0, #0
10001730:	d01a      	beq.n	10001768 <watchdog_reboot+0x44>
10001732:	2301      	movs	r3, #1
10001734:	4c1a      	ldr	r4, [pc, #104]	@ (100017a0 <watchdog_reboot+0x7c>)
10001736:	4318      	orrs	r0, r3
10001738:	4b1a      	ldr	r3, [pc, #104]	@ (100017a4 <watchdog_reboot+0x80>)
1000173a:	61dc      	str	r4, [r3, #28]
1000173c:	4c1a      	ldr	r4, [pc, #104]	@ (100017a8 <watchdog_reboot+0x84>)
1000173e:	4044      	eors	r4, r0
10001740:	621c      	str	r4, [r3, #32]
10001742:	6259      	str	r1, [r3, #36]	@ 0x24
10001744:	6298      	str	r0, [r3, #40]	@ 0x28
10001746:	2180      	movs	r1, #128	@ 0x80
10001748:	4b14      	ldr	r3, [pc, #80]	@ (1000179c <watchdog_reboot+0x78>)
1000174a:	05c9      	lsls	r1, r1, #23
1000174c:	6019      	str	r1, [r3, #0]
1000174e:	4817      	ldr	r0, [pc, #92]	@ (100017ac <watchdog_reboot+0x88>)
10001750:	4917      	ldr	r1, [pc, #92]	@ (100017b0 <watchdog_reboot+0x8c>)
10001752:	6008      	str	r0, [r1, #0]
10001754:	21e0      	movs	r1, #224	@ 0xe0
10001756:	04c9      	lsls	r1, r1, #19
10001758:	6019      	str	r1, [r3, #0]
1000175a:	2a00      	cmp	r2, #0
1000175c:	d107      	bne.n	1000176e <watchdog_reboot+0x4a>
1000175e:	2280      	movs	r2, #128	@ 0x80
10001760:	4b14      	ldr	r3, [pc, #80]	@ (100017b4 <watchdog_reboot+0x90>)
10001762:	0612      	lsls	r2, r2, #24
10001764:	601a      	str	r2, [r3, #0]
10001766:	bd10      	pop	{r4, pc}
10001768:	4b0e      	ldr	r3, [pc, #56]	@ (100017a4 <watchdog_reboot+0x80>)
1000176a:	61d8      	str	r0, [r3, #28]
1000176c:	e7eb      	b.n	10001746 <watchdog_reboot+0x22>
1000176e:	0153      	lsls	r3, r2, #5
10001770:	1a9b      	subs	r3, r3, r2
10001772:	009b      	lsls	r3, r3, #2
10001774:	189a      	adds	r2, r3, r2
10001776:	2380      	movs	r3, #128	@ 0x80
10001778:	0112      	lsls	r2, r2, #4
1000177a:	045b      	lsls	r3, r3, #17
1000177c:	429a      	cmp	r2, r3
1000177e:	d209      	bcs.n	10001794 <watchdog_reboot+0x70>
10001780:	0013      	movs	r3, r2
10001782:	490d      	ldr	r1, [pc, #52]	@ (100017b8 <watchdog_reboot+0x94>)
10001784:	600b      	str	r3, [r1, #0]
10001786:	4b07      	ldr	r3, [pc, #28]	@ (100017a4 <watchdog_reboot+0x80>)
10001788:	605a      	str	r2, [r3, #4]
1000178a:	2280      	movs	r2, #128	@ 0x80
1000178c:	4b09      	ldr	r3, [pc, #36]	@ (100017b4 <watchdog_reboot+0x90>)
1000178e:	05d2      	lsls	r2, r2, #23
10001790:	601a      	str	r2, [r3, #0]
10001792:	e7e8      	b.n	10001766 <watchdog_reboot+0x42>
10001794:	4b09      	ldr	r3, [pc, #36]	@ (100017bc <watchdog_reboot+0x98>)
10001796:	001a      	movs	r2, r3
10001798:	e7f3      	b.n	10001782 <watchdog_reboot+0x5e>
1000179a:	46c0      	nop			@ (mov r8, r8)
1000179c:	4005b000 	.word	0x4005b000
100017a0:	b007c0d3 	.word	0xb007c0d3
100017a4:	40058000 	.word	0x40058000
100017a8:	4ff83f2d 	.word	0x4ff83f2d
100017ac:	0001fffc 	.word	0x0001fffc
100017b0:	40012008 	.word	0x40012008
100017b4:	4005a000 	.word	0x4005a000
100017b8:	20001b44 	.word	0x20001b44
100017bc:	00ffffff 	.word	0x00ffffff

100017c0 <tick_start>:
100017c0:	2380      	movs	r3, #128	@ 0x80
100017c2:	4a02      	ldr	r2, [pc, #8]	@ (100017cc <tick_start+0xc>)
100017c4:	009b      	lsls	r3, r3, #2
100017c6:	430b      	orrs	r3, r1
100017c8:	62d3      	str	r3, [r2, #44]	@ 0x2c
100017ca:	4770      	bx	lr
100017cc:	40058000 	.word	0x40058000

100017d0 <rom_func_lookup>:
100017d0:	2300      	movs	r3, #0
100017d2:	b510      	push	{r4, lr}
100017d4:	0001      	movs	r1, r0
100017d6:	8a98      	ldrh	r0, [r3, #20]
100017d8:	8b1b      	ldrh	r3, [r3, #24]
100017da:	4798      	blx	r3
100017dc:	bd10      	pop	{r4, pc}
100017de:	46c0      	nop			@ (mov r8, r8)

100017e0 <rom_data_lookup>:
100017e0:	2316      	movs	r3, #22
100017e2:	b510      	push	{r4, lr}
100017e4:	0001      	movs	r1, r0
100017e6:	8818      	ldrh	r0, [r3, #0]
100017e8:	3302      	adds	r3, #2
100017ea:	881b      	ldrh	r3, [r3, #0]
100017ec:	4798      	blx	r3
100017ee:	bd10      	pop	{r4, pc}

100017f0 <rom_funcs_lookup>:
100017f0:	b5f8      	push	{r3, r4, r5, r6, r7, lr}
100017f2:	4647      	mov	r7, r8
100017f4:	46ce      	mov	lr, r9
100017f6:	b580      	push	{r7, lr}
100017f8:	1e0f      	subs	r7, r1, #0
100017fa:	d018      	beq.n	1000182e <rom_funcs_lookup+0x3e>
100017fc:	2314      	movs	r3, #20
100017fe:	4699      	mov	r9, r3
10001800:	3304      	adds	r3, #4
10001802:	0004      	movs	r4, r0
10001804:	2500      	movs	r5, #0
10001806:	2601      	movs	r6, #1
10001808:	4698      	mov	r8, r3
1000180a:	464b      	mov	r3, r9
1000180c:	8818      	ldrh	r0, [r3, #0]
1000180e:	4643      	mov	r3, r8
10001810:	6821      	ldr	r1, [r4, #0]
10001812:	881b      	ldrh	r3, [r3, #0]
10001814:	4798      	blx	r3
10001816:	c401      	stmia	r4!, {r0}
10001818:	1e43      	subs	r3, r0, #1
1000181a:	4198      	sbcs	r0, r3
1000181c:	3501      	adds	r5, #1
1000181e:	4006      	ands	r6, r0
10001820:	42af      	cmp	r7, r5
10001822:	d1f2      	bne.n	1000180a <rom_funcs_lookup+0x1a>
10001824:	0030      	movs	r0, r6
10001826:	bcc0      	pop	{r6, r7}
10001828:	46b9      	mov	r9, r7
1000182a:	46b0      	mov	r8, r6
1000182c:	bdf8      	pop	{r3, r4, r5, r6, r7, pc}
1000182e:	2601      	movs	r6, #1
10001830:	e7f8      	b.n	10001824 <rom_funcs_lookup+0x34>
10001832:	46c0      	nop			@ (mov r8, r8)

10001834 <rom_reset_usb_boot_extra>:
10001834:	2300      	movs	r3, #0
10001836:	b570      	push	{r4, r5, r6, lr}
10001838:	0004      	movs	r4, r0
1000183a:	000d      	movs	r5, r1
1000183c:	8a98      	ldrh	r0, [r3, #20]
1000183e:	4905      	ldr	r1, [pc, #20]	@ (10001854 <rom_reset_usb_boot_extra+0x20>)
10001840:	8b1b      	ldrh	r3, [r3, #24]
10001842:	4798      	blx	r3
10001844:	0003      	movs	r3, r0
10001846:	2000      	movs	r0, #0
10001848:	2c00      	cmp	r4, #0
1000184a:	db01      	blt.n	10001850 <rom_reset_usb_boot_extra+0x1c>
1000184c:	3001      	adds	r0, #1
1000184e:	40a0      	lsls	r0, r4
10001850:	0029      	movs	r1, r5
10001852:	4798      	blx	r3
10001854:	00004255 	.word	0x00004255

10001858 <xosc_init>:
10001858:	23aa      	movs	r3, #170	@ 0xaa
1000185a:	4a06      	ldr	r2, [pc, #24]	@ (10001874 <xosc_init+0x1c>)
1000185c:	011b      	lsls	r3, r3, #4
1000185e:	6013      	str	r3, [r2, #0]
10001860:	238d      	movs	r3, #141	@ 0x8d
10001862:	005b      	lsls	r3, r3, #1
10001864:	60d3      	str	r3, [r2, #12]
10001866:	4904      	ldr	r1, [pc, #16]	@ (10001878 <xosc_init+0x20>)
10001868:	4b04      	ldr	r3, [pc, #16]	@ (1000187c <xosc_init+0x24>)
1000186a:	6019      	str	r1, [r3, #0]
1000186c:	6853      	ldr	r3, [r2, #4]
1000186e:	2b00      	cmp	r3, #0
10001870:	dafc      	bge.n	1000186c <xosc_init+0x14>
10001872:	4770      	bx	lr
10001874:	40024000 	.word	0x40024000
10001878:	00fab000 	.word	0x00fab000
1000187c:	40026000 	.word	0x40026000

10001880 <first_per_core_initializer>:
10001880:	4770      	bx	lr
10001882:	46c0      	nop			@ (mov r8, r8)

10001884 <hard_assertion_failure>:
10001884:	b510      	push	{r4, lr}
10001886:	4801      	ldr	r0, [pc, #4]	@ (1000188c <hard_assertion_failure+0x8>)
10001888:	f7fe fe18 	bl	100004bc <panic>
1000188c:	10006584 	.word	0x10006584

10001890 <runtime_run_initializers>:
10001890:	b570      	push	{r4, r5, r6, lr}
10001892:	4d07      	ldr	r5, [pc, #28]	@ (100018b0 <runtime_run_initializers+0x20>)
10001894:	4e07      	ldr	r6, [pc, #28]	@ (100018b4 <runtime_run_initializers+0x24>)
10001896:	42b5      	cmp	r5, r6
10001898:	d209      	bcs.n	100018ae <runtime_run_initializers+0x1e>
1000189a:	2400      	movs	r4, #0
1000189c:	3e01      	subs	r6, #1
1000189e:	1b76      	subs	r6, r6, r5
100018a0:	08b6      	lsrs	r6, r6, #2
100018a2:	cd08      	ldmia	r5!, {r3}
100018a4:	4798      	blx	r3
100018a6:	0023      	movs	r3, r4
100018a8:	3401      	adds	r4, #1
100018aa:	42b3      	cmp	r3, r6
100018ac:	d1f9      	bne.n	100018a2 <runtime_run_initializers+0x12>
100018ae:	bd70      	pop	{r4, r5, r6, pc}
100018b0:	10006488 	.word	0x10006488
100018b4:	100064c4 	.word	0x100064c4

100018b8 <runtime_init_early_resets>:
100018b8:	4b05      	ldr	r3, [pc, #20]	@ (100018d0 <runtime_init_early_resets+0x18>)
100018ba:	4a06      	ldr	r2, [pc, #24]	@ (100018d4 <runtime_init_early_resets+0x1c>)
100018bc:	4906      	ldr	r1, [pc, #24]	@ (100018d8 <runtime_init_early_resets+0x20>)
100018be:	601a      	str	r2, [r3, #0]
100018c0:	4a06      	ldr	r2, [pc, #24]	@ (100018dc <runtime_init_early_resets+0x24>)
100018c2:	4b07      	ldr	r3, [pc, #28]	@ (100018e0 <runtime_init_early_resets+0x28>)
100018c4:	601a      	str	r2, [r3, #0]
100018c6:	0010      	movs	r0, r2
100018c8:	680b      	ldr	r3, [r1, #0]
100018ca:	4398      	bics	r0, r3
100018cc:	d1fb      	bne.n	100018c6 <runtime_init_early_resets+0xe>
100018ce:	4770      	bx	lr
100018d0:	4000e000 	.word	0x4000e000
100018d4:	fefbcdbf 	.word	0xfefbcdbf
100018d8:	4000c008 	.word	0x4000c008
100018dc:	003c7ffe 	.word	0x003c7ffe
100018e0:	4000f000 	.word	0x4000f000

100018e4 <runtime_init_usb_power_down>:
100018e4:	4b04      	ldr	r3, [pc, #16]	@ (100018f8 <runtime_init_usb_power_down+0x14>)
100018e6:	6cdb      	ldr	r3, [r3, #76]	@ 0x4c
100018e8:	2b00      	cmp	r3, #0
100018ea:	d103      	bne.n	100018f4 <runtime_init_usb_power_down+0x10>
100018ec:	2280      	movs	r2, #128	@ 0x80
100018ee:	4b03      	ldr	r3, [pc, #12]	@ (100018fc <runtime_init_usb_power_down+0x18>)
100018f0:	02d2      	lsls	r2, r2, #11
100018f2:	601a      	str	r2, [r3, #0]
100018f4:	4770      	bx	lr
100018f6:	46c0      	nop			@ (mov r8, r8)
100018f8:	50110000 	.word	0x50110000
100018fc:	5011204c 	.word	0x5011204c

10001900 <runtime_init_post_clock_resets>:
10001900:	4a04      	ldr	r2, [pc, #16]	@ (10001914 <runtime_init_post_clock_resets+0x14>)
10001902:	4b05      	ldr	r3, [pc, #20]	@ (10001918 <runtime_init_post_clock_resets+0x18>)
10001904:	601a      	str	r2, [r3, #0]
10001906:	4a05      	ldr	r2, [pc, #20]	@ (1000191c <runtime_init_post_clock_resets+0x1c>)
10001908:	6813      	ldr	r3, [r2, #0]
1000190a:	01db      	lsls	r3, r3, #7
1000190c:	3380      	adds	r3, #128	@ 0x80
1000190e:	d1fb      	bne.n	10001908 <runtime_init_post_clock_resets+0x8>
10001910:	4770      	bx	lr
10001912:	46c0      	nop			@ (mov r8, r8)
10001914:	01ffffff 	.word	0x01ffffff
10001918:	4000f000 	.word	0x4000f000
1000191c:	4000c008 	.word	0x4000c008

10001920 <runtime_init_rp2040_gpio_ie_disable>:
10001920:	2240      	movs	r2, #64	@ 0x40
10001922:	4b03      	ldr	r3, [pc, #12]	@ (10001930 <runtime_init_rp2040_gpio_ie_disable+0x10>)
10001924:	679a      	str	r2, [r3, #120]	@ 0x78
10001926:	675a      	str	r2, [r3, #116]	@ 0x74
10001928:	671a      	str	r2, [r3, #112]	@ 0x70
1000192a:	66da      	str	r2, [r3, #108]	@ 0x6c
1000192c:	4770      	bx	lr
1000192e:	46c0      	nop			@ (mov r8, r8)
10001930:	4001f000 	.word	0x4001f000

10001934 <runtime_init_spin_locks_reset>:
10001934:	b510      	push	{r4, lr}
10001936:	f7fe fe5d 	bl	100005f4 <spin_locks_reset>
1000193a:	bd10      	pop	{r4, pc}

1000193c <runtime_init_install_ram_vector_table>:
1000193c:	b5f8      	push	{r3, r4, r5, r6, r7, lr}
1000193e:	4927      	ldr	r1, [pc, #156]	@ (100019dc <runtime_init_install_ram_vector_table+0xa0>)
10001940:	4c27      	ldr	r4, [pc, #156]	@ (100019e0 <runtime_init_install_ram_vector_table+0xa4>)
10001942:	4d28      	ldr	r5, [pc, #160]	@ (100019e4 <runtime_init_install_ram_vector_table+0xa8>)
10001944:	1a64      	subs	r4, r4, r1
10001946:	08a4      	lsrs	r4, r4, #2
10001948:	0022      	movs	r2, r4
1000194a:	2c30      	cmp	r4, #48	@ 0x30
1000194c:	d900      	bls.n	10001950 <runtime_init_install_ram_vector_table+0x14>
1000194e:	2230      	movs	r2, #48	@ 0x30
10001950:	0028      	movs	r0, r5
10001952:	0092      	lsls	r2, r2, #2
10001954:	f000 fcbe 	bl	100022d4 <__wrap___aeabi_memcpy>
10001958:	2c2f      	cmp	r4, #47	@ 0x2f
1000195a:	d83b      	bhi.n	100019d4 <runtime_init_install_ram_vector_table+0x98>
1000195c:	2030      	movs	r0, #48	@ 0x30
1000195e:	212f      	movs	r1, #47	@ 0x2f
10001960:	00a7      	lsls	r7, r4, #2
10001962:	19eb      	adds	r3, r5, r7
10001964:	075b      	lsls	r3, r3, #29
10001966:	4a20      	ldr	r2, [pc, #128]	@ (100019e8 <runtime_init_install_ram_vector_table+0xac>)
10001968:	1b00      	subs	r0, r0, r4
1000196a:	0fdb      	lsrs	r3, r3, #31
1000196c:	1b09      	subs	r1, r1, r4
1000196e:	2905      	cmp	r1, #5
10001970:	d916      	bls.n	100019a0 <runtime_init_install_ram_vector_table+0x64>
10001972:	0026      	movs	r6, r4
10001974:	2b00      	cmp	r3, #0
10001976:	d001      	beq.n	1000197c <runtime_init_install_ram_vector_table+0x40>
10001978:	51ea      	str	r2, [r5, r7]
1000197a:	1c66      	adds	r6, r4, #1
1000197c:	1ac0      	subs	r0, r0, r3
1000197e:	18e3      	adds	r3, r4, r3
10001980:	009b      	lsls	r3, r3, #2
10001982:	0841      	lsrs	r1, r0, #1
10001984:	18eb      	adds	r3, r5, r3
10001986:	00c9      	lsls	r1, r1, #3
10001988:	18c9      	adds	r1, r1, r3
1000198a:	601a      	str	r2, [r3, #0]
1000198c:	605a      	str	r2, [r3, #4]
1000198e:	3308      	adds	r3, #8
10001990:	428b      	cmp	r3, r1
10001992:	d1fa      	bne.n	1000198a <runtime_init_install_ram_vector_table+0x4e>
10001994:	2301      	movs	r3, #1
10001996:	4203      	tst	r3, r0
10001998:	d01c      	beq.n	100019d4 <runtime_init_install_ram_vector_table+0x98>
1000199a:	4398      	bics	r0, r3
1000199c:	1984      	adds	r4, r0, r6
1000199e:	00a7      	lsls	r7, r4, #2
100019a0:	51ea      	str	r2, [r5, r7]
100019a2:	1c63      	adds	r3, r4, #1
100019a4:	2c2f      	cmp	r4, #47	@ 0x2f
100019a6:	d015      	beq.n	100019d4 <runtime_init_install_ram_vector_table+0x98>
100019a8:	009b      	lsls	r3, r3, #2
100019aa:	50ea      	str	r2, [r5, r3]
100019ac:	1ca3      	adds	r3, r4, #2
100019ae:	2c2e      	cmp	r4, #46	@ 0x2e
100019b0:	d010      	beq.n	100019d4 <runtime_init_install_ram_vector_table+0x98>
100019b2:	009b      	lsls	r3, r3, #2
100019b4:	50ea      	str	r2, [r5, r3]
100019b6:	1ce3      	adds	r3, r4, #3
100019b8:	2c2d      	cmp	r4, #45	@ 0x2d
100019ba:	d00b      	beq.n	100019d4 <runtime_init_install_ram_vector_table+0x98>
100019bc:	009b      	lsls	r3, r3, #2
100019be:	50ea      	str	r2, [r5, r3]
100019c0:	1d23      	adds	r3, r4, #4
100019c2:	2c2c      	cmp	r4, #44	@ 0x2c
100019c4:	d006      	beq.n	100019d4 <runtime_init_install_ram_vector_table+0x98>
100019c6:	009b      	lsls	r3, r3, #2
100019c8:	50ea      	str	r2, [r5, r3]
100019ca:	1d63      	adds	r3, r4, #5
100019cc:	2c2b      	cmp	r4, #43	@ 0x2b
100019ce:	d001      	beq.n	100019d4 <runtime_init_install_ram_vector_table+0x98>
100019d0:	009b      	lsls	r3, r3, #2
100019d2:	50ea      	str	r2, [r5, r3]
100019d4:	4b05      	ldr	r3, [pc, #20]	@ (100019ec <runtime_init_install_ram_vector_table+0xb0>)
100019d6:	609d      	str	r5, [r3, #8]
100019d8:	bdf8      	pop	{r3, r4, r5, r6, r7, pc}
100019da:	46c0      	nop			@ (mov r8, r8)
100019dc:	10000100 	.word	0x10000100
100019e0:	100001c0 	.word	0x100001c0
100019e4:	20000000 	.word	0x20000000
100019e8:	100001c1 	.word	0x100001c1
100019ec:	e000ed00 	.word	0xe000ed00

100019f0 <runtime_init_clocks>:
100019f0:	2300      	movs	r3, #0
100019f2:	b510      	push	{r4, lr}
100019f4:	4c29      	ldr	r4, [pc, #164]	@ (10001a9c <runtime_init_clocks+0xac>)
100019f6:	b082      	sub	sp, #8
100019f8:	67a3      	str	r3, [r4, #120]	@ 0x78
100019fa:	f7ff ff2d 	bl	10001858 <xosc_init>
100019fe:	2201      	movs	r2, #1
10001a00:	4b27      	ldr	r3, [pc, #156]	@ (10001aa0 <runtime_init_clocks+0xb0>)
10001a02:	601a      	str	r2, [r3, #0]
10001a04:	6c63      	ldr	r3, [r4, #68]	@ 0x44
10001a06:	2b01      	cmp	r3, #1
10001a08:	d1fc      	bne.n	10001a04 <runtime_init_clocks+0x14>
10001a0a:	2203      	movs	r2, #3
10001a0c:	4b25      	ldr	r3, [pc, #148]	@ (10001aa4 <runtime_init_clocks+0xb4>)
10001a0e:	601a      	str	r2, [r3, #0]
10001a10:	4a22      	ldr	r2, [pc, #136]	@ (10001a9c <runtime_init_clocks+0xac>)
10001a12:	6b93      	ldr	r3, [r2, #56]	@ 0x38
10001a14:	2b01      	cmp	r3, #1
10001a16:	d1fc      	bne.n	10001a12 <runtime_init_clocks+0x22>
10001a18:	3301      	adds	r3, #1
10001a1a:	9300      	str	r3, [sp, #0]
10001a1c:	2101      	movs	r1, #1
10001a1e:	4a22      	ldr	r2, [pc, #136]	@ (10001aa8 <runtime_init_clocks+0xb8>)
10001a20:	4822      	ldr	r0, [pc, #136]	@ (10001aac <runtime_init_clocks+0xbc>)
10001a22:	3304      	adds	r3, #4
10001a24:	f7ff fe2c 	bl	10001680 <pll_init>
10001a28:	2305      	movs	r3, #5
10001a2a:	2101      	movs	r1, #1
10001a2c:	9300      	str	r3, [sp, #0]
10001a2e:	4a20      	ldr	r2, [pc, #128]	@ (10001ab0 <runtime_init_clocks+0xc0>)
10001a30:	4820      	ldr	r0, [pc, #128]	@ (10001ab4 <runtime_init_clocks+0xc4>)
10001a32:	f7ff fe25 	bl	10001680 <pll_init>
10001a36:	2200      	movs	r2, #0
10001a38:	2102      	movs	r1, #2
10001a3a:	2004      	movs	r0, #4
10001a3c:	4b1e      	ldr	r3, [pc, #120]	@ (10001ab8 <runtime_init_clocks+0xc8>)
10001a3e:	f7ff fda5 	bl	1000158c <clock_configure_undivided>
10001a42:	2200      	movs	r2, #0
10001a44:	2101      	movs	r1, #1
10001a46:	2005      	movs	r0, #5
10001a48:	4b1c      	ldr	r3, [pc, #112]	@ (10001abc <runtime_init_clocks+0xcc>)
10001a4a:	f7ff fd9f 	bl	1000158c <clock_configure_undivided>
10001a4e:	2200      	movs	r2, #0
10001a50:	2100      	movs	r1, #0
10001a52:	2007      	movs	r0, #7
10001a54:	4b1a      	ldr	r3, [pc, #104]	@ (10001ac0 <runtime_init_clocks+0xd0>)
10001a56:	f7ff fd99 	bl	1000158c <clock_configure_undivided>
10001a5a:	2200      	movs	r2, #0
10001a5c:	2100      	movs	r1, #0
10001a5e:	2008      	movs	r0, #8
10001a60:	4b17      	ldr	r3, [pc, #92]	@ (10001ac0 <runtime_init_clocks+0xd0>)
10001a62:	f7ff fd93 	bl	1000158c <clock_configure_undivided>
10001a66:	2380      	movs	r3, #128	@ 0x80
10001a68:	00db      	lsls	r3, r3, #3
10001a6a:	9300      	str	r3, [sp, #0]
10001a6c:	2200      	movs	r2, #0
10001a6e:	2100      	movs	r1, #0
10001a70:	2009      	movs	r0, #9
10001a72:	4b13      	ldr	r3, [pc, #76]	@ (10001ac0 <runtime_init_clocks+0xd0>)
10001a74:	f7ff fd10 	bl	10001498 <clock_configure_int_divider>
10001a78:	2200      	movs	r2, #0
10001a7a:	4b10      	ldr	r3, [pc, #64]	@ (10001abc <runtime_init_clocks+0xcc>)
10001a7c:	2100      	movs	r1, #0
10001a7e:	2006      	movs	r0, #6
10001a80:	f7ff fd84 	bl	1000158c <clock_configure_undivided>
10001a84:	2004      	movs	r0, #4
10001a86:	f7ff fdf5 	bl	10001674 <clock_get_hz>
10001a8a:	490e      	ldr	r1, [pc, #56]	@ (10001ac4 <runtime_init_clocks+0xd4>)
10001a8c:	f000 f84c 	bl	10001b28 <__wrap___aeabi_uidiv>
10001a90:	0001      	movs	r1, r0
10001a92:	2000      	movs	r0, #0
10001a94:	f7ff fe94 	bl	100017c0 <tick_start>
10001a98:	b002      	add	sp, #8
10001a9a:	bd10      	pop	{r4, pc}
10001a9c:	40008000 	.word	0x40008000
10001aa0:	4000b03c 	.word	0x4000b03c
10001aa4:	4000b030 	.word	0x4000b030
10001aa8:	59682f00 	.word	0x59682f00
10001aac:	40028000 	.word	0x40028000
10001ab0:	47868c00 	.word	0x47868c00
10001ab4:	4002c000 	.word	0x4002c000
10001ab8:	00b71b00 	.word	0x00b71b00
10001abc:	07735940 	.word	0x07735940
10001ac0:	02dc6c00 	.word	0x02dc6c00
10001ac4:	000f4240 	.word	0x000f4240

10001ac8 <__aeabi_bits_init>:
10001ac8:	4801      	ldr	r0, [pc, #4]	@ (10001ad0 <__aeabi_bits_init+0x8>)
10001aca:	2104      	movs	r1, #4
10001acc:	4b01      	ldr	r3, [pc, #4]	@ (10001ad4 <__aeabi_bits_init+0xc>)
10001ace:	4718      	bx	r3
10001ad0:	20001020 	.word	0x20001020
10001ad4:	100017f1 	.word	0x100017f1

10001ad8 <__wrap___aeabi_idiv>:
10001ad8:	4a12      	ldr	r2, [pc, #72]	@ (10001b24 <divmod_s32s32_savestate+0x18>)
10001ada:	6f93      	ldr	r3, [r2, #120]	@ 0x78
10001adc:	089b      	lsrs	r3, r3, #2
10001ade:	d215      	bcs.n	10001b0c <divmod_s32s32_savestate>

10001ae0 <divmod_s32s32_core>:
10001ae0:	6690      	str	r0, [r2, #104]	@ 0x68
10001ae2:	66d1      	str	r1, [r2, #108]	@ 0x6c
10001ae4:	2900      	cmp	r1, #0
10001ae6:	d005      	beq.n	10001af4 <divmod_s32s32_core+0x14>
10001ae8:	e7ff      	b.n	10001aea <divmod_s32s32_core+0xa>
10001aea:	e7ff      	b.n	10001aec <divmod_s32s32_core+0xc>
10001aec:	e7ff      	b.n	10001aee <divmod_s32s32_core+0xe>
10001aee:	6f51      	ldr	r1, [r2, #116]	@ 0x74
10001af0:	6f10      	ldr	r0, [r2, #112]	@ 0x70
10001af2:	4770      	bx	lr
10001af4:	b504      	push	{r2, lr}
10001af6:	2180      	movs	r1, #128	@ 0x80
10001af8:	0609      	lsls	r1, r1, #24
10001afa:	17c2      	asrs	r2, r0, #31
10001afc:	4051      	eors	r1, r2
10001afe:	2800      	cmp	r0, #0
10001b00:	d000      	beq.n	10001b04 <divmod_s32s32_core+0x24>
10001b02:	43c8      	mvns	r0, r1
10001b04:	f004 fc88 	bl	10006418 <____aeabi_idiv0_veneer>
10001b08:	2100      	movs	r1, #0
10001b0a:	bd04      	pop	{r2, pc}

10001b0c <divmod_s32s32_savestate>:
10001b0c:	b5f0      	push	{r4, r5, r6, r7, lr}
10001b0e:	6e14      	ldr	r4, [r2, #96]	@ 0x60
10001b10:	6e55      	ldr	r5, [r2, #100]	@ 0x64
10001b12:	6f57      	ldr	r7, [r2, #116]	@ 0x74
10001b14:	6f16      	ldr	r6, [r2, #112]	@ 0x70
10001b16:	f7ff ffe3 	bl	10001ae0 <divmod_s32s32_core>
10001b1a:	6614      	str	r4, [r2, #96]	@ 0x60
10001b1c:	6655      	str	r5, [r2, #100]	@ 0x64
10001b1e:	6757      	str	r7, [r2, #116]	@ 0x74
10001b20:	6716      	str	r6, [r2, #112]	@ 0x70
10001b22:	bdf0      	pop	{r4, r5, r6, r7, pc}
10001b24:	d0000000 	.word	0xd0000000

10001b28 <__wrap___aeabi_uidiv>:
10001b28:	4a11      	ldr	r2, [pc, #68]	@ (10001b70 <divmod_u32u32_savestate+0x18>)
10001b2a:	6f93      	ldr	r3, [r2, #120]	@ 0x78
10001b2c:	089b      	lsrs	r3, r3, #2
10001b2e:	d213      	bcs.n	10001b58 <divmod_u32u32_savestate>

10001b30 <divmod_u32u32_core>:
10001b30:	6610      	str	r0, [r2, #96]	@ 0x60
10001b32:	6651      	str	r1, [r2, #100]	@ 0x64
10001b34:	2900      	cmp	r1, #0
10001b36:	d005      	beq.n	10001b44 <divmod_u32u32_core+0x14>
10001b38:	e7ff      	b.n	10001b3a <divmod_u32u32_core+0xa>
10001b3a:	e7ff      	b.n	10001b3c <divmod_u32u32_core+0xc>
10001b3c:	e7ff      	b.n	10001b3e <divmod_u32u32_core+0xe>
10001b3e:	6f51      	ldr	r1, [r2, #116]	@ 0x74
10001b40:	6f10      	ldr	r0, [r2, #112]	@ 0x70
10001b42:	4770      	bx	lr
10001b44:	b504      	push	{r2, lr}
10001b46:	2800      	cmp	r0, #0
10001b48:	d001      	beq.n	10001b4e <divmod_u32u32_core+0x1e>
10001b4a:	2000      	movs	r0, #0
10001b4c:	43c0      	mvns	r0, r0
10001b4e:	f004 fc63 	bl	10006418 <____aeabi_idiv0_veneer>
10001b52:	2100      	movs	r1, #0
10001b54:	bd04      	pop	{r2, pc}
10001b56:	46c0      	nop			@ (mov r8, r8)

10001b58 <divmod_u32u32_savestate>:
10001b58:	b5f0      	push	{r4, r5, r6, r7, lr}
10001b5a:	6e14      	ldr	r4, [r2, #96]	@ 0x60
10001b5c:	6e55      	ldr	r5, [r2, #100]	@ 0x64
10001b5e:	6f57      	ldr	r7, [r2, #116]	@ 0x74
10001b60:	6f16      	ldr	r6, [r2, #112]	@ 0x70
10001b62:	f7ff ffe5 	bl	10001b30 <divmod_u32u32_core>
10001b66:	6614      	str	r4, [r2, #96]	@ 0x60
10001b68:	6655      	str	r5, [r2, #100]	@ 0x64
10001b6a:	6757      	str	r7, [r2, #116]	@ 0x74
10001b6c:	6716      	str	r6, [r2, #112]	@ 0x70
10001b6e:	bdf0      	pop	{r4, r5, r6, r7, pc}
10001b70:	d0000000 	.word	0xd0000000

10001b74 <__wrap___aeabi_ldivmod>:
10001b74:	4694      	mov	ip, r2
10001b76:	4a4a      	ldr	r2, [pc, #296]	@ (10001ca0 <udiv0+0x1a>)
10001b78:	6f92      	ldr	r2, [r2, #120]	@ 0x78
10001b7a:	0892      	lsrs	r2, r2, #2
10001b7c:	4662      	mov	r2, ip
10001b7e:	d201      	bcs.n	10001b84 <divmod_s64s64_savestate>
10001b80:	e028      	b.n	10001bd4 <divmod_s64s64_unsafe>
10001b82:	46c0      	nop			@ (mov r8, r8)

10001b84 <divmod_s64s64_savestate>:
10001b84:	b5f0      	push	{r4, r5, r6, r7, lr}
10001b86:	4e46      	ldr	r6, [pc, #280]	@ (10001ca0 <udiv0+0x1a>)
10001b88:	6e34      	ldr	r4, [r6, #96]	@ 0x60
10001b8a:	6e75      	ldr	r5, [r6, #100]	@ 0x64
10001b8c:	6f77      	ldr	r7, [r6, #116]	@ 0x74
10001b8e:	6f36      	ldr	r6, [r6, #112]	@ 0x70
10001b90:	f000 f820 	bl	10001bd4 <divmod_s64s64_unsafe>
10001b94:	4694      	mov	ip, r2
10001b96:	4a42      	ldr	r2, [pc, #264]	@ (10001ca0 <udiv0+0x1a>)
10001b98:	6614      	str	r4, [r2, #96]	@ 0x60
10001b9a:	6655      	str	r5, [r2, #100]	@ 0x64
10001b9c:	6757      	str	r7, [r2, #116]	@ 0x74
10001b9e:	6716      	str	r6, [r2, #112]	@ 0x70
10001ba0:	4662      	mov	r2, ip
10001ba2:	bdf0      	pop	{r4, r5, r6, r7, pc}

10001ba4 <__wrap___aeabi_uldivmod>:
10001ba4:	4694      	mov	ip, r2
10001ba6:	4a3e      	ldr	r2, [pc, #248]	@ (10001ca0 <udiv0+0x1a>)
10001ba8:	6f92      	ldr	r2, [r2, #120]	@ 0x78
10001baa:	0892      	lsrs	r2, r2, #2
10001bac:	4662      	mov	r2, ip
10001bae:	d201      	bcs.n	10001bb4 <divmod_u64u64_savestate>
10001bb0:	e054      	b.n	10001c5c <divmod_u64u64_unsafe>
10001bb2:	46c0      	nop			@ (mov r8, r8)

10001bb4 <divmod_u64u64_savestate>:
10001bb4:	b5f0      	push	{r4, r5, r6, r7, lr}
10001bb6:	4e3a      	ldr	r6, [pc, #232]	@ (10001ca0 <udiv0+0x1a>)
10001bb8:	6e34      	ldr	r4, [r6, #96]	@ 0x60
10001bba:	6e75      	ldr	r5, [r6, #100]	@ 0x64
10001bbc:	6f77      	ldr	r7, [r6, #116]	@ 0x74
10001bbe:	6f36      	ldr	r6, [r6, #112]	@ 0x70
10001bc0:	f000 f84c 	bl	10001c5c <divmod_u64u64_unsafe>
10001bc4:	4694      	mov	ip, r2
10001bc6:	4a36      	ldr	r2, [pc, #216]	@ (10001ca0 <udiv0+0x1a>)
10001bc8:	6614      	str	r4, [r2, #96]	@ 0x60
10001bca:	6655      	str	r5, [r2, #100]	@ 0x64
10001bcc:	6757      	str	r7, [r2, #116]	@ 0x74
10001bce:	6716      	str	r6, [r2, #112]	@ 0x70
10001bd0:	4662      	mov	r2, ip
10001bd2:	bdf0      	pop	{r4, r5, r6, r7, pc}

10001bd4 <divmod_s64s64_unsafe>:
10001bd4:	2b00      	cmp	r3, #0
10001bd6:	db24      	blt.n	10001c22 <l46_1+0x26>
10001bd8:	d011      	beq.n	10001bfe <l46_1+0x2>
10001bda:	2900      	cmp	r1, #0
10001bdc:	da3e      	bge.n	10001c5c <divmod_u64u64_unsafe>
10001bde:	b500      	push	{lr}
10001be0:	43c9      	mvns	r1, r1
10001be2:	4240      	negs	r0, r0
10001be4:	d100      	bne.n	10001be8 <l44_1>
10001be6:	3101      	adds	r1, #1

10001be8 <l44_1>:
10001be8:	f000 f838 	bl	10001c5c <divmod_u64u64_unsafe>
10001bec:	43c9      	mvns	r1, r1
10001bee:	4240      	negs	r0, r0
10001bf0:	d100      	bne.n	10001bf4 <l45_1>
10001bf2:	3101      	adds	r1, #1

10001bf4 <l45_1>:
10001bf4:	43db      	mvns	r3, r3
10001bf6:	4252      	negs	r2, r2
10001bf8:	d100      	bne.n	10001bfc <l46_1>
10001bfa:	3301      	adds	r3, #1

10001bfc <l46_1>:
10001bfc:	bd00      	pop	{pc}
10001bfe:	2a00      	cmp	r2, #0
10001c00:	d1eb      	bne.n	10001bda <divmod_s64s64_unsafe+0x6>
10001c02:	2800      	cmp	r0, #0
10001c04:	d101      	bne.n	10001c0a <l46_1+0xe>
10001c06:	2900      	cmp	r1, #0
10001c08:	d005      	beq.n	10001c16 <l46_1+0x1a>
10001c0a:	2000      	movs	r0, #0
10001c0c:	0fc9      	lsrs	r1, r1, #31
10001c0e:	07c9      	lsls	r1, r1, #31
10001c10:	d101      	bne.n	10001c16 <l46_1+0x1a>
10001c12:	43c0      	mvns	r0, r0
10001c14:	0841      	lsrs	r1, r0, #1
10001c16:	b500      	push	{lr}
10001c18:	f004 fbf6 	bl	10006408 <____aeabi_ldiv0_veneer>
10001c1c:	2200      	movs	r2, #0
10001c1e:	2300      	movs	r3, #0
10001c20:	bd00      	pop	{pc}
10001c22:	b500      	push	{lr}
10001c24:	2900      	cmp	r1, #0
10001c26:	db0a      	blt.n	10001c3e <l48_1+0x2>
10001c28:	43db      	mvns	r3, r3
10001c2a:	4252      	negs	r2, r2
10001c2c:	d100      	bne.n	10001c30 <l47_1>
10001c2e:	3301      	adds	r3, #1

10001c30 <l47_1>:
10001c30:	f000 f814 	bl	10001c5c <divmod_u64u64_unsafe>
10001c34:	43c9      	mvns	r1, r1
10001c36:	4240      	negs	r0, r0
10001c38:	d100      	bne.n	10001c3c <l48_1>
10001c3a:	3101      	adds	r1, #1

10001c3c <l48_1>:
10001c3c:	bd00      	pop	{pc}
10001c3e:	43c9      	mvns	r1, r1
10001c40:	4240      	negs	r0, r0
10001c42:	d100      	bne.n	10001c46 <l49_1>
10001c44:	3101      	adds	r1, #1

10001c46 <l49_1>:
10001c46:	43db      	mvns	r3, r3
10001c48:	4252      	negs	r2, r2
10001c4a:	d100      	bne.n	10001c4e <l50_1>
10001c4c:	3301      	adds	r3, #1

10001c4e <l50_1>:
10001c4e:	f000 f805 	bl	10001c5c <divmod_u64u64_unsafe>
10001c52:	43db      	mvns	r3, r3
10001c54:	4252      	negs	r2, r2
10001c56:	d100      	bne.n	10001c5a <l51_1>
10001c58:	3301      	adds	r3, #1

10001c5a <l51_1>:
10001c5a:	bd00      	pop	{pc}

10001c5c <divmod_u64u64_unsafe>:
10001c5c:	2900      	cmp	r1, #0
10001c5e:	d123      	bne.n	10001ca8 <y64>
10001c60:	2b00      	cmp	r3, #0
10001c62:	d118      	bne.n	10001c96 <udiv0+0x10>
10001c64:	2a00      	cmp	r2, #0
10001c66:	d00c      	beq.n	10001c82 <divmod_u64u64_unsafe+0x26>
10001c68:	46bc      	mov	ip, r7
10001c6a:	4f0d      	ldr	r7, [pc, #52]	@ (10001ca0 <udiv0+0x1a>)
10001c6c:	6638      	str	r0, [r7, #96]	@ 0x60
10001c6e:	667a      	str	r2, [r7, #100]	@ 0x64
10001c70:	2100      	movs	r1, #0
10001c72:	2300      	movs	r3, #0
10001c74:	e7ff      	b.n	10001c76 <divmod_u64u64_unsafe+0x1a>
10001c76:	e7ff      	b.n	10001c78 <divmod_u64u64_unsafe+0x1c>
10001c78:	e7ff      	b.n	10001c7a <divmod_u64u64_unsafe+0x1e>
10001c7a:	6f7a      	ldr	r2, [r7, #116]	@ 0x74
10001c7c:	6f38      	ldr	r0, [r7, #112]	@ 0x70
10001c7e:	4667      	mov	r7, ip
10001c80:	4770      	bx	lr
10001c82:	2800      	cmp	r0, #0
10001c84:	d001      	beq.n	10001c8a <udiv0+0x4>

10001c86 <udiv0>:
10001c86:	4807      	ldr	r0, [pc, #28]	@ (10001ca4 <udiv0+0x1e>)
10001c88:	0001      	movs	r1, r0
10001c8a:	b500      	push	{lr}
10001c8c:	f004 fbbc 	bl	10006408 <____aeabi_ldiv0_veneer>
10001c90:	2200      	movs	r2, #0
10001c92:	2300      	movs	r3, #0
10001c94:	bd00      	pop	{pc}
10001c96:	0002      	movs	r2, r0
10001c98:	000b      	movs	r3, r1
10001c9a:	2000      	movs	r0, #0
10001c9c:	2100      	movs	r1, #0
10001c9e:	4770      	bx	lr
10001ca0:	d0000000 	.word	0xd0000000
10001ca4:	ffffffff 	.word	0xffffffff

10001ca8 <y64>:
10001ca8:	2b00      	cmp	r3, #0
10001caa:	d000      	beq.n	10001cae <y64+0x6>
10001cac:	e0bf      	b.n	10001e2e <y64_x48>
10001cae:	0c13      	lsrs	r3, r2, #16
10001cb0:	d128      	bne.n	10001d04 <y64_x32>
10001cb2:	2a00      	cmp	r2, #0
10001cb4:	d0e7      	beq.n	10001c86 <udiv0>
10001cb6:	b480      	push	{r7}
10001cb8:	4f11      	ldr	r7, [pc, #68]	@ (10001d00 <y64+0x58>)
10001cba:	6639      	str	r1, [r7, #96]	@ 0x60
10001cbc:	667a      	str	r2, [r7, #100]	@ 0x64
10001cbe:	e7ff      	b.n	10001cc0 <y64+0x18>
10001cc0:	e7ff      	b.n	10001cc2 <y64+0x1a>
10001cc2:	b430      	push	{r4, r5}
10001cc4:	0c04      	lsrs	r4, r0, #16
10001cc6:	6f7b      	ldr	r3, [r7, #116]	@ 0x74
10001cc8:	6f39      	ldr	r1, [r7, #112]	@ 0x70
10001cca:	041b      	lsls	r3, r3, #16
10001ccc:	4323      	orrs	r3, r4
10001cce:	663b      	str	r3, [r7, #96]	@ 0x60
10001cd0:	667a      	str	r2, [r7, #100]	@ 0x64
10001cd2:	e7ff      	b.n	10001cd4 <y64+0x2c>
10001cd4:	e7ff      	b.n	10001cd6 <y64+0x2e>
10001cd6:	e7ff      	b.n	10001cd8 <y64+0x30>
10001cd8:	46c0      	nop			@ (mov r8, r8)
10001cda:	b284      	uxth	r4, r0
10001cdc:	6f7b      	ldr	r3, [r7, #116]	@ 0x74
10001cde:	6f3d      	ldr	r5, [r7, #112]	@ 0x70
10001ce0:	041b      	lsls	r3, r3, #16
10001ce2:	4323      	orrs	r3, r4
10001ce4:	663b      	str	r3, [r7, #96]	@ 0x60
10001ce6:	667a      	str	r2, [r7, #100]	@ 0x64
10001ce8:	e7ff      	b.n	10001cea <y64+0x42>
10001cea:	e7ff      	b.n	10001cec <y64+0x44>
10001cec:	46c0      	nop			@ (mov r8, r8)
10001cee:	2300      	movs	r3, #0
10001cf0:	042c      	lsls	r4, r5, #16
10001cf2:	0c2d      	lsrs	r5, r5, #16
10001cf4:	6f7a      	ldr	r2, [r7, #116]	@ 0x74
10001cf6:	6f38      	ldr	r0, [r7, #112]	@ 0x70
10001cf8:	1900      	adds	r0, r0, r4
10001cfa:	4169      	adcs	r1, r5
10001cfc:	bcb0      	pop	{r4, r5, r7}
10001cfe:	4770      	bx	lr
10001d00:	d0000000 	.word	0xd0000000

10001d04 <y64_x32>:
10001d04:	b5f0      	push	{r4, r5, r6, r7, lr}
10001d06:	4694      	mov	ip, r2
10001d08:	2500      	movs	r5, #0
10001d0a:	0e14      	lsrs	r4, r2, #24
10001d0c:	d101      	bne.n	10001d12 <y64_x32+0xe>
10001d0e:	0212      	lsls	r2, r2, #8
10001d10:	3508      	adds	r5, #8
10001d12:	0f14      	lsrs	r4, r2, #28
10001d14:	d101      	bne.n	10001d1a <y64_x32+0x16>
10001d16:	0112      	lsls	r2, r2, #4
10001d18:	3504      	adds	r5, #4
10001d1a:	0f94      	lsrs	r4, r2, #30
10001d1c:	d101      	bne.n	10001d22 <y64_x32+0x1e>
10001d1e:	0092      	lsls	r2, r2, #2
10001d20:	3502      	adds	r5, #2
10001d22:	0fd4      	lsrs	r4, r2, #31
10001d24:	d101      	bne.n	10001d2a <y64_x32+0x26>
10001d26:	0052      	lsls	r2, r2, #1
10001d28:	3501      	adds	r5, #1
10001d2a:	0bd4      	lsrs	r4, r2, #15
10001d2c:	3401      	adds	r4, #1
10001d2e:	4f25      	ldr	r7, [pc, #148]	@ (10001dc4 <y64_x32+0xc0>)
10001d30:	667c      	str	r4, [r7, #100]	@ 0x64
10001d32:	4c25      	ldr	r4, [pc, #148]	@ (10001dc8 <y64_x32+0xc4>)
10001d34:	663c      	str	r4, [r7, #96]	@ 0x60
10001d36:	0c0e      	lsrs	r6, r1, #16
10001d38:	b293      	uxth	r3, r2
10001d3a:	e7ff      	b.n	10001d3c <y64_x32+0x38>
10001d3c:	e7ff      	b.n	10001d3e <y64_x32+0x3a>
10001d3e:	e7ff      	b.n	10001d40 <y64_x32+0x3c>
10001d40:	6f3c      	ldr	r4, [r7, #112]	@ 0x70
10001d42:	4366      	muls	r6, r4
10001d44:	0c36      	lsrs	r6, r6, #16
10001d46:	0377      	lsls	r7, r6, #13
10001d48:	46be      	mov	lr, r7
10001d4a:	4373      	muls	r3, r6
10001d4c:	0bdf      	lsrs	r7, r3, #15
10001d4e:	045b      	lsls	r3, r3, #17
10001d50:	1ac0      	subs	r0, r0, r3
10001d52:	41b9      	sbcs	r1, r7
10001d54:	0c13      	lsrs	r3, r2, #16
10001d56:	4373      	muls	r3, r6
10001d58:	18db      	adds	r3, r3, r3
10001d5a:	1ac9      	subs	r1, r1, r3
10001d5c:	08ce      	lsrs	r6, r1, #3
10001d5e:	4366      	muls	r6, r4
10001d60:	0c36      	lsrs	r6, r6, #16
10001d62:	44b6      	add	lr, r6
10001d64:	b293      	uxth	r3, r2
10001d66:	4373      	muls	r3, r6
10001d68:	0f1f      	lsrs	r7, r3, #28
10001d6a:	011b      	lsls	r3, r3, #4
10001d6c:	1ac0      	subs	r0, r0, r3
10001d6e:	41b9      	sbcs	r1, r7
10001d70:	0c13      	lsrs	r3, r2, #16
10001d72:	4373      	muls	r3, r6
10001d74:	0b1f      	lsrs	r7, r3, #12
10001d76:	051b      	lsls	r3, r3, #20
10001d78:	1ac0      	subs	r0, r0, r3
10001d7a:	41b9      	sbcs	r1, r7
10001d7c:	0d86      	lsrs	r6, r0, #22
10001d7e:	028f      	lsls	r7, r1, #10
10001d80:	433e      	orrs	r6, r7
10001d82:	4366      	muls	r6, r4
10001d84:	0c36      	lsrs	r6, r6, #16
10001d86:	2d09      	cmp	r5, #9
10001d88:	db24      	blt.n	10001dd4 <last0>
10001d8a:	0a52      	lsrs	r2, r2, #9
10001d8c:	4372      	muls	r2, r6
10001d8e:	1a80      	subs	r0, r0, r2
10001d90:	0377      	lsls	r7, r6, #13
10001d92:	0a46      	lsrs	r6, r0, #9
10001d94:	4366      	muls	r6, r4
10001d96:	0c36      	lsrs	r6, r6, #16
10001d98:	2316      	movs	r3, #22
10001d9a:	1b5b      	subs	r3, r3, r5
10001d9c:	40de      	lsrs	r6, r3
10001d9e:	40df      	lsrs	r7, r3
10001da0:	19bf      	adds	r7, r7, r6
10001da2:	4664      	mov	r4, ip
10001da4:	4366      	muls	r6, r4
10001da6:	1b82      	subs	r2, r0, r6
10001da8:	4670      	mov	r0, lr
10001daa:	3504      	adds	r5, #4
10001dac:	3306      	adds	r3, #6
10001dae:	0001      	movs	r1, r0
10001db0:	40d9      	lsrs	r1, r3
10001db2:	40a8      	lsls	r0, r5
10001db4:	19c0      	adds	r0, r0, r7
10001db6:	d300      	bcc.n	10001dba <y64_x32+0xb6>
10001db8:	3101      	adds	r1, #1
10001dba:	42a2      	cmp	r2, r4
10001dbc:	d206      	bcs.n	10001dcc <y64_x32+0xc8>
10001dbe:	2300      	movs	r3, #0
10001dc0:	bdf0      	pop	{r4, r5, r6, r7, pc}
10001dc2:	0000      	.short	0x0000
10001dc4:	d0000000 	.word	0xd0000000
10001dc8:	ffffffff 	.word	0xffffffff
10001dcc:	1b12      	subs	r2, r2, r4
10001dce:	3001      	adds	r0, #1
10001dd0:	d3f3      	bcc.n	10001dba <y64_x32+0xb6>
10001dd2:	e7f1      	b.n	10001db8 <y64_x32+0xb4>

10001dd4 <last0>:
10001dd4:	2709      	movs	r7, #9
10001dd6:	1b7f      	subs	r7, r7, r5
10001dd8:	40fe      	lsrs	r6, r7
10001dda:	4664      	mov	r4, ip
10001ddc:	b2a2      	uxth	r2, r4
10001dde:	4372      	muls	r2, r6
10001de0:	1a80      	subs	r0, r0, r2
10001de2:	d200      	bcs.n	10001de6 <last0+0x12>
10001de4:	3901      	subs	r1, #1
10001de6:	0c22      	lsrs	r2, r4, #16
10001de8:	4372      	muls	r2, r6
10001dea:	0c13      	lsrs	r3, r2, #16
10001dec:	0412      	lsls	r2, r2, #16
10001dee:	1a82      	subs	r2, r0, r2
10001df0:	4199      	sbcs	r1, r3
10001df2:	000b      	movs	r3, r1
10001df4:	4670      	mov	r0, lr
10001df6:	3504      	adds	r5, #4
10001df8:	3713      	adds	r7, #19
10001dfa:	0001      	movs	r1, r0
10001dfc:	40f9      	lsrs	r1, r7
10001dfe:	40a8      	lsls	r0, r5
10001e00:	1980      	adds	r0, r0, r6
10001e02:	d300      	bcc.n	10001e06 <last0+0x32>
10001e04:	3101      	adds	r1, #1
10001e06:	2b00      	cmp	r3, #0
10001e08:	d102      	bne.n	10001e10 <last0+0x3c>
10001e0a:	42a2      	cmp	r2, r4
10001e0c:	d20a      	bcs.n	10001e24 <last0+0x50>
10001e0e:	bdf0      	pop	{r4, r5, r6, r7, pc}
10001e10:	3001      	adds	r0, #1
10001e12:	d300      	bcc.n	10001e16 <last0+0x42>
10001e14:	3101      	adds	r1, #1
10001e16:	1b12      	subs	r2, r2, r4
10001e18:	d2fa      	bcs.n	10001e10 <last0+0x3c>
10001e1a:	3b01      	subs	r3, #1
10001e1c:	d1f8      	bne.n	10001e10 <last0+0x3c>
10001e1e:	42a2      	cmp	r2, r4
10001e20:	d200      	bcs.n	10001e24 <last0+0x50>
10001e22:	bdf0      	pop	{r4, r5, r6, r7, pc}
10001e24:	3001      	adds	r0, #1
10001e26:	d300      	bcc.n	10001e2a <last0+0x56>
10001e28:	3101      	adds	r1, #1
10001e2a:	1b12      	subs	r2, r2, r4
10001e2c:	e7f7      	b.n	10001e1e <last0+0x4a>

10001e2e <y64_x48>:
10001e2e:	b5f0      	push	{r4, r5, r6, r7, lr}
10001e30:	0c1c      	lsrs	r4, r3, #16
10001e32:	d000      	beq.n	10001e36 <y64_x48+0x8>
10001e34:	e080      	b.n	10001f38 <y64_x64>
10001e36:	b40c      	push	{r2, r3}
10001e38:	2500      	movs	r5, #0
10001e3a:	0a1c      	lsrs	r4, r3, #8
10001e3c:	d104      	bne.n	10001e48 <y64_x48+0x1a>
10001e3e:	021b      	lsls	r3, r3, #8
10001e40:	0e16      	lsrs	r6, r2, #24
10001e42:	4333      	orrs	r3, r6
10001e44:	0212      	lsls	r2, r2, #8
10001e46:	3508      	adds	r5, #8
10001e48:	0b1c      	lsrs	r4, r3, #12
10001e4a:	d104      	bne.n	10001e56 <y64_x48+0x28>
10001e4c:	011b      	lsls	r3, r3, #4
10001e4e:	0f16      	lsrs	r6, r2, #28
10001e50:	4333      	orrs	r3, r6
10001e52:	0112      	lsls	r2, r2, #4
10001e54:	3504      	adds	r5, #4
10001e56:	0b9c      	lsrs	r4, r3, #14
10001e58:	d104      	bne.n	10001e64 <y64_x48+0x36>
10001e5a:	009b      	lsls	r3, r3, #2
10001e5c:	0f96      	lsrs	r6, r2, #30
10001e5e:	4333      	orrs	r3, r6
10001e60:	0092      	lsls	r2, r2, #2
10001e62:	3502      	adds	r5, #2
10001e64:	0bdc      	lsrs	r4, r3, #15
10001e66:	d102      	bne.n	10001e6e <y64_x48+0x40>
10001e68:	1892      	adds	r2, r2, r2
10001e6a:	415b      	adcs	r3, r3
10001e6c:	3501      	adds	r5, #1
10001e6e:	001c      	movs	r4, r3
10001e70:	1897      	adds	r7, r2, r2
10001e72:	4164      	adcs	r4, r4
10001e74:	3401      	adds	r4, #1
10001e76:	4f46      	ldr	r7, [pc, #280]	@ (10001f90 <y64_x64+0x58>)
10001e78:	667c      	str	r4, [r7, #100]	@ 0x64
10001e7a:	4c46      	ldr	r4, [pc, #280]	@ (10001f94 <y64_x64+0x5c>)
10001e7c:	663c      	str	r4, [r7, #96]	@ 0x60
10001e7e:	0c0e      	lsrs	r6, r1, #16
10001e80:	e7ff      	b.n	10001e82 <y64_x48+0x54>
10001e82:	e7ff      	b.n	10001e84 <y64_x48+0x56>
10001e84:	e7ff      	b.n	10001e86 <y64_x48+0x58>
10001e86:	46c0      	nop			@ (mov r8, r8)
10001e88:	6f3c      	ldr	r4, [r7, #112]	@ 0x70
10001e8a:	4366      	muls	r6, r4
10001e8c:	0c36      	lsrs	r6, r6, #16
10001e8e:	0377      	lsls	r7, r6, #13
10001e90:	46be      	mov	lr, r7
10001e92:	b297      	uxth	r7, r2
10001e94:	4377      	muls	r7, r6
10001e96:	1bc0      	subs	r0, r0, r7
10001e98:	d200      	bcs.n	10001e9c <y64_x48+0x6e>
10001e9a:	3901      	subs	r1, #1
10001e9c:	1bc0      	subs	r0, r0, r7
10001e9e:	d200      	bcs.n	10001ea2 <y64_x48+0x74>
10001ea0:	3901      	subs	r1, #1
10001ea2:	b29f      	uxth	r7, r3
10001ea4:	4377      	muls	r7, r6
10001ea6:	1bc9      	subs	r1, r1, r7
10001ea8:	1bc9      	subs	r1, r1, r7
10001eaa:	0c17      	lsrs	r7, r2, #16
10001eac:	4377      	muls	r7, r6
10001eae:	047e      	lsls	r6, r7, #17
10001eb0:	0bff      	lsrs	r7, r7, #15
10001eb2:	1b80      	subs	r0, r0, r6
10001eb4:	41b9      	sbcs	r1, r7
10001eb6:	08ce      	lsrs	r6, r1, #3
10001eb8:	4366      	muls	r6, r4
10001eba:	0c36      	lsrs	r6, r6, #16
10001ebc:	2d0c      	cmp	r5, #12
10001ebe:	db33      	blt.n	10001f28 <last1>
10001ec0:	44b6      	add	lr, r6
10001ec2:	0b12      	lsrs	r2, r2, #12
10001ec4:	051f      	lsls	r7, r3, #20
10001ec6:	433a      	orrs	r2, r7
10001ec8:	0b1b      	lsrs	r3, r3, #12
10001eca:	b297      	uxth	r7, r2
10001ecc:	4377      	muls	r7, r6
10001ece:	1bc0      	subs	r0, r0, r7
10001ed0:	d200      	bcs.n	10001ed4 <y64_x48+0xa6>
10001ed2:	3901      	subs	r1, #1
10001ed4:	b29f      	uxth	r7, r3
10001ed6:	4377      	muls	r7, r6
10001ed8:	1bc9      	subs	r1, r1, r7
10001eda:	0c17      	lsrs	r7, r2, #16
10001edc:	4377      	muls	r7, r6
10001ede:	043e      	lsls	r6, r7, #16
10001ee0:	0c3f      	lsrs	r7, r7, #16
10001ee2:	1b80      	subs	r0, r0, r6
10001ee4:	41b9      	sbcs	r1, r7
10001ee6:	0d86      	lsrs	r6, r0, #22
10001ee8:	028f      	lsls	r7, r1, #10
10001eea:	433e      	orrs	r6, r7
10001eec:	4366      	muls	r6, r4
10001eee:	2729      	movs	r7, #41	@ 0x29
10001ef0:	1b7f      	subs	r7, r7, r5
10001ef2:	40fe      	lsrs	r6, r7
10001ef4:	3d0c      	subs	r5, #12
10001ef6:	4677      	mov	r7, lr
10001ef8:	40af      	lsls	r7, r5
10001efa:	19bf      	adds	r7, r7, r6
10001efc:	bc30      	pop	{r4, r5}
10001efe:	b2a2      	uxth	r2, r4
10001f00:	b2ab      	uxth	r3, r5
10001f02:	4372      	muls	r2, r6
10001f04:	4373      	muls	r3, r6
10001f06:	1a80      	subs	r0, r0, r2
10001f08:	4199      	sbcs	r1, r3
10001f0a:	0c22      	lsrs	r2, r4, #16
10001f0c:	4372      	muls	r2, r6
10001f0e:	0c13      	lsrs	r3, r2, #16
10001f10:	0412      	lsls	r2, r2, #16
10001f12:	1a80      	subs	r0, r0, r2
10001f14:	4199      	sbcs	r1, r3
10001f16:	0002      	movs	r2, r0
10001f18:	000b      	movs	r3, r1
10001f1a:	3701      	adds	r7, #1
10001f1c:	1b00      	subs	r0, r0, r4
10001f1e:	41a9      	sbcs	r1, r5
10001f20:	d2f9      	bcs.n	10001f16 <y64_x48+0xe8>
10001f22:	1e78      	subs	r0, r7, #1
10001f24:	2100      	movs	r1, #0
10001f26:	bdf0      	pop	{r4, r5, r6, r7, pc}

10001f28 <last1>:
10001f28:	270c      	movs	r7, #12
10001f2a:	1b7f      	subs	r7, r7, r5
10001f2c:	40fe      	lsrs	r6, r7
10001f2e:	4677      	mov	r7, lr
10001f30:	0b7f      	lsrs	r7, r7, #13
10001f32:	40af      	lsls	r7, r5
10001f34:	19ff      	adds	r7, r7, r7
10001f36:	e7e0      	b.n	10001efa <y64_x48+0xcc>

10001f38 <y64_x64>:
10001f38:	2400      	movs	r4, #0
10001f3a:	1c5d      	adds	r5, r3, #1
10001f3c:	d007      	beq.n	10001f4e <y64_x64+0x16>
10001f3e:	4f14      	ldr	r7, [pc, #80]	@ (10001f90 <y64_x64+0x58>)
10001f40:	667d      	str	r5, [r7, #100]	@ 0x64
10001f42:	6639      	str	r1, [r7, #96]	@ 0x60
10001f44:	e7ff      	b.n	10001f46 <y64_x64+0xe>
10001f46:	e7ff      	b.n	10001f48 <y64_x64+0x10>
10001f48:	e7ff      	b.n	10001f4a <y64_x64+0x12>
10001f4a:	e7ff      	b.n	10001f4c <y64_x64+0x14>
10001f4c:	6f3c      	ldr	r4, [r7, #112]	@ 0x70
10001f4e:	b295      	uxth	r5, r2
10001f50:	b29e      	uxth	r6, r3
10001f52:	4365      	muls	r5, r4
10001f54:	4366      	muls	r6, r4
10001f56:	1b40      	subs	r0, r0, r5
10001f58:	41b1      	sbcs	r1, r6
10001f5a:	0c15      	lsrs	r5, r2, #16
10001f5c:	0c1e      	lsrs	r6, r3, #16
10001f5e:	4365      	muls	r5, r4
10001f60:	4366      	muls	r6, r4
10001f62:	0436      	lsls	r6, r6, #16
10001f64:	0c2f      	lsrs	r7, r5, #16
10001f66:	433e      	orrs	r6, r7
10001f68:	042d      	lsls	r5, r5, #16
10001f6a:	1b40      	subs	r0, r0, r5
10001f6c:	41b1      	sbcs	r1, r6
10001f6e:	4299      	cmp	r1, r3
10001f70:	d204      	bcs.n	10001f7c <y64_x64+0x44>
10001f72:	0002      	movs	r2, r0
10001f74:	000b      	movs	r3, r1
10001f76:	0020      	movs	r0, r4
10001f78:	2100      	movs	r1, #0
10001f7a:	bdf0      	pop	{r4, r5, r6, r7, pc}
10001f7c:	d101      	bne.n	10001f82 <y64_x64+0x4a>
10001f7e:	4290      	cmp	r0, r2
10001f80:	d3f7      	bcc.n	10001f72 <y64_x64+0x3a>
10001f82:	1a80      	subs	r0, r0, r2
10001f84:	4199      	sbcs	r1, r3
10001f86:	3401      	adds	r4, #1
10001f88:	4299      	cmp	r1, r3
10001f8a:	d3f2      	bcc.n	10001f72 <y64_x64+0x3a>
10001f8c:	e7f6      	b.n	10001f7c <y64_x64+0x44>
10001f8e:	0000      	.short	0x0000
10001f90:	d0000000 	.word	0xd0000000
10001f94:	ffffffff 	.word	0xffffffff

10001f98 <__wrap___aeabi_drsub>:
10001f98:	4048      	eors	r0, r1
10001f9a:	4041      	eors	r1, r0
10001f9c:	4048      	eors	r0, r1

10001f9e <__wrap___aeabi_dsub>:
10001f9e:	b418      	push	{r3, r4}
10001fa0:	4b13      	ldr	r3, [pc, #76]	@ (10001ff0 <__wrap___aeabi_dmul+0xa>)
10001fa2:	685b      	ldr	r3, [r3, #4]
10001fa4:	9301      	str	r3, [sp, #4]
10001fa6:	bd08      	pop	{r3, pc}

10001fa8 <__wrap___aeabi_dadd>:
10001fa8:	b418      	push	{r3, r4}
10001faa:	4b11      	ldr	r3, [pc, #68]	@ (10001ff0 <__wrap___aeabi_dmul+0xa>)
10001fac:	681b      	ldr	r3, [r3, #0]
10001fae:	9301      	str	r3, [sp, #4]
10001fb0:	bd08      	pop	{r3, pc}

10001fb2 <__wrap___aeabi_ddiv>:
10001fb2:	4694      	mov	ip, r2
10001fb4:	4a0f      	ldr	r2, [pc, #60]	@ (10001ff4 <__wrap___aeabi_dmul+0xe>)
10001fb6:	6f92      	ldr	r2, [r2, #120]	@ 0x78
10001fb8:	0892      	lsrs	r2, r2, #2
10001fba:	d205      	bcs.n	10001fc8 <ddiv_save_state>
10001fbc:	4662      	mov	r2, ip

10001fbe <ddiv_shim_call>:
10001fbe:	b418      	push	{r3, r4}
10001fc0:	4b0b      	ldr	r3, [pc, #44]	@ (10001ff0 <__wrap___aeabi_dmul+0xa>)
10001fc2:	68db      	ldr	r3, [r3, #12]
10001fc4:	9301      	str	r3, [sp, #4]
10001fc6:	bd08      	pop	{r3, pc}

10001fc8 <ddiv_save_state>:
10001fc8:	4a0a      	ldr	r2, [pc, #40]	@ (10001ff4 <__wrap___aeabi_dmul+0xe>)
10001fca:	b5f0      	push	{r4, r5, r6, r7, lr}
10001fcc:	6e14      	ldr	r4, [r2, #96]	@ 0x60
10001fce:	6e55      	ldr	r5, [r2, #100]	@ 0x64
10001fd0:	6f57      	ldr	r7, [r2, #116]	@ 0x74
10001fd2:	6f16      	ldr	r6, [r2, #112]	@ 0x70
10001fd4:	4662      	mov	r2, ip
10001fd6:	f7ff fff2 	bl	10001fbe <ddiv_shim_call>
10001fda:	4a06      	ldr	r2, [pc, #24]	@ (10001ff4 <__wrap___aeabi_dmul+0xe>)
10001fdc:	6614      	str	r4, [r2, #96]	@ 0x60
10001fde:	6655      	str	r5, [r2, #100]	@ 0x64
10001fe0:	6757      	str	r7, [r2, #116]	@ 0x74
10001fe2:	6716      	str	r6, [r2, #112]	@ 0x70
10001fe4:	bdf0      	pop	{r4, r5, r6, r7, pc}

10001fe6 <__wrap___aeabi_dmul>:
10001fe6:	b418      	push	{r3, r4}
10001fe8:	4b01      	ldr	r3, [pc, #4]	@ (10001ff0 <__wrap___aeabi_dmul+0xa>)
10001fea:	689b      	ldr	r3, [r3, #8]
10001fec:	9301      	str	r3, [sp, #4]
10001fee:	bd08      	pop	{r3, pc}
10001ff0:	20001208 	.word	0x20001208
10001ff4:	d0000000 	.word	0xd0000000

10001ff8 <__wrap___aeabi_cdrcmple>:
10001ff8:	b5ff      	push	{r0, r1, r2, r3, r4, r5, r6, r7, lr}
10001ffa:	4050      	eors	r0, r2
10001ffc:	4042      	eors	r2, r0
10001ffe:	4050      	eors	r0, r2
10002000:	4059      	eors	r1, r3
10002002:	404b      	eors	r3, r1
10002004:	4059      	eors	r1, r3
10002006:	e000      	b.n	1000200a <__aeabi_dfcmple_guts>

10002008 <__wrap___aeabi_cdcmpeq>:
10002008:	b5ff      	push	{r0, r1, r2, r3, r4, r5, r6, r7, lr}

1000200a <__aeabi_dfcmple_guts>:
1000200a:	4f15      	ldr	r7, [pc, #84]	@ (10002060 <__aeabi_dfcmple_guts+0x56>)
1000200c:	004c      	lsls	r4, r1, #1
1000200e:	0d64      	lsrs	r4, r4, #21
10002010:	d003      	beq.n	1000201a <__aeabi_dfcmple_guts+0x10>
10002012:	42bc      	cmp	r4, r7
10002014:	d104      	bne.n	10002020 <__aeabi_dfcmple_guts+0x16>
10002016:	030c      	lsls	r4, r1, #12
10002018:	d814      	bhi.n	10002044 <__aeabi_dfcmple_guts+0x3a>
1000201a:	2000      	movs	r0, #0
1000201c:	0d09      	lsrs	r1, r1, #20
1000201e:	0509      	lsls	r1, r1, #20
10002020:	005c      	lsls	r4, r3, #1
10002022:	0d64      	lsrs	r4, r4, #21
10002024:	d003      	beq.n	1000202e <__aeabi_dfcmple_guts+0x24>
10002026:	42bc      	cmp	r4, r7
10002028:	d104      	bne.n	10002034 <__aeabi_dfcmple_guts+0x2a>
1000202a:	031c      	lsls	r4, r3, #12
1000202c:	d80a      	bhi.n	10002044 <__aeabi_dfcmple_guts+0x3a>
1000202e:	2200      	movs	r2, #0
10002030:	0d1b      	lsrs	r3, r3, #20
10002032:	051b      	lsls	r3, r3, #20
10002034:	2601      	movs	r6, #1
10002036:	404b      	eors	r3, r1
10002038:	d409      	bmi.n	1000204e <__aeabi_dfcmple_guts+0x44>
1000203a:	404b      	eors	r3, r1
1000203c:	d503      	bpl.n	10002046 <__aeabi_dfcmple_guts+0x3c>
1000203e:	428b      	cmp	r3, r1
10002040:	d100      	bne.n	10002044 <__aeabi_dfcmple_guts+0x3a>
10002042:	4282      	cmp	r2, r0
10002044:	bdff      	pop	{r0, r1, r2, r3, r4, r5, r6, r7, pc}
10002046:	4299      	cmp	r1, r3
10002048:	d1fc      	bne.n	10002044 <__aeabi_dfcmple_guts+0x3a>
1000204a:	4290      	cmp	r0, r2
1000204c:	bdff      	pop	{r0, r1, r2, r3, r4, r5, r6, r7, pc}
1000204e:	430b      	orrs	r3, r1
10002050:	18db      	adds	r3, r3, r3
10002052:	4303      	orrs	r3, r0
10002054:	4313      	orrs	r3, r2
10002056:	d0f5      	beq.n	10002044 <__aeabi_dfcmple_guts+0x3a>
10002058:	43c9      	mvns	r1, r1
1000205a:	1849      	adds	r1, r1, r1
1000205c:	bdff      	pop	{r0, r1, r2, r3, r4, r5, r6, r7, pc}
1000205e:	0000      	.short	0x0000
10002060:	000007ff 	.word	0x000007ff

10002064 <__wrap___aeabi_dcmplt>:
10002064:	b500      	push	{lr}
10002066:	f7ff ffcf 	bl	10002008 <__wrap___aeabi_cdcmpeq>
1000206a:	4180      	sbcs	r0, r0
1000206c:	bd00      	pop	{pc}
1000206e:	46c0      	nop			@ (mov r8, r8)

10002070 <__wrap___aeabi_dcmple>:
10002070:	b500      	push	{lr}
10002072:	f7ff ffc9 	bl	10002008 <__wrap___aeabi_cdcmpeq>
10002076:	d901      	bls.n	1000207c <__wrap___aeabi_dcmple+0xc>
10002078:	2000      	movs	r0, #0
1000207a:	bd00      	pop	{pc}
1000207c:	2001      	movs	r0, #1
1000207e:	bd00      	pop	{pc}

10002080 <__wrap___aeabi_dcmpge>:
10002080:	b500      	push	{lr}
10002082:	f7ff ffb9 	bl	10001ff8 <__wrap___aeabi_cdrcmple>
10002086:	d901      	bls.n	1000208c <__wrap___aeabi_dcmpge+0xc>
10002088:	2000      	movs	r0, #0
1000208a:	bd00      	pop	{pc}
1000208c:	2001      	movs	r0, #1
1000208e:	bd00      	pop	{pc}

10002090 <__wrap___aeabi_dcmpgt>:
10002090:	b500      	push	{lr}
10002092:	f7ff ffb1 	bl	10001ff8 <__wrap___aeabi_cdrcmple>
10002096:	4180      	sbcs	r0, r0
10002098:	bd00      	pop	{pc}

1000209a <__wrap___aeabi_dcmpun>:
1000209a:	2001      	movs	r0, #1
1000209c:	0540      	lsls	r0, r0, #21
1000209e:	004a      	lsls	r2, r1, #1
100020a0:	1812      	adds	r2, r2, r0
100020a2:	d804      	bhi.n	100020ae <__wrap___aeabi_dcmpun+0x14>
100020a4:	005a      	lsls	r2, r3, #1
100020a6:	1812      	adds	r2, r2, r0
100020a8:	d801      	bhi.n	100020ae <__wrap___aeabi_dcmpun+0x14>
100020aa:	2000      	movs	r0, #0
100020ac:	4770      	bx	lr
100020ae:	2001      	movs	r0, #1
100020b0:	4770      	bx	lr
	...

100020b4 <__wrap___aeabi_ui2d>:
100020b4:	2100      	movs	r1, #0
100020b6:	2800      	cmp	r0, #0
100020b8:	d105      	bne.n	100020c6 <__wrap___aeabi_i2d+0xa>
100020ba:	4770      	bx	lr

100020bc <__wrap___aeabi_i2d>:
100020bc:	17c1      	asrs	r1, r0, #31
100020be:	4048      	eors	r0, r1
100020c0:	1a40      	subs	r0, r0, r1
100020c2:	d0fa      	beq.n	100020ba <__wrap___aeabi_ui2d+0x6>
100020c4:	07c9      	lsls	r1, r1, #31
100020c6:	b513      	push	{r0, r1, r4, lr}
100020c8:	4b06      	ldr	r3, [pc, #24]	@ (100020e4 <__wrap___aeabi_i2d+0x28>)
100020ca:	681b      	ldr	r3, [r3, #0]
100020cc:	4798      	blx	r3
100020ce:	bc0c      	pop	{r2, r3}
100020d0:	1c44      	adds	r4, r0, #1
100020d2:	40a2      	lsls	r2, r4
100020d4:	0510      	lsls	r0, r2, #20
100020d6:	0b12      	lsrs	r2, r2, #12
100020d8:	4903      	ldr	r1, [pc, #12]	@ (100020e8 <__wrap___aeabi_i2d+0x2c>)
100020da:	1b09      	subs	r1, r1, r4
100020dc:	0509      	lsls	r1, r1, #20
100020de:	4319      	orrs	r1, r3
100020e0:	4311      	orrs	r1, r2
100020e2:	bd10      	pop	{r4, pc}
100020e4:	20001b6c 	.word	0x20001b6c
100020e8:	0000041f 	.word	0x0000041f

100020ec <__wrap___aeabi_d2iz>:
100020ec:	b510      	push	{r4, lr}
100020ee:	004c      	lsls	r4, r1, #1
100020f0:	0d62      	lsrs	r2, r4, #21
100020f2:	2380      	movs	r3, #128	@ 0x80
100020f4:	18d2      	adds	r2, r2, r3
100020f6:	00db      	lsls	r3, r3, #3
100020f8:	1ad2      	subs	r2, r2, r3
100020fa:	055b      	lsls	r3, r3, #21
100020fc:	2a7e      	cmp	r2, #126	@ 0x7e
100020fe:	dd10      	ble.n	10002122 <__wrap___aeabi_d2iz+0x36>
10002100:	3a9e      	subs	r2, #158	@ 0x9e
10002102:	da13      	bge.n	1000212c <__wrap___aeabi_d2iz+0x40>
10002104:	17cc      	asrs	r4, r1, #31
10002106:	0309      	lsls	r1, r1, #12
10002108:	0849      	lsrs	r1, r1, #1
1000210a:	4319      	orrs	r1, r3
1000210c:	4252      	negs	r2, r2
1000210e:	40d1      	lsrs	r1, r2
10002110:	0064      	lsls	r4, r4, #1
10002112:	3401      	adds	r4, #1
10002114:	3215      	adds	r2, #21
10002116:	2a20      	cmp	r2, #32
10002118:	da05      	bge.n	10002126 <__wrap___aeabi_d2iz+0x3a>
1000211a:	40d0      	lsrs	r0, r2
1000211c:	4308      	orrs	r0, r1
1000211e:	4360      	muls	r0, r4
10002120:	bd10      	pop	{r4, pc}
10002122:	2000      	movs	r0, #0
10002124:	bd10      	pop	{r4, pc}
10002126:	4608      	mov	r0, r1
10002128:	4360      	muls	r0, r4
1000212a:	bd10      	pop	{r4, pc}
1000212c:	0fc8      	lsrs	r0, r1, #31
1000212e:	18c0      	adds	r0, r0, r3
10002130:	3801      	subs	r0, #1
10002132:	bd10      	pop	{r4, pc}

10002134 <__wrap___aeabi_d2uiz>:
10002134:	b418      	push	{r3, r4}
10002136:	4b02      	ldr	r3, [pc, #8]	@ (10002140 <__wrap___aeabi_d2uiz+0xc>)
10002138:	6a5b      	ldr	r3, [r3, #36]	@ 0x24
1000213a:	9301      	str	r3, [sp, #4]
1000213c:	bd08      	pop	{r3, pc}
1000213e:	0000      	.short	0x0000
10002140:	20001208 	.word	0x20001208

10002144 <missing_double_func_shim>:
10002144:	b510      	push	{r4, lr}
10002146:	4801      	ldr	r0, [pc, #4]	@ (1000214c <missing_double_func_shim+0x8>)
10002148:	f7fe f9b8 	bl	100004bc <panic>
1000214c:	10006590 	.word	0x10006590

10002150 <__aeabi_double_init>:
10002150:	2313      	movs	r3, #19
10002152:	b570      	push	{r4, r5, r6, lr}
10002154:	781d      	ldrb	r5, [r3, #0]
10002156:	2d01      	cmp	r5, #1
10002158:	d019      	beq.n	1000218e <__aeabi_double_init+0x3e>
1000215a:	dd14      	ble.n	10002186 <__aeabi_double_init+0x36>
1000215c:	481d      	ldr	r0, [pc, #116]	@ (100021d4 <__aeabi_double_init+0x84>)
1000215e:	f7ff fb3f 	bl	100017e0 <rom_data_lookup>
10002162:	0006      	movs	r6, r0
10002164:	481c      	ldr	r0, [pc, #112]	@ (100021d8 <__aeabi_double_init+0x88>)
10002166:	f7ff fb3b 	bl	100017e0 <rom_data_lookup>
1000216a:	4c1c      	ldr	r4, [pc, #112]	@ (100021dc <__aeabi_double_init+0x8c>)
1000216c:	2280      	movs	r2, #128	@ 0x80
1000216e:	0031      	movs	r1, r6
10002170:	0020      	movs	r0, r4
10002172:	f000 f8af 	bl	100022d4 <__wrap___aeabi_memcpy>
10002176:	2d02      	cmp	r5, #2
10002178:	d006      	beq.n	10002188 <__aeabi_double_init+0x38>
1000217a:	4819      	ldr	r0, [pc, #100]	@ (100021e0 <__aeabi_double_init+0x90>)
1000217c:	f7ff fb28 	bl	100017d0 <rom_func_lookup>
10002180:	4b18      	ldr	r3, [pc, #96]	@ (100021e4 <__aeabi_double_init+0x94>)
10002182:	6018      	str	r0, [r3, #0]
10002184:	bd70      	pop	{r4, r5, r6, pc}
10002186:	4c15      	ldr	r4, [pc, #84]	@ (100021dc <__aeabi_double_init+0x8c>)
10002188:	4b17      	ldr	r3, [pc, #92]	@ (100021e8 <__aeabi_double_init+0x98>)
1000218a:	64a3      	str	r3, [r4, #72]	@ 0x48
1000218c:	e7f5      	b.n	1000217a <__aeabi_double_init+0x2a>
1000218e:	4b17      	ldr	r3, [pc, #92]	@ (100021ec <__aeabi_double_init+0x9c>)
10002190:	4c12      	ldr	r4, [pc, #72]	@ (100021dc <__aeabi_double_init+0x8c>)
10002192:	6023      	str	r3, [r4, #0]
10002194:	6063      	str	r3, [r4, #4]
10002196:	60a3      	str	r3, [r4, #8]
10002198:	60e3      	str	r3, [r4, #12]
1000219a:	6123      	str	r3, [r4, #16]
1000219c:	6163      	str	r3, [r4, #20]
1000219e:	61a3      	str	r3, [r4, #24]
100021a0:	61e3      	str	r3, [r4, #28]
100021a2:	6223      	str	r3, [r4, #32]
100021a4:	6263      	str	r3, [r4, #36]	@ 0x24
100021a6:	62a3      	str	r3, [r4, #40]	@ 0x28
100021a8:	62e3      	str	r3, [r4, #44]	@ 0x2c
100021aa:	6323      	str	r3, [r4, #48]	@ 0x30
100021ac:	6363      	str	r3, [r4, #52]	@ 0x34
100021ae:	63a3      	str	r3, [r4, #56]	@ 0x38
100021b0:	63e3      	str	r3, [r4, #60]	@ 0x3c
100021b2:	6423      	str	r3, [r4, #64]	@ 0x40
100021b4:	6463      	str	r3, [r4, #68]	@ 0x44
100021b6:	64a3      	str	r3, [r4, #72]	@ 0x48
100021b8:	64e3      	str	r3, [r4, #76]	@ 0x4c
100021ba:	6523      	str	r3, [r4, #80]	@ 0x50
100021bc:	6563      	str	r3, [r4, #84]	@ 0x54
100021be:	65a3      	str	r3, [r4, #88]	@ 0x58
100021c0:	65e3      	str	r3, [r4, #92]	@ 0x5c
100021c2:	6623      	str	r3, [r4, #96]	@ 0x60
100021c4:	6663      	str	r3, [r4, #100]	@ 0x64
100021c6:	66a3      	str	r3, [r4, #104]	@ 0x68
100021c8:	66e3      	str	r3, [r4, #108]	@ 0x6c
100021ca:	6723      	str	r3, [r4, #112]	@ 0x70
100021cc:	6763      	str	r3, [r4, #116]	@ 0x74
100021ce:	67a3      	str	r3, [r4, #120]	@ 0x78
100021d0:	67e3      	str	r3, [r4, #124]	@ 0x7c
100021d2:	e7d9      	b.n	10002188 <__aeabi_double_init+0x38>
100021d4:	00004453 	.word	0x00004453
100021d8:	00004653 	.word	0x00004653
100021dc:	20001208 	.word	0x20001208
100021e0:	0000334c 	.word	0x0000334c
100021e4:	20001b6c 	.word	0x20001b6c
100021e8:	100021f1 	.word	0x100021f1
100021ec:	10002145 	.word	0x10002145

100021f0 <double_table_shim_on_use_helper>:
100021f0:	b507      	push	{r0, r1, r2, lr}
100021f2:	4660      	mov	r0, ip
100021f4:	8801      	ldrh	r1, [r0, #0]
100021f6:	0a0a      	lsrs	r2, r1, #8
100021f8:	3002      	adds	r0, #2
100021fa:	2adf      	cmp	r2, #223	@ 0xdf
100021fc:	d1fa      	bne.n	100021f4 <double_table_shim_on_use_helper+0x4>
100021fe:	b2c9      	uxtb	r1, r1
10002200:	0882      	lsrs	r2, r0, #2
10002202:	d304      	bcc.n	1000220e <double_table_shim_on_use_helper+0x1e>
10002204:	8802      	ldrh	r2, [r0, #0]
10002206:	8840      	ldrh	r0, [r0, #2]
10002208:	0400      	lsls	r0, r0, #16
1000220a:	4310      	orrs	r0, r2
1000220c:	e000      	b.n	10002210 <double_table_shim_on_use_helper+0x20>
1000220e:	6800      	ldr	r0, [r0, #0]
10002210:	4a01      	ldr	r2, [pc, #4]	@ (10002218 <double_table_shim_on_use_helper+0x28>)
10002212:	5050      	str	r0, [r2, r1]
10002214:	9003      	str	r0, [sp, #12]
10002216:	bd07      	pop	{r0, r1, r2, pc}
10002218:	20001208 	.word	0x20001208

1000221c <__wrap___aeabi_lmul>:
1000221c:	4351      	muls	r1, r2
1000221e:	4343      	muls	r3, r0
10002220:	18c9      	adds	r1, r1, r3
10002222:	468c      	mov	ip, r1
10002224:	0c11      	lsrs	r1, r2, #16
10002226:	b283      	uxth	r3, r0
10002228:	434b      	muls	r3, r1
1000222a:	b410      	push	{r4}
1000222c:	0c04      	lsrs	r4, r0, #16
1000222e:	4361      	muls	r1, r4
10002230:	b292      	uxth	r2, r2
10002232:	b280      	uxth	r0, r0
10002234:	4350      	muls	r0, r2
10002236:	4362      	muls	r2, r4
10002238:	041c      	lsls	r4, r3, #16
1000223a:	0c1b      	lsrs	r3, r3, #16
1000223c:	1900      	adds	r0, r0, r4
1000223e:	bc10      	pop	{r4}
10002240:	4159      	adcs	r1, r3
10002242:	0413      	lsls	r3, r2, #16
10002244:	0c12      	lsrs	r2, r2, #16
10002246:	18c0      	adds	r0, r0, r3
10002248:	4151      	adcs	r1, r2
1000224a:	4461      	add	r1, ip
1000224c:	4770      	bx	lr
	...

10002250 <missing_float_func_shim>:
10002250:	b510      	push	{r4, lr}
10002252:	4801      	ldr	r0, [pc, #4]	@ (10002258 <missing_float_func_shim+0x8>)
10002254:	f7fe f932 	bl	100004bc <panic>
10002258:	10006514 	.word	0x10006514

1000225c <__aeabi_float_init>:
1000225c:	2313      	movs	r3, #19
1000225e:	b510      	push	{r4, lr}
10002260:	4810      	ldr	r0, [pc, #64]	@ (100022a4 <__aeabi_float_init+0x48>)
10002262:	781c      	ldrb	r4, [r3, #0]
10002264:	f7ff fabc 	bl	100017e0 <rom_data_lookup>
10002268:	0001      	movs	r1, r0
1000226a:	2c01      	cmp	r4, #1
1000226c:	d00a      	beq.n	10002284 <__aeabi_float_init+0x28>
1000226e:	dd03      	ble.n	10002278 <__aeabi_float_init+0x1c>
10002270:	2280      	movs	r2, #128	@ 0x80
10002272:	480d      	ldr	r0, [pc, #52]	@ (100022a8 <__aeabi_float_init+0x4c>)
10002274:	f000 f82e 	bl	100022d4 <__wrap___aeabi_memcpy>
10002278:	480c      	ldr	r0, [pc, #48]	@ (100022ac <__aeabi_float_init+0x50>)
1000227a:	f7ff faa9 	bl	100017d0 <rom_func_lookup>
1000227e:	4b0c      	ldr	r3, [pc, #48]	@ (100022b0 <__aeabi_float_init+0x54>)
10002280:	6018      	str	r0, [r3, #0]
10002282:	bd10      	pop	{r4, pc}
10002284:	4c08      	ldr	r4, [pc, #32]	@ (100022a8 <__aeabi_float_init+0x4c>)
10002286:	2254      	movs	r2, #84	@ 0x54
10002288:	0020      	movs	r0, r4
1000228a:	f000 f823 	bl	100022d4 <__wrap___aeabi_memcpy>
1000228e:	0022      	movs	r2, r4
10002290:	4908      	ldr	r1, [pc, #32]	@ (100022b4 <__aeabi_float_init+0x58>)
10002292:	3280      	adds	r2, #128	@ 0x80
10002294:	6823      	ldr	r3, [r4, #0]
10002296:	2b00      	cmp	r3, #0
10002298:	d100      	bne.n	1000229c <__aeabi_float_init+0x40>
1000229a:	6021      	str	r1, [r4, #0]
1000229c:	3404      	adds	r4, #4
1000229e:	4294      	cmp	r4, r2
100022a0:	d1f8      	bne.n	10002294 <__aeabi_float_init+0x38>
100022a2:	e7e9      	b.n	10002278 <__aeabi_float_init+0x1c>
100022a4:	00004653 	.word	0x00004653
100022a8:	20001b70 	.word	0x20001b70
100022ac:	0000334c 	.word	0x0000334c
100022b0:	20001b6c 	.word	0x20001b6c
100022b4:	10002251 	.word	0x10002251

100022b8 <__aeabi_mem_init>:
100022b8:	4801      	ldr	r0, [pc, #4]	@ (100022c0 <__aeabi_mem_init+0x8>)
100022ba:	2104      	movs	r1, #4
100022bc:	4b01      	ldr	r3, [pc, #4]	@ (100022c4 <__aeabi_mem_init+0xc>)
100022be:	4718      	bx	r3
100022c0:	20001030 	.word	0x20001030
100022c4:	100017f1 	.word	0x100017f1

100022c8 <__wrap_memset>:
100022c8:	4b01      	ldr	r3, [pc, #4]	@ (100022d0 <__wrap_memset+0x8>)
100022ca:	681b      	ldr	r3, [r3, #0]
100022cc:	4718      	bx	r3
100022ce:	0000      	.short	0x0000
100022d0:	20001030 	.word	0x20001030

100022d4 <__wrap___aeabi_memcpy>:
100022d4:	4b01      	ldr	r3, [pc, #4]	@ (100022dc <__wrap___aeabi_memcpy+0x8>)
100022d6:	685b      	ldr	r3, [r3, #4]
100022d8:	4718      	bx	r3
100022da:	0000      	.short	0x0000
100022dc:	20001030 	.word	0x20001030

100022e0 <_out_buffer>:
100022e0:	429a      	cmp	r2, r3
100022e2:	d200      	bcs.n	100022e6 <_out_buffer+0x6>
100022e4:	5488      	strb	r0, [r1, r2]
100022e6:	4770      	bx	lr

100022e8 <_out_null>:
100022e8:	4770      	bx	lr
100022ea:	46c0      	nop			@ (mov r8, r8)

100022ec <_out_rev>:
100022ec:	b5f8      	push	{r3, r4, r5, r6, r7, lr}
100022ee:	4657      	mov	r7, sl
100022f0:	46de      	mov	lr, fp
100022f2:	464e      	mov	r6, r9
100022f4:	4645      	mov	r5, r8
100022f6:	b5e0      	push	{r5, r6, r7, lr}
100022f8:	4699      	mov	r9, r3
100022fa:	9b0a      	ldr	r3, [sp, #40]	@ 0x28
100022fc:	0007      	movs	r7, r0
100022fe:	469a      	mov	sl, r3
10002300:	9b0d      	ldr	r3, [sp, #52]	@ 0x34
10002302:	4688      	mov	r8, r1
10002304:	4693      	mov	fp, r2
10002306:	9c0b      	ldr	r4, [sp, #44]	@ 0x2c
10002308:	079b      	lsls	r3, r3, #30
1000230a:	d13b      	bne.n	10002384 <_out_rev+0x98>
1000230c:	9b0c      	ldr	r3, [sp, #48]	@ 0x30
1000230e:	429c      	cmp	r4, r3
10002310:	d23d      	bcs.n	1000238e <_out_rev+0xa2>
10002312:	1b1e      	subs	r6, r3, r4
10002314:	940b      	str	r4, [sp, #44]	@ 0x2c
10002316:	0015      	movs	r5, r2
10002318:	000c      	movs	r4, r1
1000231a:	445e      	add	r6, fp
1000231c:	002a      	movs	r2, r5
1000231e:	464b      	mov	r3, r9
10002320:	3501      	adds	r5, #1
10002322:	0021      	movs	r1, r4
10002324:	2020      	movs	r0, #32
10002326:	47b8      	blx	r7
10002328:	42b5      	cmp	r5, r6
1000232a:	d1f7      	bne.n	1000231c <_out_rev+0x30>
1000232c:	46a0      	mov	r8, r4
1000232e:	9c0b      	ldr	r4, [sp, #44]	@ 0x2c
10002330:	2c00      	cmp	r4, #0
10002332:	d020      	beq.n	10002376 <_out_rev+0x8a>
10002334:	4645      	mov	r5, r8
10002336:	1936      	adds	r6, r6, r4
10002338:	4653      	mov	r3, sl
1000233a:	1b32      	subs	r2, r6, r4
1000233c:	3c01      	subs	r4, #1
1000233e:	5d18      	ldrb	r0, [r3, r4]
10002340:	0029      	movs	r1, r5
10002342:	464b      	mov	r3, r9
10002344:	47b8      	blx	r7
10002346:	2c00      	cmp	r4, #0
10002348:	d1f6      	bne.n	10002338 <_out_rev+0x4c>
1000234a:	002b      	movs	r3, r5
1000234c:	0035      	movs	r5, r6
1000234e:	4698      	mov	r8, r3
10002350:	9b0d      	ldr	r3, [sp, #52]	@ 0x34
10002352:	079b      	lsls	r3, r3, #30
10002354:	d50f      	bpl.n	10002376 <_out_rev+0x8a>
10002356:	465b      	mov	r3, fp
10002358:	1aec      	subs	r4, r5, r3
1000235a:	9b0c      	ldr	r3, [sp, #48]	@ 0x30
1000235c:	42a3      	cmp	r3, r4
1000235e:	d90a      	bls.n	10002376 <_out_rev+0x8a>
10002360:	4646      	mov	r6, r8
10002362:	4698      	mov	r8, r3
10002364:	002a      	movs	r2, r5
10002366:	464b      	mov	r3, r9
10002368:	0031      	movs	r1, r6
1000236a:	2020      	movs	r0, #32
1000236c:	3401      	adds	r4, #1
1000236e:	47b8      	blx	r7
10002370:	3501      	adds	r5, #1
10002372:	4544      	cmp	r4, r8
10002374:	d3f6      	bcc.n	10002364 <_out_rev+0x78>
10002376:	0028      	movs	r0, r5
10002378:	bcf0      	pop	{r4, r5, r6, r7}
1000237a:	46bb      	mov	fp, r7
1000237c:	46b2      	mov	sl, r6
1000237e:	46a9      	mov	r9, r5
10002380:	46a0      	mov	r8, r4
10002382:	bdf8      	pop	{r3, r4, r5, r6, r7, pc}
10002384:	0016      	movs	r6, r2
10002386:	0015      	movs	r5, r2
10002388:	2c00      	cmp	r4, #0
1000238a:	d1d3      	bne.n	10002334 <_out_rev+0x48>
1000238c:	e7e0      	b.n	10002350 <_out_rev+0x64>
1000238e:	0016      	movs	r6, r2
10002390:	0015      	movs	r5, r2
10002392:	2c00      	cmp	r4, #0
10002394:	d1ce      	bne.n	10002334 <_out_rev+0x48>
10002396:	e7ee      	b.n	10002376 <_out_rev+0x8a>

10002398 <_ntoa_format>:
10002398:	b5f0      	push	{r4, r5, r6, r7, lr}
1000239a:	4645      	mov	r5, r8
1000239c:	46de      	mov	lr, fp
1000239e:	4657      	mov	r7, sl
100023a0:	464e      	mov	r6, r9
100023a2:	b5e0      	push	{r5, r6, r7, lr}
100023a4:	b085      	sub	sp, #20
100023a6:	469c      	mov	ip, r3
100023a8:	ab10      	add	r3, sp, #64	@ 0x40
100023aa:	781b      	ldrb	r3, [r3, #0]
100023ac:	9f14      	ldr	r7, [sp, #80]	@ 0x50
100023ae:	4693      	mov	fp, r2
100023b0:	4698      	mov	r8, r3
100023b2:	9c0f      	ldr	r4, [sp, #60]	@ 0x3c
100023b4:	9e12      	ldr	r6, [sp, #72]	@ 0x48
100023b6:	9d13      	ldr	r5, [sp, #76]	@ 0x4c
100023b8:	07bb      	lsls	r3, r7, #30
100023ba:	d44c      	bmi.n	10002456 <_ntoa_format+0xbe>
100023bc:	2d00      	cmp	r5, #0
100023be:	d142      	bne.n	10002446 <_ntoa_format+0xae>
100023c0:	42b4      	cmp	r4, r6
100023c2:	d248      	bcs.n	10002456 <_ntoa_format+0xbe>
100023c4:	2301      	movs	r3, #1
100023c6:	403b      	ands	r3, r7
100023c8:	4699      	mov	r9, r3
100023ca:	9b0e      	ldr	r3, [sp, #56]	@ 0x38
100023cc:	3b01      	subs	r3, #1
100023ce:	469a      	mov	sl, r3
100023d0:	2330      	movs	r3, #48	@ 0x30
100023d2:	e004      	b.n	100023de <_ntoa_format+0x46>
100023d4:	4652      	mov	r2, sl
100023d6:	3401      	adds	r4, #1
100023d8:	5513      	strb	r3, [r2, r4]
100023da:	42a6      	cmp	r6, r4
100023dc:	d901      	bls.n	100023e2 <_ntoa_format+0x4a>
100023de:	2c20      	cmp	r4, #32
100023e0:	d1f8      	bne.n	100023d4 <_ntoa_format+0x3c>
100023e2:	464b      	mov	r3, r9
100023e4:	2b00      	cmp	r3, #0
100023e6:	d100      	bne.n	100023ea <_ntoa_format+0x52>
100023e8:	e083      	b.n	100024f2 <_ntoa_format+0x15a>
100023ea:	9b0e      	ldr	r3, [sp, #56]	@ 0x38
100023ec:	3b01      	subs	r3, #1
100023ee:	4699      	mov	r9, r3
100023f0:	2330      	movs	r3, #48	@ 0x30
100023f2:	42a5      	cmp	r5, r4
100023f4:	d805      	bhi.n	10002402 <_ntoa_format+0x6a>
100023f6:	e02e      	b.n	10002456 <_ntoa_format+0xbe>
100023f8:	464a      	mov	r2, r9
100023fa:	3401      	adds	r4, #1
100023fc:	5513      	strb	r3, [r2, r4]
100023fe:	42ac      	cmp	r4, r5
10002400:	d029      	beq.n	10002456 <_ntoa_format+0xbe>
10002402:	2c20      	cmp	r4, #32
10002404:	d1f8      	bne.n	100023f8 <_ntoa_format+0x60>
10002406:	06fb      	lsls	r3, r7, #27
10002408:	d50c      	bpl.n	10002424 <_ntoa_format+0x8c>
1000240a:	057b      	lsls	r3, r7, #21
1000240c:	d454      	bmi.n	100024b8 <_ntoa_format+0x120>
1000240e:	42a6      	cmp	r6, r4
10002410:	d063      	beq.n	100024da <_ntoa_format+0x142>
10002412:	42a5      	cmp	r5, r4
10002414:	d061      	beq.n	100024da <_ntoa_format+0x142>
10002416:	9b11      	ldr	r3, [sp, #68]	@ 0x44
10002418:	2b10      	cmp	r3, #16
1000241a:	d050      	beq.n	100024be <_ntoa_format+0x126>
1000241c:	2b02      	cmp	r3, #2
1000241e:	d057      	beq.n	100024d0 <_ntoa_format+0x138>
10002420:	2c20      	cmp	r4, #32
10002422:	d132      	bne.n	1000248a <_ntoa_format+0xf2>
10002424:	2320      	movs	r3, #32
10002426:	9301      	str	r3, [sp, #4]
10002428:	9b0e      	ldr	r3, [sp, #56]	@ 0x38
1000242a:	465a      	mov	r2, fp
1000242c:	9300      	str	r3, [sp, #0]
1000242e:	9703      	str	r7, [sp, #12]
10002430:	4663      	mov	r3, ip
10002432:	9502      	str	r5, [sp, #8]
10002434:	f7ff ff5a 	bl	100022ec <_out_rev>
10002438:	b005      	add	sp, #20
1000243a:	bcf0      	pop	{r4, r5, r6, r7}
1000243c:	46bb      	mov	fp, r7
1000243e:	46b2      	mov	sl, r6
10002440:	46a9      	mov	r9, r5
10002442:	46a0      	mov	r8, r4
10002444:	bdf0      	pop	{r4, r5, r6, r7, pc}
10002446:	2301      	movs	r3, #1
10002448:	403b      	ands	r3, r7
1000244a:	4699      	mov	r9, r3
1000244c:	2301      	movs	r3, #1
1000244e:	423b      	tst	r3, r7
10002450:	d12a      	bne.n	100024a8 <_ntoa_format+0x110>
10002452:	42b4      	cmp	r4, r6
10002454:	d3b9      	bcc.n	100023ca <_ntoa_format+0x32>
10002456:	06fb      	lsls	r3, r7, #27
10002458:	d51c      	bpl.n	10002494 <_ntoa_format+0xfc>
1000245a:	057b      	lsls	r3, r7, #21
1000245c:	d4db      	bmi.n	10002416 <_ntoa_format+0x7e>
1000245e:	2c00      	cmp	r4, #0
10002460:	d1d5      	bne.n	1000240e <_ntoa_format+0x76>
10002462:	9b11      	ldr	r3, [sp, #68]	@ 0x44
10002464:	2b10      	cmp	r3, #16
10002466:	d05b      	beq.n	10002520 <_ntoa_format+0x188>
10002468:	9b11      	ldr	r3, [sp, #68]	@ 0x44
1000246a:	2b02      	cmp	r3, #2
1000246c:	d06b      	beq.n	10002546 <_ntoa_format+0x1ae>
1000246e:	2330      	movs	r3, #48	@ 0x30
10002470:	2401      	movs	r4, #1
10002472:	9a0e      	ldr	r2, [sp, #56]	@ 0x38
10002474:	7013      	strb	r3, [r2, #0]
10002476:	4643      	mov	r3, r8
10002478:	2b00      	cmp	r3, #0
1000247a:	d110      	bne.n	1000249e <_ntoa_format+0x106>
1000247c:	077b      	lsls	r3, r7, #29
1000247e:	d53e      	bpl.n	100024fe <_ntoa_format+0x166>
10002480:	262b      	movs	r6, #43	@ 0x2b
10002482:	9a0e      	ldr	r2, [sp, #56]	@ 0x38
10002484:	1c63      	adds	r3, r4, #1
10002486:	5516      	strb	r6, [r2, r4]
10002488:	e7cd      	b.n	10002426 <_ntoa_format+0x8e>
1000248a:	0023      	movs	r3, r4
1000248c:	3401      	adds	r4, #1
1000248e:	2630      	movs	r6, #48	@ 0x30
10002490:	9a0e      	ldr	r2, [sp, #56]	@ 0x38
10002492:	54d6      	strb	r6, [r2, r3]
10002494:	2c20      	cmp	r4, #32
10002496:	d0c5      	beq.n	10002424 <_ntoa_format+0x8c>
10002498:	4643      	mov	r3, r8
1000249a:	2b00      	cmp	r3, #0
1000249c:	d0ee      	beq.n	1000247c <_ntoa_format+0xe4>
1000249e:	262d      	movs	r6, #45	@ 0x2d
100024a0:	9a0e      	ldr	r2, [sp, #56]	@ 0x38
100024a2:	1c63      	adds	r3, r4, #1
100024a4:	5516      	strb	r6, [r2, r4]
100024a6:	e7be      	b.n	10002426 <_ntoa_format+0x8e>
100024a8:	4643      	mov	r3, r8
100024aa:	2b00      	cmp	r3, #0
100024ac:	d02f      	beq.n	1000250e <_ntoa_format+0x176>
100024ae:	3d01      	subs	r5, #1
100024b0:	42b4      	cmp	r4, r6
100024b2:	d200      	bcs.n	100024b6 <_ntoa_format+0x11e>
100024b4:	e789      	b.n	100023ca <_ntoa_format+0x32>
100024b6:	e798      	b.n	100023ea <_ntoa_format+0x52>
100024b8:	9b11      	ldr	r3, [sp, #68]	@ 0x44
100024ba:	2b10      	cmp	r3, #16
100024bc:	d1b2      	bne.n	10002424 <_ntoa_format+0x8c>
100024be:	06bb      	lsls	r3, r7, #26
100024c0:	d537      	bpl.n	10002532 <_ntoa_format+0x19a>
100024c2:	2c20      	cmp	r4, #32
100024c4:	d0ae      	beq.n	10002424 <_ntoa_format+0x8c>
100024c6:	2358      	movs	r3, #88	@ 0x58
100024c8:	9a0e      	ldr	r2, [sp, #56]	@ 0x38
100024ca:	5513      	strb	r3, [r2, r4]
100024cc:	3401      	adds	r4, #1
100024ce:	e7a7      	b.n	10002420 <_ntoa_format+0x88>
100024d0:	2c20      	cmp	r4, #32
100024d2:	d0a7      	beq.n	10002424 <_ntoa_format+0x8c>
100024d4:	0023      	movs	r3, r4
100024d6:	3401      	adds	r4, #1
100024d8:	e007      	b.n	100024ea <_ntoa_format+0x152>
100024da:	1e63      	subs	r3, r4, #1
100024dc:	2c01      	cmp	r4, #1
100024de:	d0c0      	beq.n	10002462 <_ntoa_format+0xca>
100024e0:	9a11      	ldr	r2, [sp, #68]	@ 0x44
100024e2:	2a10      	cmp	r2, #16
100024e4:	d031      	beq.n	1000254a <_ntoa_format+0x1b2>
100024e6:	2a02      	cmp	r2, #2
100024e8:	d1d1      	bne.n	1000248e <_ntoa_format+0xf6>
100024ea:	2662      	movs	r6, #98	@ 0x62
100024ec:	9a0e      	ldr	r2, [sp, #56]	@ 0x38
100024ee:	54d6      	strb	r6, [r2, r3]
100024f0:	e796      	b.n	10002420 <_ntoa_format+0x88>
100024f2:	06fb      	lsls	r3, r7, #27
100024f4:	d5ce      	bpl.n	10002494 <_ntoa_format+0xfc>
100024f6:	057b      	lsls	r3, r7, #21
100024f8:	d400      	bmi.n	100024fc <_ntoa_format+0x164>
100024fa:	e788      	b.n	1000240e <_ntoa_format+0x76>
100024fc:	e78b      	b.n	10002416 <_ntoa_format+0x7e>
100024fe:	0023      	movs	r3, r4
10002500:	073e      	lsls	r6, r7, #28
10002502:	d590      	bpl.n	10002426 <_ntoa_format+0x8e>
10002504:	2620      	movs	r6, #32
10002506:	9a0e      	ldr	r2, [sp, #56]	@ 0x38
10002508:	3301      	adds	r3, #1
1000250a:	5516      	strb	r6, [r2, r4]
1000250c:	e78b      	b.n	10002426 <_ntoa_format+0x8e>
1000250e:	230c      	movs	r3, #12
10002510:	403b      	ands	r3, r7
10002512:	1e5a      	subs	r2, r3, #1
10002514:	4193      	sbcs	r3, r2
10002516:	1aed      	subs	r5, r5, r3
10002518:	42b4      	cmp	r4, r6
1000251a:	d200      	bcs.n	1000251e <_ntoa_format+0x186>
1000251c:	e755      	b.n	100023ca <_ntoa_format+0x32>
1000251e:	e764      	b.n	100023ea <_ntoa_format+0x52>
10002520:	06bb      	lsls	r3, r7, #26
10002522:	d40e      	bmi.n	10002542 <_ntoa_format+0x1aa>
10002524:	2378      	movs	r3, #120	@ 0x78
10002526:	9a0e      	ldr	r2, [sp, #56]	@ 0x38
10002528:	2402      	movs	r4, #2
1000252a:	7013      	strb	r3, [r2, #0]
1000252c:	2330      	movs	r3, #48	@ 0x30
1000252e:	7053      	strb	r3, [r2, #1]
10002530:	e7a1      	b.n	10002476 <_ntoa_format+0xde>
10002532:	2c20      	cmp	r4, #32
10002534:	d100      	bne.n	10002538 <_ntoa_format+0x1a0>
10002536:	e775      	b.n	10002424 <_ntoa_format+0x8c>
10002538:	2378      	movs	r3, #120	@ 0x78
1000253a:	9a0e      	ldr	r2, [sp, #56]	@ 0x38
1000253c:	5513      	strb	r3, [r2, r4]
1000253e:	3401      	adds	r4, #1
10002540:	e76e      	b.n	10002420 <_ntoa_format+0x88>
10002542:	2358      	movs	r3, #88	@ 0x58
10002544:	e7ef      	b.n	10002526 <_ntoa_format+0x18e>
10002546:	3360      	adds	r3, #96	@ 0x60
10002548:	e7ed      	b.n	10002526 <_ntoa_format+0x18e>
1000254a:	9a0e      	ldr	r2, [sp, #56]	@ 0x38
1000254c:	1ea6      	subs	r6, r4, #2
1000254e:	4691      	mov	r9, r2
10002550:	444e      	add	r6, r9
10002552:	06ba      	lsls	r2, r7, #26
10002554:	d502      	bpl.n	1000255c <_ntoa_format+0x1c4>
10002556:	2258      	movs	r2, #88	@ 0x58
10002558:	7032      	strb	r2, [r6, #0]
1000255a:	e798      	b.n	1000248e <_ntoa_format+0xf6>
1000255c:	2278      	movs	r2, #120	@ 0x78
1000255e:	7032      	strb	r2, [r6, #0]
10002560:	e795      	b.n	1000248e <_ntoa_format+0xf6>
10002562:	46c0      	nop			@ (mov r8, r8)

10002564 <_out_char>:
10002564:	b510      	push	{r4, lr}
10002566:	2800      	cmp	r0, #0
10002568:	d100      	bne.n	1000256c <_out_char+0x8>
1000256a:	bd10      	pop	{r4, pc}
1000256c:	f001 fc8e 	bl	10003e8c <__wrap_putchar>
10002570:	e7fb      	b.n	1000256a <_out_char+0x6>
10002572:	46c0      	nop			@ (mov r8, r8)

10002574 <_out_fct>:
10002574:	000b      	movs	r3, r1
10002576:	b510      	push	{r4, lr}
10002578:	2800      	cmp	r0, #0
1000257a:	d002      	beq.n	10002582 <_out_fct+0xe>
1000257c:	6849      	ldr	r1, [r1, #4]
1000257e:	681b      	ldr	r3, [r3, #0]
10002580:	4798      	blx	r3
10002582:	bd10      	pop	{r4, pc}

10002584 <_ftoa>:
10002584:	b5f0      	push	{r4, r5, r6, r7, lr}
10002586:	4657      	mov	r7, sl
10002588:	46de      	mov	lr, fp
1000258a:	464e      	mov	r6, r9
1000258c:	4645      	mov	r5, r8
1000258e:	b5e0      	push	{r5, r6, r7, lr}
10002590:	b095      	sub	sp, #84	@ 0x54
10002592:	4683      	mov	fp, r0
10002594:	000f      	movs	r7, r1
10002596:	4692      	mov	sl, r2
10002598:	4698      	mov	r8, r3
1000259a:	9a1e      	ldr	r2, [sp, #120]	@ 0x78
1000259c:	9b1f      	ldr	r3, [sp, #124]	@ 0x7c
1000259e:	0010      	movs	r0, r2
100025a0:	0019      	movs	r1, r3
100025a2:	9e20      	ldr	r6, [sp, #128]	@ 0x80
100025a4:	f7ff fd79 	bl	1000209a <__wrap___aeabi_dcmpun>
100025a8:	2800      	cmp	r0, #0
100025aa:	d000      	beq.n	100025ae <_ftoa+0x2a>
100025ac:	e1ea      	b.n	10002984 <_ftoa+0x400>
100025ae:	981e      	ldr	r0, [sp, #120]	@ 0x78
100025b0:	991f      	ldr	r1, [sp, #124]	@ 0x7c
100025b2:	2201      	movs	r2, #1
100025b4:	4bc5      	ldr	r3, [pc, #788]	@ (100028cc <_ftoa+0x348>)
100025b6:	4252      	negs	r2, r2
100025b8:	f7ff fd54 	bl	10002064 <__wrap___aeabi_dcmplt>
100025bc:	2800      	cmp	r0, #0
100025be:	d000      	beq.n	100025c2 <_ftoa+0x3e>
100025c0:	e114      	b.n	100027ec <_ftoa+0x268>
100025c2:	981e      	ldr	r0, [sp, #120]	@ 0x78
100025c4:	991f      	ldr	r1, [sp, #124]	@ 0x7c
100025c6:	2201      	movs	r2, #1
100025c8:	4bc1      	ldr	r3, [pc, #772]	@ (100028d0 <_ftoa+0x34c>)
100025ca:	4252      	negs	r2, r2
100025cc:	f7ff fd60 	bl	10002090 <__wrap___aeabi_dcmpgt>
100025d0:	2800      	cmp	r0, #0
100025d2:	d000      	beq.n	100025d6 <_ftoa+0x52>
100025d4:	e0e9      	b.n	100027aa <_ftoa+0x226>
100025d6:	981e      	ldr	r0, [sp, #120]	@ 0x78
100025d8:	991f      	ldr	r1, [sp, #124]	@ 0x7c
100025da:	2200      	movs	r2, #0
100025dc:	4bbd      	ldr	r3, [pc, #756]	@ (100028d4 <_ftoa+0x350>)
100025de:	f7ff fd57 	bl	10002090 <__wrap___aeabi_dcmpgt>
100025e2:	2800      	cmp	r0, #0
100025e4:	d000      	beq.n	100025e8 <_ftoa+0x64>
100025e6:	e0c8      	b.n	1000277a <_ftoa+0x1f6>
100025e8:	981e      	ldr	r0, [sp, #120]	@ 0x78
100025ea:	991f      	ldr	r1, [sp, #124]	@ 0x7c
100025ec:	2200      	movs	r2, #0
100025ee:	4bba      	ldr	r3, [pc, #744]	@ (100028d8 <_ftoa+0x354>)
100025f0:	f7ff fd38 	bl	10002064 <__wrap___aeabi_dcmplt>
100025f4:	2800      	cmp	r0, #0
100025f6:	d000      	beq.n	100025fa <_ftoa+0x76>
100025f8:	e0bf      	b.n	1000277a <_ftoa+0x1f6>
100025fa:	981e      	ldr	r0, [sp, #120]	@ 0x78
100025fc:	991f      	ldr	r1, [sp, #124]	@ 0x7c
100025fe:	2200      	movs	r2, #0
10002600:	2300      	movs	r3, #0
10002602:	f7ff fd2f 	bl	10002064 <__wrap___aeabi_dcmplt>
10002606:	2800      	cmp	r0, #0
10002608:	d000      	beq.n	1000260c <_ftoa+0x88>
1000260a:	e0e4      	b.n	100027d6 <_ftoa+0x252>
1000260c:	2300      	movs	r3, #0
1000260e:	930b      	str	r3, [sp, #44]	@ 0x2c
10002610:	9b22      	ldr	r3, [sp, #136]	@ 0x88
10002612:	055b      	lsls	r3, r3, #21
10002614:	d400      	bmi.n	10002618 <_ftoa+0x94>
10002616:	2606      	movs	r6, #6
10002618:	2400      	movs	r4, #0
1000261a:	2330      	movs	r3, #48	@ 0x30
1000261c:	e007      	b.n	1000262e <_ftoa+0xaa>
1000261e:	2117      	movs	r1, #23
10002620:	aa06      	add	r2, sp, #24
10002622:	3401      	adds	r4, #1
10002624:	1852      	adds	r2, r2, r1
10002626:	5513      	strb	r3, [r2, r4]
10002628:	3e01      	subs	r6, #1
1000262a:	2c20      	cmp	r4, #32
1000262c:	d001      	beq.n	10002632 <_ftoa+0xae>
1000262e:	2e09      	cmp	r6, #9
10002630:	d8f5      	bhi.n	1000261e <_ftoa+0x9a>
10002632:	981e      	ldr	r0, [sp, #120]	@ 0x78
10002634:	991f      	ldr	r1, [sp, #124]	@ 0x7c
10002636:	f7ff fd59 	bl	100020ec <__wrap___aeabi_d2iz>
1000263a:	4ba8      	ldr	r3, [pc, #672]	@ (100028dc <_ftoa+0x358>)
1000263c:	00f2      	lsls	r2, r6, #3
1000263e:	189b      	adds	r3, r3, r2
10002640:	681a      	ldr	r2, [r3, #0]
10002642:	685b      	ldr	r3, [r3, #4]
10002644:	0005      	movs	r5, r0
10002646:	9208      	str	r2, [sp, #32]
10002648:	9309      	str	r3, [sp, #36]	@ 0x24
1000264a:	f7ff fd37 	bl	100020bc <__wrap___aeabi_i2d>
1000264e:	0002      	movs	r2, r0
10002650:	000b      	movs	r3, r1
10002652:	981e      	ldr	r0, [sp, #120]	@ 0x78
10002654:	991f      	ldr	r1, [sp, #124]	@ 0x7c
10002656:	f7ff fca2 	bl	10001f9e <__wrap___aeabi_dsub>
1000265a:	9a08      	ldr	r2, [sp, #32]
1000265c:	9b09      	ldr	r3, [sp, #36]	@ 0x24
1000265e:	f7ff fcc2 	bl	10001fe6 <__wrap___aeabi_dmul>
10002662:	9006      	str	r0, [sp, #24]
10002664:	9107      	str	r1, [sp, #28]
10002666:	f7ff fd65 	bl	10002134 <__wrap___aeabi_d2uiz>
1000266a:	4681      	mov	r9, r0
1000266c:	f7ff fd22 	bl	100020b4 <__wrap___aeabi_ui2d>
10002670:	0002      	movs	r2, r0
10002672:	000b      	movs	r3, r1
10002674:	9806      	ldr	r0, [sp, #24]
10002676:	9907      	ldr	r1, [sp, #28]
10002678:	f7ff fc91 	bl	10001f9e <__wrap___aeabi_dsub>
1000267c:	2200      	movs	r2, #0
1000267e:	4b98      	ldr	r3, [pc, #608]	@ (100028e0 <_ftoa+0x35c>)
10002680:	9006      	str	r0, [sp, #24]
10002682:	9107      	str	r1, [sp, #28]
10002684:	f7ff fd04 	bl	10002090 <__wrap___aeabi_dcmpgt>
10002688:	2800      	cmp	r0, #0
1000268a:	d100      	bne.n	1000268e <_ftoa+0x10a>
1000268c:	e10d      	b.n	100028aa <_ftoa+0x326>
1000268e:	2301      	movs	r3, #1
10002690:	469c      	mov	ip, r3
10002692:	44e1      	add	r9, ip
10002694:	4648      	mov	r0, r9
10002696:	f7ff fd0d 	bl	100020b4 <__wrap___aeabi_ui2d>
1000269a:	0002      	movs	r2, r0
1000269c:	000b      	movs	r3, r1
1000269e:	9808      	ldr	r0, [sp, #32]
100026a0:	9909      	ldr	r1, [sp, #36]	@ 0x24
100026a2:	f7ff fce5 	bl	10002070 <__wrap___aeabi_dcmple>
100026a6:	2800      	cmp	r0, #0
100026a8:	d002      	beq.n	100026b0 <_ftoa+0x12c>
100026aa:	2300      	movs	r3, #0
100026ac:	4699      	mov	r9, r3
100026ae:	3501      	adds	r5, #1
100026b0:	2e00      	cmp	r6, #0
100026b2:	d100      	bne.n	100026b6 <_ftoa+0x132>
100026b4:	e0d9      	b.n	1000286a <_ftoa+0x2e6>
100026b6:	9506      	str	r5, [sp, #24]
100026b8:	464d      	mov	r5, r9
100026ba:	46b9      	mov	r9, r7
100026bc:	e014      	b.n	100026e8 <_ftoa+0x164>
100026be:	aa06      	add	r2, sp, #24
100026c0:	4694      	mov	ip, r2
100026c2:	2317      	movs	r3, #23
100026c4:	210a      	movs	r1, #10
100026c6:	4463      	add	r3, ip
100026c8:	0028      	movs	r0, r5
100026ca:	3401      	adds	r4, #1
100026cc:	191f      	adds	r7, r3, r4
100026ce:	f7ff fa2b 	bl	10001b28 <__wrap___aeabi_uidiv>
100026d2:	3130      	adds	r1, #48	@ 0x30
100026d4:	7039      	strb	r1, [r7, #0]
100026d6:	0028      	movs	r0, r5
100026d8:	210a      	movs	r1, #10
100026da:	3e01      	subs	r6, #1
100026dc:	f7ff fa24 	bl	10001b28 <__wrap___aeabi_uidiv>
100026e0:	2d09      	cmp	r5, #9
100026e2:	d800      	bhi.n	100026e6 <_ftoa+0x162>
100026e4:	e117      	b.n	10002916 <_ftoa+0x392>
100026e6:	0005      	movs	r5, r0
100026e8:	2c20      	cmp	r4, #32
100026ea:	d1e8      	bne.n	100026be <_ftoa+0x13a>
100026ec:	464f      	mov	r7, r9
100026ee:	9d06      	ldr	r5, [sp, #24]
100026f0:	2420      	movs	r4, #32
100026f2:	ae0c      	add	r6, sp, #48	@ 0x30
100026f4:	aa06      	add	r2, sp, #24
100026f6:	2317      	movs	r3, #23
100026f8:	4694      	mov	ip, r2
100026fa:	4463      	add	r3, ip
100026fc:	4699      	mov	r9, r3
100026fe:	465b      	mov	r3, fp
10002700:	46b3      	mov	fp, r6
10002702:	9306      	str	r3, [sp, #24]
10002704:	e00f      	b.n	10002726 <_ftoa+0x1a2>
10002706:	464b      	mov	r3, r9
10002708:	0028      	movs	r0, r5
1000270a:	210a      	movs	r1, #10
1000270c:	3401      	adds	r4, #1
1000270e:	18e6      	adds	r6, r4, r3
10002710:	f7ff f9e2 	bl	10001ad8 <__wrap___aeabi_idiv>
10002714:	3130      	adds	r1, #48	@ 0x30
10002716:	0028      	movs	r0, r5
10002718:	7031      	strb	r1, [r6, #0]
1000271a:	210a      	movs	r1, #10
1000271c:	f7ff f9dc 	bl	10001ad8 <__wrap___aeabi_idiv>
10002720:	1e05      	subs	r5, r0, #0
10002722:	d100      	bne.n	10002726 <_ftoa+0x1a2>
10002724:	e0e4      	b.n	100028f0 <_ftoa+0x36c>
10002726:	2c20      	cmp	r4, #32
10002728:	d1ed      	bne.n	10002706 <_ftoa+0x182>
1000272a:	9b06      	ldr	r3, [sp, #24]
1000272c:	465e      	mov	r6, fp
1000272e:	469b      	mov	fp, r3
10002730:	2303      	movs	r3, #3
10002732:	9a22      	ldr	r2, [sp, #136]	@ 0x88
10002734:	4013      	ands	r3, r2
10002736:	2b01      	cmp	r3, #1
10002738:	d118      	bne.n	1000276c <_ftoa+0x1e8>
1000273a:	9b21      	ldr	r3, [sp, #132]	@ 0x84
1000273c:	2b00      	cmp	r3, #0
1000273e:	d015      	beq.n	1000276c <_ftoa+0x1e8>
10002740:	9b0b      	ldr	r3, [sp, #44]	@ 0x2c
10002742:	2b00      	cmp	r3, #0
10002744:	d100      	bne.n	10002748 <_ftoa+0x1c4>
10002746:	e0fd      	b.n	10002944 <_ftoa+0x3c0>
10002748:	9b21      	ldr	r3, [sp, #132]	@ 0x84
1000274a:	3b01      	subs	r3, #1
1000274c:	9321      	str	r3, [sp, #132]	@ 0x84
1000274e:	2b20      	cmp	r3, #32
10002750:	d90c      	bls.n	1000276c <_ftoa+0x1e8>
10002752:	2330      	movs	r3, #48	@ 0x30
10002754:	9a21      	ldr	r2, [sp, #132]	@ 0x84
10002756:	e007      	b.n	10002768 <_ftoa+0x1e4>
10002758:	2017      	movs	r0, #23
1000275a:	a906      	add	r1, sp, #24
1000275c:	3401      	adds	r4, #1
1000275e:	1809      	adds	r1, r1, r0
10002760:	550b      	strb	r3, [r1, r4]
10002762:	4294      	cmp	r4, r2
10002764:	d300      	bcc.n	10002768 <_ftoa+0x1e4>
10002766:	e0cc      	b.n	10002902 <_ftoa+0x37e>
10002768:	2c20      	cmp	r4, #32
1000276a:	d1f5      	bne.n	10002758 <_ftoa+0x1d4>
1000276c:	9b22      	ldr	r3, [sp, #136]	@ 0x88
1000276e:	9401      	str	r4, [sp, #4]
10002770:	9303      	str	r3, [sp, #12]
10002772:	9b21      	ldr	r3, [sp, #132]	@ 0x84
10002774:	9600      	str	r6, [sp, #0]
10002776:	9302      	str	r3, [sp, #8]
10002778:	e022      	b.n	100027c0 <_ftoa+0x23c>
1000277a:	9b22      	ldr	r3, [sp, #136]	@ 0x88
1000277c:	4652      	mov	r2, sl
1000277e:	9304      	str	r3, [sp, #16]
10002780:	9b21      	ldr	r3, [sp, #132]	@ 0x84
10002782:	0039      	movs	r1, r7
10002784:	9303      	str	r3, [sp, #12]
10002786:	4658      	mov	r0, fp
10002788:	9b1e      	ldr	r3, [sp, #120]	@ 0x78
1000278a:	9c1f      	ldr	r4, [sp, #124]	@ 0x7c
1000278c:	9602      	str	r6, [sp, #8]
1000278e:	9300      	str	r3, [sp, #0]
10002790:	9401      	str	r4, [sp, #4]
10002792:	4643      	mov	r3, r8
10002794:	f000 f94a 	bl	10002a2c <_etoa>
10002798:	0004      	movs	r4, r0
1000279a:	0020      	movs	r0, r4
1000279c:	b015      	add	sp, #84	@ 0x54
1000279e:	bcf0      	pop	{r4, r5, r6, r7}
100027a0:	46bb      	mov	fp, r7
100027a2:	46b2      	mov	sl, r6
100027a4:	46a9      	mov	r9, r5
100027a6:	46a0      	mov	r8, r4
100027a8:	bdf0      	pop	{r4, r5, r6, r7, pc}
100027aa:	9b22      	ldr	r3, [sp, #136]	@ 0x88
100027ac:	075b      	lsls	r3, r3, #29
100027ae:	d40f      	bmi.n	100027d0 <_ftoa+0x24c>
100027b0:	2203      	movs	r2, #3
100027b2:	4b4c      	ldr	r3, [pc, #304]	@ (100028e4 <_ftoa+0x360>)
100027b4:	9922      	ldr	r1, [sp, #136]	@ 0x88
100027b6:	9201      	str	r2, [sp, #4]
100027b8:	9103      	str	r1, [sp, #12]
100027ba:	9921      	ldr	r1, [sp, #132]	@ 0x84
100027bc:	9300      	str	r3, [sp, #0]
100027be:	9102      	str	r1, [sp, #8]
100027c0:	4643      	mov	r3, r8
100027c2:	4652      	mov	r2, sl
100027c4:	0039      	movs	r1, r7
100027c6:	4658      	mov	r0, fp
100027c8:	f7ff fd90 	bl	100022ec <_out_rev>
100027cc:	0004      	movs	r4, r0
100027ce:	e7e4      	b.n	1000279a <_ftoa+0x216>
100027d0:	2204      	movs	r2, #4
100027d2:	4b45      	ldr	r3, [pc, #276]	@ (100028e8 <_ftoa+0x364>)
100027d4:	e7ee      	b.n	100027b4 <_ftoa+0x230>
100027d6:	9a1e      	ldr	r2, [sp, #120]	@ 0x78
100027d8:	9b1f      	ldr	r3, [sp, #124]	@ 0x7c
100027da:	2000      	movs	r0, #0
100027dc:	2100      	movs	r1, #0
100027de:	f7ff fbde 	bl	10001f9e <__wrap___aeabi_dsub>
100027e2:	2301      	movs	r3, #1
100027e4:	901e      	str	r0, [sp, #120]	@ 0x78
100027e6:	911f      	str	r1, [sp, #124]	@ 0x7c
100027e8:	930b      	str	r3, [sp, #44]	@ 0x2c
100027ea:	e711      	b.n	10002610 <_ftoa+0x8c>
100027ec:	9b22      	ldr	r3, [sp, #136]	@ 0x88
100027ee:	4654      	mov	r4, sl
100027f0:	079b      	lsls	r3, r3, #30
100027f2:	d111      	bne.n	10002818 <_ftoa+0x294>
100027f4:	9b21      	ldr	r3, [sp, #132]	@ 0x84
100027f6:	2b04      	cmp	r3, #4
100027f8:	d90e      	bls.n	10002818 <_ftoa+0x294>
100027fa:	9b21      	ldr	r3, [sp, #132]	@ 0x84
100027fc:	4655      	mov	r5, sl
100027fe:	469c      	mov	ip, r3
10002800:	465e      	mov	r6, fp
10002802:	3c04      	subs	r4, #4
10002804:	4464      	add	r4, ip
10002806:	002a      	movs	r2, r5
10002808:	4643      	mov	r3, r8
1000280a:	3501      	adds	r5, #1
1000280c:	0039      	movs	r1, r7
1000280e:	2020      	movs	r0, #32
10002810:	47b0      	blx	r6
10002812:	42a5      	cmp	r5, r4
10002814:	d1f7      	bne.n	10002806 <_ftoa+0x282>
10002816:	46b3      	mov	fp, r6
10002818:	4d34      	ldr	r5, [pc, #208]	@ (100028ec <_ftoa+0x368>)
1000281a:	0026      	movs	r6, r4
1000281c:	1f2b      	subs	r3, r5, #4
1000281e:	4699      	mov	r9, r3
10002820:	465b      	mov	r3, fp
10002822:	46a3      	mov	fp, r4
10002824:	001c      	movs	r4, r3
10002826:	0032      	movs	r2, r6
10002828:	78e8      	ldrb	r0, [r5, #3]
1000282a:	4643      	mov	r3, r8
1000282c:	0039      	movs	r1, r7
1000282e:	3d01      	subs	r5, #1
10002830:	47a0      	blx	r4
10002832:	3601      	adds	r6, #1
10002834:	454d      	cmp	r5, r9
10002836:	d1f6      	bne.n	10002826 <_ftoa+0x2a2>
10002838:	0023      	movs	r3, r4
1000283a:	465c      	mov	r4, fp
1000283c:	469b      	mov	fp, r3
1000283e:	9b22      	ldr	r3, [sp, #136]	@ 0x88
10002840:	3404      	adds	r4, #4
10002842:	079b      	lsls	r3, r3, #30
10002844:	d5a9      	bpl.n	1000279a <_ftoa+0x216>
10002846:	4653      	mov	r3, sl
10002848:	9a21      	ldr	r2, [sp, #132]	@ 0x84
1000284a:	1ae3      	subs	r3, r4, r3
1000284c:	429a      	cmp	r2, r3
1000284e:	d9a4      	bls.n	1000279a <_ftoa+0x216>
10002850:	465e      	mov	r6, fp
10002852:	0015      	movs	r5, r2
10002854:	0022      	movs	r2, r4
10002856:	4643      	mov	r3, r8
10002858:	0039      	movs	r1, r7
1000285a:	2020      	movs	r0, #32
1000285c:	47b0      	blx	r6
1000285e:	4653      	mov	r3, sl
10002860:	3401      	adds	r4, #1
10002862:	1ae3      	subs	r3, r4, r3
10002864:	429d      	cmp	r5, r3
10002866:	d8f5      	bhi.n	10002854 <_ftoa+0x2d0>
10002868:	e797      	b.n	1000279a <_ftoa+0x216>
1000286a:	0028      	movs	r0, r5
1000286c:	f7ff fc26 	bl	100020bc <__wrap___aeabi_i2d>
10002870:	0002      	movs	r2, r0
10002872:	000b      	movs	r3, r1
10002874:	981e      	ldr	r0, [sp, #120]	@ 0x78
10002876:	991f      	ldr	r1, [sp, #124]	@ 0x7c
10002878:	f7ff fb91 	bl	10001f9e <__wrap___aeabi_dsub>
1000287c:	2200      	movs	r2, #0
1000287e:	4b18      	ldr	r3, [pc, #96]	@ (100028e0 <_ftoa+0x35c>)
10002880:	9006      	str	r0, [sp, #24]
10002882:	9107      	str	r1, [sp, #28]
10002884:	f7ff fbee 	bl	10002064 <__wrap___aeabi_dcmplt>
10002888:	ae0c      	add	r6, sp, #48	@ 0x30
1000288a:	2800      	cmp	r0, #0
1000288c:	d000      	beq.n	10002890 <_ftoa+0x30c>
1000288e:	e731      	b.n	100026f4 <_ftoa+0x170>
10002890:	9806      	ldr	r0, [sp, #24]
10002892:	9907      	ldr	r1, [sp, #28]
10002894:	2200      	movs	r2, #0
10002896:	4b12      	ldr	r3, [pc, #72]	@ (100028e0 <_ftoa+0x35c>)
10002898:	f7ff fbfa 	bl	10002090 <__wrap___aeabi_dcmpgt>
1000289c:	2800      	cmp	r0, #0
1000289e:	d000      	beq.n	100028a2 <_ftoa+0x31e>
100028a0:	e728      	b.n	100026f4 <_ftoa+0x170>
100028a2:	2301      	movs	r3, #1
100028a4:	3501      	adds	r5, #1
100028a6:	439d      	bics	r5, r3
100028a8:	e724      	b.n	100026f4 <_ftoa+0x170>
100028aa:	2200      	movs	r2, #0
100028ac:	9806      	ldr	r0, [sp, #24]
100028ae:	9907      	ldr	r1, [sp, #28]
100028b0:	4b0b      	ldr	r3, [pc, #44]	@ (100028e0 <_ftoa+0x35c>)
100028b2:	f7ff fbd7 	bl	10002064 <__wrap___aeabi_dcmplt>
100028b6:	2800      	cmp	r0, #0
100028b8:	d000      	beq.n	100028bc <_ftoa+0x338>
100028ba:	e6f9      	b.n	100026b0 <_ftoa+0x12c>
100028bc:	464b      	mov	r3, r9
100028be:	2b00      	cmp	r3, #0
100028c0:	d15c      	bne.n	1000297c <_ftoa+0x3f8>
100028c2:	2301      	movs	r3, #1
100028c4:	469c      	mov	ip, r3
100028c6:	44e1      	add	r9, ip
100028c8:	e6f2      	b.n	100026b0 <_ftoa+0x12c>
100028ca:	46c0      	nop			@ (mov r8, r8)
100028cc:	ffefffff 	.word	0xffefffff
100028d0:	7fefffff 	.word	0x7fefffff
100028d4:	41cdcd65 	.word	0x41cdcd65
100028d8:	c1cdcd65 	.word	0xc1cdcd65
100028dc:	10006888 	.word	0x10006888
100028e0:	3fe00000 	.word	0x3fe00000
100028e4:	100065ec 	.word	0x100065ec
100028e8:	100065e4 	.word	0x100065e4
100028ec:	100065f4 	.word	0x100065f4
100028f0:	9b06      	ldr	r3, [sp, #24]
100028f2:	465e      	mov	r6, fp
100028f4:	469b      	mov	fp, r3
100028f6:	2303      	movs	r3, #3
100028f8:	9a22      	ldr	r2, [sp, #136]	@ 0x88
100028fa:	4013      	ands	r3, r2
100028fc:	2b01      	cmp	r3, #1
100028fe:	d100      	bne.n	10002902 <_ftoa+0x37e>
10002900:	e081      	b.n	10002a06 <_ftoa+0x482>
10002902:	2c20      	cmp	r4, #32
10002904:	d100      	bne.n	10002908 <_ftoa+0x384>
10002906:	e731      	b.n	1000276c <_ftoa+0x1e8>
10002908:	9b0b      	ldr	r3, [sp, #44]	@ 0x2c
1000290a:	2b00      	cmp	r3, #0
1000290c:	d027      	beq.n	1000295e <_ftoa+0x3da>
1000290e:	232d      	movs	r3, #45	@ 0x2d
10002910:	5533      	strb	r3, [r6, r4]
10002912:	3401      	adds	r4, #1
10002914:	e72a      	b.n	1000276c <_ftoa+0x1e8>
10002916:	464f      	mov	r7, r9
10002918:	9d06      	ldr	r5, [sp, #24]
1000291a:	2c20      	cmp	r4, #32
1000291c:	d100      	bne.n	10002920 <_ftoa+0x39c>
1000291e:	e6e7      	b.n	100026f0 <_ftoa+0x16c>
10002920:	2230      	movs	r2, #48	@ 0x30
10002922:	1933      	adds	r3, r6, r4
10002924:	e007      	b.n	10002936 <_ftoa+0x3b2>
10002926:	2017      	movs	r0, #23
10002928:	a906      	add	r1, sp, #24
1000292a:	3401      	adds	r4, #1
1000292c:	1809      	adds	r1, r1, r0
1000292e:	550a      	strb	r2, [r1, r4]
10002930:	2c20      	cmp	r4, #32
10002932:	d100      	bne.n	10002936 <_ftoa+0x3b2>
10002934:	e6dc      	b.n	100026f0 <_ftoa+0x16c>
10002936:	42a3      	cmp	r3, r4
10002938:	d1f5      	bne.n	10002926 <_ftoa+0x3a2>
1000293a:	222e      	movs	r2, #46	@ 0x2e
1000293c:	ae0c      	add	r6, sp, #48	@ 0x30
1000293e:	3401      	adds	r4, #1
10002940:	54f2      	strb	r2, [r6, r3]
10002942:	e6d7      	b.n	100026f4 <_ftoa+0x170>
10002944:	230c      	movs	r3, #12
10002946:	9a22      	ldr	r2, [sp, #136]	@ 0x88
10002948:	4213      	tst	r3, r2
1000294a:	d057      	beq.n	100029fc <_ftoa+0x478>
1000294c:	9b21      	ldr	r3, [sp, #132]	@ 0x84
1000294e:	3b01      	subs	r3, #1
10002950:	9321      	str	r3, [sp, #132]	@ 0x84
10002952:	42a3      	cmp	r3, r4
10002954:	d900      	bls.n	10002958 <_ftoa+0x3d4>
10002956:	e6fc      	b.n	10002752 <_ftoa+0x1ce>
10002958:	2c20      	cmp	r4, #32
1000295a:	d100      	bne.n	1000295e <_ftoa+0x3da>
1000295c:	e706      	b.n	1000276c <_ftoa+0x1e8>
1000295e:	9b22      	ldr	r3, [sp, #136]	@ 0x88
10002960:	075b      	lsls	r3, r3, #29
10002962:	d503      	bpl.n	1000296c <_ftoa+0x3e8>
10002964:	232b      	movs	r3, #43	@ 0x2b
10002966:	5533      	strb	r3, [r6, r4]
10002968:	3401      	adds	r4, #1
1000296a:	e6ff      	b.n	1000276c <_ftoa+0x1e8>
1000296c:	9b22      	ldr	r3, [sp, #136]	@ 0x88
1000296e:	071b      	lsls	r3, r3, #28
10002970:	d400      	bmi.n	10002974 <_ftoa+0x3f0>
10002972:	e6fb      	b.n	1000276c <_ftoa+0x1e8>
10002974:	2320      	movs	r3, #32
10002976:	5533      	strb	r3, [r6, r4]
10002978:	3401      	adds	r4, #1
1000297a:	e6f7      	b.n	1000276c <_ftoa+0x1e8>
1000297c:	07db      	lsls	r3, r3, #31
1000297e:	d400      	bmi.n	10002982 <_ftoa+0x3fe>
10002980:	e696      	b.n	100026b0 <_ftoa+0x12c>
10002982:	e79e      	b.n	100028c2 <_ftoa+0x33e>
10002984:	9b22      	ldr	r3, [sp, #136]	@ 0x88
10002986:	4655      	mov	r5, sl
10002988:	079b      	lsls	r3, r3, #30
1000298a:	d111      	bne.n	100029b0 <_ftoa+0x42c>
1000298c:	9b21      	ldr	r3, [sp, #132]	@ 0x84
1000298e:	2b03      	cmp	r3, #3
10002990:	d90e      	bls.n	100029b0 <_ftoa+0x42c>
10002992:	9b21      	ldr	r3, [sp, #132]	@ 0x84
10002994:	4654      	mov	r4, sl
10002996:	469c      	mov	ip, r3
10002998:	465e      	mov	r6, fp
1000299a:	3d03      	subs	r5, #3
1000299c:	4465      	add	r5, ip
1000299e:	0022      	movs	r2, r4
100029a0:	4643      	mov	r3, r8
100029a2:	3401      	adds	r4, #1
100029a4:	0039      	movs	r1, r7
100029a6:	2020      	movs	r0, #32
100029a8:	47b0      	blx	r6
100029aa:	42ac      	cmp	r4, r5
100029ac:	d1f7      	bne.n	1000299e <_ftoa+0x41a>
100029ae:	46b3      	mov	fp, r6
100029b0:	46b9      	mov	r9, r7
100029b2:	465f      	mov	r7, fp
100029b4:	4e1c      	ldr	r6, [pc, #112]	@ (10002a28 <_ftoa+0x4a4>)
100029b6:	1cec      	adds	r4, r5, #3
100029b8:	002a      	movs	r2, r5
100029ba:	78b0      	ldrb	r0, [r6, #2]
100029bc:	4643      	mov	r3, r8
100029be:	4649      	mov	r1, r9
100029c0:	3501      	adds	r5, #1
100029c2:	47b8      	blx	r7
100029c4:	3e01      	subs	r6, #1
100029c6:	42ac      	cmp	r4, r5
100029c8:	d1f6      	bne.n	100029b8 <_ftoa+0x434>
100029ca:	9b22      	ldr	r3, [sp, #136]	@ 0x88
100029cc:	46bb      	mov	fp, r7
100029ce:	464f      	mov	r7, r9
100029d0:	079b      	lsls	r3, r3, #30
100029d2:	d400      	bmi.n	100029d6 <_ftoa+0x452>
100029d4:	e6e1      	b.n	1000279a <_ftoa+0x216>
100029d6:	4653      	mov	r3, sl
100029d8:	9a21      	ldr	r2, [sp, #132]	@ 0x84
100029da:	1ae3      	subs	r3, r4, r3
100029dc:	429a      	cmp	r2, r3
100029de:	d800      	bhi.n	100029e2 <_ftoa+0x45e>
100029e0:	e6db      	b.n	1000279a <_ftoa+0x216>
100029e2:	465e      	mov	r6, fp
100029e4:	0015      	movs	r5, r2
100029e6:	0022      	movs	r2, r4
100029e8:	4643      	mov	r3, r8
100029ea:	0039      	movs	r1, r7
100029ec:	2020      	movs	r0, #32
100029ee:	47b0      	blx	r6
100029f0:	4653      	mov	r3, sl
100029f2:	3401      	adds	r4, #1
100029f4:	1ae3      	subs	r3, r4, r3
100029f6:	42ab      	cmp	r3, r5
100029f8:	d3f5      	bcc.n	100029e6 <_ftoa+0x462>
100029fa:	e6ce      	b.n	1000279a <_ftoa+0x216>
100029fc:	9b21      	ldr	r3, [sp, #132]	@ 0x84
100029fe:	42a3      	cmp	r3, r4
10002a00:	d900      	bls.n	10002a04 <_ftoa+0x480>
10002a02:	e6a6      	b.n	10002752 <_ftoa+0x1ce>
10002a04:	e6b2      	b.n	1000276c <_ftoa+0x1e8>
10002a06:	9b21      	ldr	r3, [sp, #132]	@ 0x84
10002a08:	2b00      	cmp	r3, #0
10002a0a:	d100      	bne.n	10002a0e <_ftoa+0x48a>
10002a0c:	e779      	b.n	10002902 <_ftoa+0x37e>
10002a0e:	9b0b      	ldr	r3, [sp, #44]	@ 0x2c
10002a10:	2b00      	cmp	r3, #0
10002a12:	d097      	beq.n	10002944 <_ftoa+0x3c0>
10002a14:	9b21      	ldr	r3, [sp, #132]	@ 0x84
10002a16:	3b01      	subs	r3, #1
10002a18:	9321      	str	r3, [sp, #132]	@ 0x84
10002a1a:	429c      	cmp	r4, r3
10002a1c:	d200      	bcs.n	10002a20 <_ftoa+0x49c>
10002a1e:	e698      	b.n	10002752 <_ftoa+0x1ce>
10002a20:	2c20      	cmp	r4, #32
10002a22:	d000      	beq.n	10002a26 <_ftoa+0x4a2>
10002a24:	e773      	b.n	1000290e <_ftoa+0x38a>
10002a26:	e6a1      	b.n	1000276c <_ftoa+0x1e8>
10002a28:	100065f0 	.word	0x100065f0

10002a2c <_etoa>:
10002a2c:	b5f0      	push	{r4, r5, r6, r7, lr}
10002a2e:	46de      	mov	lr, fp
10002a30:	4657      	mov	r7, sl
10002a32:	464e      	mov	r6, r9
10002a34:	4645      	mov	r5, r8
10002a36:	b5e0      	push	{r5, r6, r7, lr}
10002a38:	b099      	sub	sp, #100	@ 0x64
10002a3a:	4681      	mov	r9, r0
10002a3c:	468b      	mov	fp, r1
10002a3e:	4692      	mov	sl, r2
10002a40:	4698      	mov	r8, r3
10002a42:	9a22      	ldr	r2, [sp, #136]	@ 0x88
10002a44:	9b23      	ldr	r3, [sp, #140]	@ 0x8c
10002a46:	0010      	movs	r0, r2
10002a48:	0019      	movs	r1, r3
10002a4a:	f7ff fb26 	bl	1000209a <__wrap___aeabi_dcmpun>
10002a4e:	2800      	cmp	r0, #0
10002a50:	d000      	beq.n	10002a54 <_etoa+0x28>
10002a52:	e0ca      	b.n	10002bea <_etoa+0x1be>
10002a54:	9822      	ldr	r0, [sp, #136]	@ 0x88
10002a56:	9923      	ldr	r1, [sp, #140]	@ 0x8c
10002a58:	2201      	movs	r2, #1
10002a5a:	4b82      	ldr	r3, [pc, #520]	@ (10002c64 <_etoa+0x238>)
10002a5c:	4252      	negs	r2, r2
10002a5e:	f7ff fb17 	bl	10002090 <__wrap___aeabi_dcmpgt>
10002a62:	2800      	cmp	r0, #0
10002a64:	d000      	beq.n	10002a68 <_etoa+0x3c>
10002a66:	e0c0      	b.n	10002bea <_etoa+0x1be>
10002a68:	9822      	ldr	r0, [sp, #136]	@ 0x88
10002a6a:	9923      	ldr	r1, [sp, #140]	@ 0x8c
10002a6c:	2201      	movs	r2, #1
10002a6e:	4b7e      	ldr	r3, [pc, #504]	@ (10002c68 <_etoa+0x23c>)
10002a70:	4252      	negs	r2, r2
10002a72:	f7ff faf7 	bl	10002064 <__wrap___aeabi_dcmplt>
10002a76:	2800      	cmp	r0, #0
10002a78:	d000      	beq.n	10002a7c <_etoa+0x50>
10002a7a:	e0b6      	b.n	10002bea <_etoa+0x1be>
10002a7c:	9822      	ldr	r0, [sp, #136]	@ 0x88
10002a7e:	9923      	ldr	r1, [sp, #140]	@ 0x8c
10002a80:	2200      	movs	r2, #0
10002a82:	2300      	movs	r3, #0
10002a84:	f7ff faee 	bl	10002064 <__wrap___aeabi_dcmplt>
10002a88:	2800      	cmp	r0, #0
10002a8a:	d000      	beq.n	10002a8e <_etoa+0x62>
10002a8c:	e1c9      	b.n	10002e22 <_etoa+0x3f6>
10002a8e:	9b22      	ldr	r3, [sp, #136]	@ 0x88
10002a90:	9c23      	ldr	r4, [sp, #140]	@ 0x8c
10002a92:	9308      	str	r3, [sp, #32]
10002a94:	9409      	str	r4, [sp, #36]	@ 0x24
10002a96:	9808      	ldr	r0, [sp, #32]
10002a98:	9909      	ldr	r1, [sp, #36]	@ 0x24
10002a9a:	2380      	movs	r3, #128	@ 0x80
10002a9c:	9a26      	ldr	r2, [sp, #152]	@ 0x98
10002a9e:	00db      	lsls	r3, r3, #3
10002aa0:	401a      	ands	r2, r3
10002aa2:	920d      	str	r2, [sp, #52]	@ 0x34
10002aa4:	2280      	movs	r2, #128	@ 0x80
10002aa6:	9c26      	ldr	r4, [sp, #152]	@ 0x98
10002aa8:	0112      	lsls	r2, r2, #4
10002aaa:	4014      	ands	r4, r2
10002aac:	0022      	movs	r2, r4
10002aae:	940b      	str	r4, [sp, #44]	@ 0x2c
10002ab0:	9c26      	ldr	r4, [sp, #152]	@ 0x98
10002ab2:	0007      	movs	r7, r0
10002ab4:	000e      	movs	r6, r1
10002ab6:	421c      	tst	r4, r3
10002ab8:	d000      	beq.n	10002abc <_etoa+0x90>
10002aba:	e0ad      	b.n	10002c18 <_etoa+0x1ec>
10002abc:	000b      	movs	r3, r1
10002abe:	4303      	orrs	r3, r0
10002ac0:	d000      	beq.n	10002ac4 <_etoa+0x98>
10002ac2:	e0d5      	b.n	10002c70 <_etoa+0x244>
10002ac4:	2a00      	cmp	r2, #0
10002ac6:	d000      	beq.n	10002aca <_etoa+0x9e>
10002ac8:	e20a      	b.n	10002ee0 <_etoa+0x4b4>
10002aca:	0022      	movs	r2, r4
10002acc:	3306      	adds	r3, #6
10002ace:	9324      	str	r3, [sp, #144]	@ 0x90
10002ad0:	2302      	movs	r3, #2
10002ad2:	4013      	ands	r3, r2
10002ad4:	930c      	str	r3, [sp, #48]	@ 0x30
10002ad6:	2302      	movs	r3, #2
10002ad8:	4213      	tst	r3, r2
10002ada:	d000      	beq.n	10002ade <_etoa+0xb2>
10002adc:	e202      	b.n	10002ee4 <_etoa+0x4b8>
10002ade:	9b25      	ldr	r3, [sp, #148]	@ 0x94
10002ae0:	2b04      	cmp	r3, #4
10002ae2:	d200      	bcs.n	10002ae6 <_etoa+0xba>
10002ae4:	e20f      	b.n	10002f06 <_etoa+0x4da>
10002ae6:	3b04      	subs	r3, #4
10002ae8:	930b      	str	r3, [sp, #44]	@ 0x2c
10002aea:	2300      	movs	r3, #0
10002aec:	2504      	movs	r5, #4
10002aee:	930a      	str	r3, [sp, #40]	@ 0x28
10002af0:	2200      	movs	r2, #0
10002af2:	9822      	ldr	r0, [sp, #136]	@ 0x88
10002af4:	9923      	ldr	r1, [sp, #140]	@ 0x8c
10002af6:	2300      	movs	r3, #0
10002af8:	f7ff fab4 	bl	10002064 <__wrap___aeabi_dcmplt>
10002afc:	2800      	cmp	r0, #0
10002afe:	d000      	beq.n	10002b02 <_etoa+0xd6>
10002b00:	e203      	b.n	10002f0a <_etoa+0x4de>
10002b02:	4b5a      	ldr	r3, [pc, #360]	@ (10002c6c <_etoa+0x240>)
10002b04:	9a26      	ldr	r2, [sp, #152]	@ 0x98
10002b06:	4013      	ands	r3, r2
10002b08:	9304      	str	r3, [sp, #16]
10002b0a:	9b0b      	ldr	r3, [sp, #44]	@ 0x2c
10002b0c:	9303      	str	r3, [sp, #12]
10002b0e:	9b24      	ldr	r3, [sp, #144]	@ 0x90
10002b10:	9302      	str	r3, [sp, #8]
10002b12:	9b08      	ldr	r3, [sp, #32]
10002b14:	9c09      	ldr	r4, [sp, #36]	@ 0x24
10002b16:	9300      	str	r3, [sp, #0]
10002b18:	9401      	str	r4, [sp, #4]
10002b1a:	4659      	mov	r1, fp
10002b1c:	4643      	mov	r3, r8
10002b1e:	4652      	mov	r2, sl
10002b20:	4648      	mov	r0, r9
10002b22:	f7ff fd2f 	bl	10002584 <_ftoa>
10002b26:	0002      	movs	r2, r0
10002b28:	2020      	movs	r0, #32
10002b2a:	9b26      	ldr	r3, [sp, #152]	@ 0x98
10002b2c:	271f      	movs	r7, #31
10002b2e:	4003      	ands	r3, r0
10002b30:	4259      	negs	r1, r3
10002b32:	414b      	adcs	r3, r1
10002b34:	425b      	negs	r3, r3
10002b36:	4018      	ands	r0, r3
10002b38:	1c53      	adds	r3, r2, #1
10002b3a:	9308      	str	r3, [sp, #32]
10002b3c:	4659      	mov	r1, fp
10002b3e:	4643      	mov	r3, r8
10002b40:	3045      	adds	r0, #69	@ 0x45
10002b42:	47c8      	blx	r9
10002b44:	9a0a      	ldr	r2, [sp, #40]	@ 0x28
10002b46:	17d3      	asrs	r3, r2, #31
10002b48:	18d4      	adds	r4, r2, r3
10002b4a:	405c      	eors	r4, r3
10002b4c:	0fd3      	lsrs	r3, r2, #31
10002b4e:	930a      	str	r3, [sp, #40]	@ 0x28
10002b50:	1e6b      	subs	r3, r5, #1
10002b52:	930b      	str	r3, [sp, #44]	@ 0x2c
10002b54:	ab08      	add	r3, sp, #32
10002b56:	469c      	mov	ip, r3
10002b58:	2500      	movs	r5, #0
10002b5a:	4467      	add	r7, ip
10002b5c:	e001      	b.n	10002b62 <_etoa+0x136>
10002b5e:	2d20      	cmp	r5, #32
10002b60:	d00f      	beq.n	10002b82 <_etoa+0x156>
10002b62:	0020      	movs	r0, r4
10002b64:	210a      	movs	r1, #10
10002b66:	f7fe ffdf 	bl	10001b28 <__wrap___aeabi_uidiv>
10002b6a:	3501      	adds	r5, #1
10002b6c:	197e      	adds	r6, r7, r5
10002b6e:	3130      	adds	r1, #48	@ 0x30
10002b70:	7031      	strb	r1, [r6, #0]
10002b72:	0020      	movs	r0, r4
10002b74:	210a      	movs	r1, #10
10002b76:	f7fe ffd7 	bl	10001b28 <__wrap___aeabi_uidiv>
10002b7a:	0026      	movs	r6, r4
10002b7c:	0004      	movs	r4, r0
10002b7e:	2e09      	cmp	r6, #9
10002b80:	d8ed      	bhi.n	10002b5e <_etoa+0x132>
10002b82:	2305      	movs	r3, #5
10002b84:	9306      	str	r3, [sp, #24]
10002b86:	9b0b      	ldr	r3, [sp, #44]	@ 0x2c
10002b88:	4659      	mov	r1, fp
10002b8a:	9305      	str	r3, [sp, #20]
10002b8c:	2300      	movs	r3, #0
10002b8e:	9304      	str	r3, [sp, #16]
10002b90:	330a      	adds	r3, #10
10002b92:	9303      	str	r3, [sp, #12]
10002b94:	9b0a      	ldr	r3, [sp, #40]	@ 0x28
10002b96:	4648      	mov	r0, r9
10002b98:	9302      	str	r3, [sp, #8]
10002b9a:	ab10      	add	r3, sp, #64	@ 0x40
10002b9c:	9300      	str	r3, [sp, #0]
10002b9e:	9a08      	ldr	r2, [sp, #32]
10002ba0:	4643      	mov	r3, r8
10002ba2:	9501      	str	r5, [sp, #4]
10002ba4:	f7ff fbf8 	bl	10002398 <_ntoa_format>
10002ba8:	9b0c      	ldr	r3, [sp, #48]	@ 0x30
10002baa:	2b00      	cmp	r3, #0
10002bac:	d02d      	beq.n	10002c0a <_etoa+0x1de>
10002bae:	4653      	mov	r3, sl
10002bb0:	1ac4      	subs	r4, r0, r3
10002bb2:	9b25      	ldr	r3, [sp, #148]	@ 0x94
10002bb4:	42a3      	cmp	r3, r4
10002bb6:	d928      	bls.n	10002c0a <_etoa+0x1de>
10002bb8:	464d      	mov	r5, r9
10002bba:	465f      	mov	r7, fp
10002bbc:	4681      	mov	r9, r0
10002bbe:	001e      	movs	r6, r3
10002bc0:	4653      	mov	r3, sl
10002bc2:	0039      	movs	r1, r7
10002bc4:	191a      	adds	r2, r3, r4
10002bc6:	2020      	movs	r0, #32
10002bc8:	4643      	mov	r3, r8
10002bca:	3401      	adds	r4, #1
10002bcc:	47a8      	blx	r5
10002bce:	42a6      	cmp	r6, r4
10002bd0:	d8f6      	bhi.n	10002bc0 <_etoa+0x194>
10002bd2:	4653      	mov	r3, sl
10002bd4:	4648      	mov	r0, r9
10002bd6:	9925      	ldr	r1, [sp, #148]	@ 0x94
10002bd8:	1ac2      	subs	r2, r0, r3
10002bda:	3201      	adds	r2, #1
10002bdc:	2300      	movs	r3, #0
10002bde:	4291      	cmp	r1, r2
10002be0:	d300      	bcc.n	10002be4 <_etoa+0x1b8>
10002be2:	e186      	b.n	10002ef2 <_etoa+0x4c6>
10002be4:	3001      	adds	r0, #1
10002be6:	1818      	adds	r0, r3, r0
10002be8:	e00f      	b.n	10002c0a <_etoa+0x1de>
10002bea:	9b26      	ldr	r3, [sp, #152]	@ 0x98
10002bec:	9304      	str	r3, [sp, #16]
10002bee:	9b25      	ldr	r3, [sp, #148]	@ 0x94
10002bf0:	9303      	str	r3, [sp, #12]
10002bf2:	9b24      	ldr	r3, [sp, #144]	@ 0x90
10002bf4:	9302      	str	r3, [sp, #8]
10002bf6:	9b22      	ldr	r3, [sp, #136]	@ 0x88
10002bf8:	9c23      	ldr	r4, [sp, #140]	@ 0x8c
10002bfa:	9300      	str	r3, [sp, #0]
10002bfc:	9401      	str	r4, [sp, #4]
10002bfe:	4643      	mov	r3, r8
10002c00:	4652      	mov	r2, sl
10002c02:	4659      	mov	r1, fp
10002c04:	4648      	mov	r0, r9
10002c06:	f7ff fcbd 	bl	10002584 <_ftoa>
10002c0a:	b019      	add	sp, #100	@ 0x64
10002c0c:	bcf0      	pop	{r4, r5, r6, r7}
10002c0e:	46bb      	mov	fp, r7
10002c10:	46b2      	mov	sl, r6
10002c12:	46a9      	mov	r9, r5
10002c14:	46a0      	mov	r8, r4
10002c16:	bdf0      	pop	{r4, r5, r6, r7, pc}
10002c18:	4301      	orrs	r1, r0
10002c1a:	d12b      	bne.n	10002c74 <_etoa+0x248>
10002c1c:	9b0b      	ldr	r3, [sp, #44]	@ 0x2c
10002c1e:	0022      	movs	r2, r4
10002c20:	2b00      	cmp	r3, #0
10002c22:	d100      	bne.n	10002c26 <_etoa+0x1fa>
10002c24:	e754      	b.n	10002ad0 <_etoa+0xa4>
10002c26:	2300      	movs	r3, #0
10002c28:	930a      	str	r3, [sp, #40]	@ 0x28
10002c2a:	9b24      	ldr	r3, [sp, #144]	@ 0x90
10002c2c:	9a0a      	ldr	r2, [sp, #40]	@ 0x28
10002c2e:	2400      	movs	r4, #0
10002c30:	4293      	cmp	r3, r2
10002c32:	dd00      	ble.n	10002c36 <_etoa+0x20a>
10002c34:	e185      	b.n	10002f42 <_etoa+0x516>
10002c36:	9822      	ldr	r0, [sp, #136]	@ 0x88
10002c38:	9923      	ldr	r1, [sp, #140]	@ 0x8c
10002c3a:	2200      	movs	r2, #0
10002c3c:	2300      	movs	r3, #0
10002c3e:	f7ff fa11 	bl	10002064 <__wrap___aeabi_dcmplt>
10002c42:	2800      	cmp	r0, #0
10002c44:	d000      	beq.n	10002c48 <_etoa+0x21c>
10002c46:	e135      	b.n	10002eb4 <_etoa+0x488>
10002c48:	9b26      	ldr	r3, [sp, #152]	@ 0x98
10002c4a:	4a08      	ldr	r2, [pc, #32]	@ (10002c6c <_etoa+0x240>)
10002c4c:	9402      	str	r4, [sp, #8]
10002c4e:	401a      	ands	r2, r3
10002c50:	2380      	movs	r3, #128	@ 0x80
10002c52:	00db      	lsls	r3, r3, #3
10002c54:	4313      	orrs	r3, r2
10002c56:	9304      	str	r3, [sp, #16]
10002c58:	9b25      	ldr	r3, [sp, #148]	@ 0x94
10002c5a:	9303      	str	r3, [sp, #12]
10002c5c:	9b08      	ldr	r3, [sp, #32]
10002c5e:	9c09      	ldr	r4, [sp, #36]	@ 0x24
10002c60:	e7cb      	b.n	10002bfa <_etoa+0x1ce>
10002c62:	46c0      	nop			@ (mov r8, r8)
10002c64:	7fefffff 	.word	0x7fefffff
10002c68:	ffefffff 	.word	0xffefffff
10002c6c:	fffff7ff 	.word	0xfffff7ff
10002c70:	2306      	movs	r3, #6
10002c72:	9324      	str	r3, [sp, #144]	@ 0x90
10002c74:	4bb4      	ldr	r3, [pc, #720]	@ (10002f48 <_etoa+0x51c>)
10002c76:	0070      	lsls	r0, r6, #1
10002c78:	469c      	mov	ip, r3
10002c7a:	0d40      	lsrs	r0, r0, #21
10002c7c:	4460      	add	r0, ip
10002c7e:	f7ff fa1d 	bl	100020bc <__wrap___aeabi_i2d>
10002c82:	4ab2      	ldr	r2, [pc, #712]	@ (10002f4c <_etoa+0x520>)
10002c84:	4bb2      	ldr	r3, [pc, #712]	@ (10002f50 <_etoa+0x524>)
10002c86:	f7ff f9ae 	bl	10001fe6 <__wrap___aeabi_dmul>
10002c8a:	4ab2      	ldr	r2, [pc, #712]	@ (10002f54 <_etoa+0x528>)
10002c8c:	4bb2      	ldr	r3, [pc, #712]	@ (10002f58 <_etoa+0x52c>)
10002c8e:	f7ff f98b 	bl	10001fa8 <__wrap___aeabi_dadd>
10002c92:	0336      	lsls	r6, r6, #12
10002c94:	4bb1      	ldr	r3, [pc, #708]	@ (10002f5c <_etoa+0x530>)
10002c96:	0b36      	lsrs	r6, r6, #12
10002c98:	4333      	orrs	r3, r6
10002c9a:	0004      	movs	r4, r0
10002c9c:	000d      	movs	r5, r1
10002c9e:	0038      	movs	r0, r7
10002ca0:	0019      	movs	r1, r3
10002ca2:	2200      	movs	r2, #0
10002ca4:	4bae      	ldr	r3, [pc, #696]	@ (10002f60 <_etoa+0x534>)
10002ca6:	f7ff f97a 	bl	10001f9e <__wrap___aeabi_dsub>
10002caa:	4aae      	ldr	r2, [pc, #696]	@ (10002f64 <_etoa+0x538>)
10002cac:	4bae      	ldr	r3, [pc, #696]	@ (10002f68 <_etoa+0x53c>)
10002cae:	f7ff f99a 	bl	10001fe6 <__wrap___aeabi_dmul>
10002cb2:	0002      	movs	r2, r0
10002cb4:	000b      	movs	r3, r1
10002cb6:	0020      	movs	r0, r4
10002cb8:	0029      	movs	r1, r5
10002cba:	f7ff f975 	bl	10001fa8 <__wrap___aeabi_dadd>
10002cbe:	f7ff fa15 	bl	100020ec <__wrap___aeabi_d2iz>
10002cc2:	900a      	str	r0, [sp, #40]	@ 0x28
10002cc4:	f7ff f9fa 	bl	100020bc <__wrap___aeabi_i2d>
10002cc8:	4aa8      	ldr	r2, [pc, #672]	@ (10002f6c <_etoa+0x540>)
10002cca:	4ba9      	ldr	r3, [pc, #676]	@ (10002f70 <_etoa+0x544>)
10002ccc:	0004      	movs	r4, r0
10002cce:	000d      	movs	r5, r1
10002cd0:	f7ff f989 	bl	10001fe6 <__wrap___aeabi_dmul>
10002cd4:	2200      	movs	r2, #0
10002cd6:	4ba7      	ldr	r3, [pc, #668]	@ (10002f74 <_etoa+0x548>)
10002cd8:	f7ff f966 	bl	10001fa8 <__wrap___aeabi_dadd>
10002cdc:	f7ff fa06 	bl	100020ec <__wrap___aeabi_d2iz>
10002ce0:	4aa5      	ldr	r2, [pc, #660]	@ (10002f78 <_etoa+0x54c>)
10002ce2:	0006      	movs	r6, r0
10002ce4:	4ba5      	ldr	r3, [pc, #660]	@ (10002f7c <_etoa+0x550>)
10002ce6:	0020      	movs	r0, r4
10002ce8:	0029      	movs	r1, r5
10002cea:	f7ff f97c 	bl	10001fe6 <__wrap___aeabi_dmul>
10002cee:	0004      	movs	r4, r0
10002cf0:	0030      	movs	r0, r6
10002cf2:	000d      	movs	r5, r1
10002cf4:	960c      	str	r6, [sp, #48]	@ 0x30
10002cf6:	f7ff f9e1 	bl	100020bc <__wrap___aeabi_i2d>
10002cfa:	4aa1      	ldr	r2, [pc, #644]	@ (10002f80 <_etoa+0x554>)
10002cfc:	4ba1      	ldr	r3, [pc, #644]	@ (10002f84 <_etoa+0x558>)
10002cfe:	f7ff f972 	bl	10001fe6 <__wrap___aeabi_dmul>
10002d02:	0002      	movs	r2, r0
10002d04:	000b      	movs	r3, r1
10002d06:	0020      	movs	r0, r4
10002d08:	0029      	movs	r1, r5
10002d0a:	f7ff f948 	bl	10001f9e <__wrap___aeabi_dsub>
10002d0e:	0002      	movs	r2, r0
10002d10:	000b      	movs	r3, r1
10002d12:	0006      	movs	r6, r0
10002d14:	000f      	movs	r7, r1
10002d16:	f7ff f966 	bl	10001fe6 <__wrap___aeabi_dmul>
10002d1a:	0032      	movs	r2, r6
10002d1c:	0004      	movs	r4, r0
10002d1e:	000d      	movs	r5, r1
10002d20:	003b      	movs	r3, r7
10002d22:	0030      	movs	r0, r6
10002d24:	0039      	movs	r1, r7
10002d26:	f7ff f93f 	bl	10001fa8 <__wrap___aeabi_dadd>
10002d2a:	2200      	movs	r2, #0
10002d2c:	900e      	str	r0, [sp, #56]	@ 0x38
10002d2e:	910f      	str	r1, [sp, #60]	@ 0x3c
10002d30:	4b95      	ldr	r3, [pc, #596]	@ (10002f88 <_etoa+0x55c>)
10002d32:	0020      	movs	r0, r4
10002d34:	0029      	movs	r1, r5
10002d36:	f7ff f93c 	bl	10001fb2 <__wrap___aeabi_ddiv>
10002d3a:	2200      	movs	r2, #0
10002d3c:	4b93      	ldr	r3, [pc, #588]	@ (10002f8c <_etoa+0x560>)
10002d3e:	f7ff f933 	bl	10001fa8 <__wrap___aeabi_dadd>
10002d42:	0002      	movs	r2, r0
10002d44:	000b      	movs	r3, r1
10002d46:	0020      	movs	r0, r4
10002d48:	0029      	movs	r1, r5
10002d4a:	f7ff f932 	bl	10001fb2 <__wrap___aeabi_ddiv>
10002d4e:	2200      	movs	r2, #0
10002d50:	4b8f      	ldr	r3, [pc, #572]	@ (10002f90 <_etoa+0x564>)
10002d52:	f7ff f929 	bl	10001fa8 <__wrap___aeabi_dadd>
10002d56:	0002      	movs	r2, r0
10002d58:	000b      	movs	r3, r1
10002d5a:	0020      	movs	r0, r4
10002d5c:	0029      	movs	r1, r5
10002d5e:	f7ff f928 	bl	10001fb2 <__wrap___aeabi_ddiv>
10002d62:	000d      	movs	r5, r1
10002d64:	2180      	movs	r1, #128	@ 0x80
10002d66:	0004      	movs	r4, r0
10002d68:	0032      	movs	r2, r6
10002d6a:	003b      	movs	r3, r7
10002d6c:	2000      	movs	r0, #0
10002d6e:	05c9      	lsls	r1, r1, #23
10002d70:	f7ff f915 	bl	10001f9e <__wrap___aeabi_dsub>
10002d74:	0002      	movs	r2, r0
10002d76:	000b      	movs	r3, r1
10002d78:	0020      	movs	r0, r4
10002d7a:	0029      	movs	r1, r5
10002d7c:	f7ff f914 	bl	10001fa8 <__wrap___aeabi_dadd>
10002d80:	0002      	movs	r2, r0
10002d82:	000b      	movs	r3, r1
10002d84:	980e      	ldr	r0, [sp, #56]	@ 0x38
10002d86:	990f      	ldr	r1, [sp, #60]	@ 0x3c
10002d88:	f7ff f913 	bl	10001fb2 <__wrap___aeabi_ddiv>
10002d8c:	2200      	movs	r2, #0
10002d8e:	4b73      	ldr	r3, [pc, #460]	@ (10002f5c <_etoa+0x530>)
10002d90:	f7ff f90a 	bl	10001fa8 <__wrap___aeabi_dadd>
10002d94:	4b7f      	ldr	r3, [pc, #508]	@ (10002f94 <_etoa+0x568>)
10002d96:	9c0c      	ldr	r4, [sp, #48]	@ 0x30
10002d98:	469c      	mov	ip, r3
10002d9a:	4464      	add	r4, ip
10002d9c:	2200      	movs	r2, #0
10002d9e:	0523      	lsls	r3, r4, #20
10002da0:	f7ff f921 	bl	10001fe6 <__wrap___aeabi_dmul>
10002da4:	0006      	movs	r6, r0
10002da6:	000f      	movs	r7, r1
10002da8:	0002      	movs	r2, r0
10002daa:	000b      	movs	r3, r1
10002dac:	9808      	ldr	r0, [sp, #32]
10002dae:	9909      	ldr	r1, [sp, #36]	@ 0x24
10002db0:	f7ff f958 	bl	10002064 <__wrap___aeabi_dcmplt>
10002db4:	2800      	cmp	r0, #0
10002db6:	d00a      	beq.n	10002dce <_etoa+0x3a2>
10002db8:	9b0a      	ldr	r3, [sp, #40]	@ 0x28
10002dba:	0030      	movs	r0, r6
10002dbc:	3b01      	subs	r3, #1
10002dbe:	0039      	movs	r1, r7
10002dc0:	930a      	str	r3, [sp, #40]	@ 0x28
10002dc2:	2200      	movs	r2, #0
10002dc4:	4b71      	ldr	r3, [pc, #452]	@ (10002f8c <_etoa+0x560>)
10002dc6:	f7ff f8f4 	bl	10001fb2 <__wrap___aeabi_ddiv>
10002dca:	0006      	movs	r6, r0
10002dcc:	000f      	movs	r7, r1
10002dce:	9a0a      	ldr	r2, [sp, #40]	@ 0x28
10002dd0:	0033      	movs	r3, r6
10002dd2:	3263      	adds	r2, #99	@ 0x63
10002dd4:	0039      	movs	r1, r7
10002dd6:	2ac6      	cmp	r2, #198	@ 0xc6
10002dd8:	d812      	bhi.n	10002e00 <_etoa+0x3d4>
10002dda:	2202      	movs	r2, #2
10002ddc:	9826      	ldr	r0, [sp, #152]	@ 0x98
10002dde:	2504      	movs	r5, #4
10002de0:	4010      	ands	r0, r2
10002de2:	9a0b      	ldr	r2, [sp, #44]	@ 0x2c
10002de4:	900c      	str	r0, [sp, #48]	@ 0x30
10002de6:	2a00      	cmp	r2, #0
10002de8:	d125      	bne.n	10002e36 <_etoa+0x40a>
10002dea:	9b25      	ldr	r3, [sp, #148]	@ 0x94
10002dec:	2b04      	cmp	r3, #4
10002dee:	d905      	bls.n	10002dfc <_etoa+0x3d0>
10002df0:	2800      	cmp	r0, #0
10002df2:	d000      	beq.n	10002df6 <_etoa+0x3ca>
10002df4:	e0a1      	b.n	10002f3a <_etoa+0x50e>
10002df6:	9b25      	ldr	r3, [sp, #148]	@ 0x94
10002df8:	3b04      	subs	r3, #4
10002dfa:	930b      	str	r3, [sp, #44]	@ 0x2c
10002dfc:	2504      	movs	r5, #4
10002dfe:	e041      	b.n	10002e84 <_etoa+0x458>
10002e00:	2202      	movs	r2, #2
10002e02:	9826      	ldr	r0, [sp, #152]	@ 0x98
10002e04:	4010      	ands	r0, r2
10002e06:	9a0b      	ldr	r2, [sp, #44]	@ 0x2c
10002e08:	900c      	str	r0, [sp, #48]	@ 0x30
10002e0a:	2a00      	cmp	r2, #0
10002e0c:	d112      	bne.n	10002e34 <_etoa+0x408>
10002e0e:	9b25      	ldr	r3, [sp, #148]	@ 0x94
10002e10:	2b05      	cmp	r3, #5
10002e12:	d976      	bls.n	10002f02 <_etoa+0x4d6>
10002e14:	2800      	cmp	r0, #0
10002e16:	d172      	bne.n	10002efe <_etoa+0x4d2>
10002e18:	9b25      	ldr	r3, [sp, #148]	@ 0x94
10002e1a:	2505      	movs	r5, #5
10002e1c:	3b05      	subs	r3, #5
10002e1e:	930b      	str	r3, [sp, #44]	@ 0x2c
10002e20:	e034      	b.n	10002e8c <_etoa+0x460>
10002e22:	2280      	movs	r2, #128	@ 0x80
10002e24:	0612      	lsls	r2, r2, #24
10002e26:	4694      	mov	ip, r2
10002e28:	9b22      	ldr	r3, [sp, #136]	@ 0x88
10002e2a:	9308      	str	r3, [sp, #32]
10002e2c:	9b23      	ldr	r3, [sp, #140]	@ 0x8c
10002e2e:	4463      	add	r3, ip
10002e30:	9309      	str	r3, [sp, #36]	@ 0x24
10002e32:	e630      	b.n	10002a96 <_etoa+0x6a>
10002e34:	2505      	movs	r5, #5
10002e36:	430b      	orrs	r3, r1
10002e38:	d100      	bne.n	10002e3c <_etoa+0x410>
10002e3a:	e6f6      	b.n	10002c2a <_etoa+0x1fe>
10002e3c:	9808      	ldr	r0, [sp, #32]
10002e3e:	9909      	ldr	r1, [sp, #36]	@ 0x24
10002e40:	4a55      	ldr	r2, [pc, #340]	@ (10002f98 <_etoa+0x56c>)
10002e42:	4b56      	ldr	r3, [pc, #344]	@ (10002f9c <_etoa+0x570>)
10002e44:	f7ff f91c 	bl	10002080 <__wrap___aeabi_dcmpge>
10002e48:	2800      	cmp	r0, #0
10002e4a:	d008      	beq.n	10002e5e <_etoa+0x432>
10002e4c:	9808      	ldr	r0, [sp, #32]
10002e4e:	9909      	ldr	r1, [sp, #36]	@ 0x24
10002e50:	2200      	movs	r2, #0
10002e52:	4b53      	ldr	r3, [pc, #332]	@ (10002fa0 <_etoa+0x574>)
10002e54:	f7ff f906 	bl	10002064 <__wrap___aeabi_dcmplt>
10002e58:	2800      	cmp	r0, #0
10002e5a:	d000      	beq.n	10002e5e <_etoa+0x432>
10002e5c:	e6e5      	b.n	10002c2a <_etoa+0x1fe>
10002e5e:	9b24      	ldr	r3, [sp, #144]	@ 0x90
10002e60:	2b00      	cmp	r3, #0
10002e62:	d01c      	beq.n	10002e9e <_etoa+0x472>
10002e64:	9b0d      	ldr	r3, [sp, #52]	@ 0x34
10002e66:	2b00      	cmp	r3, #0
10002e68:	d019      	beq.n	10002e9e <_etoa+0x472>
10002e6a:	9b24      	ldr	r3, [sp, #144]	@ 0x90
10002e6c:	3b01      	subs	r3, #1
10002e6e:	9324      	str	r3, [sp, #144]	@ 0x90
10002e70:	9b25      	ldr	r3, [sp, #148]	@ 0x94
10002e72:	42ab      	cmp	r3, r5
10002e74:	d904      	bls.n	10002e80 <_etoa+0x454>
10002e76:	9b0c      	ldr	r3, [sp, #48]	@ 0x30
10002e78:	2b00      	cmp	r3, #0
10002e7a:	d05a      	beq.n	10002f32 <_etoa+0x506>
10002e7c:	2302      	movs	r3, #2
10002e7e:	930c      	str	r3, [sp, #48]	@ 0x30
10002e80:	2300      	movs	r3, #0
10002e82:	930b      	str	r3, [sp, #44]	@ 0x2c
10002e84:	9b0a      	ldr	r3, [sp, #40]	@ 0x28
10002e86:	2b00      	cmp	r3, #0
10002e88:	d100      	bne.n	10002e8c <_etoa+0x460>
10002e8a:	e631      	b.n	10002af0 <_etoa+0xc4>
10002e8c:	9808      	ldr	r0, [sp, #32]
10002e8e:	9909      	ldr	r1, [sp, #36]	@ 0x24
10002e90:	0032      	movs	r2, r6
10002e92:	003b      	movs	r3, r7
10002e94:	f7ff f88d 	bl	10001fb2 <__wrap___aeabi_ddiv>
10002e98:	9008      	str	r0, [sp, #32]
10002e9a:	9109      	str	r1, [sp, #36]	@ 0x24
10002e9c:	e628      	b.n	10002af0 <_etoa+0xc4>
10002e9e:	9b25      	ldr	r3, [sp, #148]	@ 0x94
10002ea0:	42ab      	cmp	r3, r5
10002ea2:	d9ed      	bls.n	10002e80 <_etoa+0x454>
10002ea4:	9b0c      	ldr	r3, [sp, #48]	@ 0x30
10002ea6:	2b00      	cmp	r3, #0
10002ea8:	d043      	beq.n	10002f32 <_etoa+0x506>
10002eaa:	2300      	movs	r3, #0
10002eac:	930b      	str	r3, [sp, #44]	@ 0x2c
10002eae:	3302      	adds	r3, #2
10002eb0:	930c      	str	r3, [sp, #48]	@ 0x30
10002eb2:	e7e7      	b.n	10002e84 <_etoa+0x458>
10002eb4:	2080      	movs	r0, #128	@ 0x80
10002eb6:	9b26      	ldr	r3, [sp, #152]	@ 0x98
10002eb8:	4a3a      	ldr	r2, [pc, #232]	@ (10002fa4 <_etoa+0x578>)
10002eba:	0600      	lsls	r0, r0, #24
10002ebc:	401a      	ands	r2, r3
10002ebe:	2380      	movs	r3, #128	@ 0x80
10002ec0:	4684      	mov	ip, r0
10002ec2:	9402      	str	r4, [sp, #8]
10002ec4:	9c08      	ldr	r4, [sp, #32]
10002ec6:	9d09      	ldr	r5, [sp, #36]	@ 0x24
10002ec8:	0029      	movs	r1, r5
10002eca:	00db      	lsls	r3, r3, #3
10002ecc:	4313      	orrs	r3, r2
10002ece:	9304      	str	r3, [sp, #16]
10002ed0:	9b25      	ldr	r3, [sp, #148]	@ 0x94
10002ed2:	4461      	add	r1, ip
10002ed4:	0022      	movs	r2, r4
10002ed6:	9303      	str	r3, [sp, #12]
10002ed8:	000b      	movs	r3, r1
10002eda:	9200      	str	r2, [sp, #0]
10002edc:	9301      	str	r3, [sp, #4]
10002ede:	e68e      	b.n	10002bfe <_etoa+0x1d2>
10002ee0:	2405      	movs	r4, #5
10002ee2:	e6a8      	b.n	10002c36 <_etoa+0x20a>
10002ee4:	2300      	movs	r3, #0
10002ee6:	930b      	str	r3, [sp, #44]	@ 0x2c
10002ee8:	930a      	str	r3, [sp, #40]	@ 0x28
10002eea:	3302      	adds	r3, #2
10002eec:	2504      	movs	r5, #4
10002eee:	930c      	str	r3, [sp, #48]	@ 0x30
10002ef0:	e5fe      	b.n	10002af0 <_etoa+0xc4>
10002ef2:	4653      	mov	r3, sl
10002ef4:	468c      	mov	ip, r1
10002ef6:	3b01      	subs	r3, #1
10002ef8:	4463      	add	r3, ip
10002efa:	1a1b      	subs	r3, r3, r0
10002efc:	e672      	b.n	10002be4 <_etoa+0x1b8>
10002efe:	2302      	movs	r3, #2
10002f00:	930c      	str	r3, [sp, #48]	@ 0x30
10002f02:	2505      	movs	r5, #5
10002f04:	e7c2      	b.n	10002e8c <_etoa+0x460>
10002f06:	2304      	movs	r3, #4
10002f08:	e5ed      	b.n	10002ae6 <_etoa+0xba>
10002f0a:	2080      	movs	r0, #128	@ 0x80
10002f0c:	9e08      	ldr	r6, [sp, #32]
10002f0e:	9f09      	ldr	r7, [sp, #36]	@ 0x24
10002f10:	0600      	lsls	r0, r0, #24
10002f12:	0039      	movs	r1, r7
10002f14:	4684      	mov	ip, r0
10002f16:	9a26      	ldr	r2, [sp, #152]	@ 0x98
10002f18:	4b22      	ldr	r3, [pc, #136]	@ (10002fa4 <_etoa+0x578>)
10002f1a:	4461      	add	r1, ip
10002f1c:	4013      	ands	r3, r2
10002f1e:	9304      	str	r3, [sp, #16]
10002f20:	9b0b      	ldr	r3, [sp, #44]	@ 0x2c
10002f22:	0032      	movs	r2, r6
10002f24:	9303      	str	r3, [sp, #12]
10002f26:	9b24      	ldr	r3, [sp, #144]	@ 0x90
10002f28:	9302      	str	r3, [sp, #8]
10002f2a:	000b      	movs	r3, r1
10002f2c:	9200      	str	r2, [sp, #0]
10002f2e:	9301      	str	r3, [sp, #4]
10002f30:	e5f3      	b.n	10002b1a <_etoa+0xee>
10002f32:	9b25      	ldr	r3, [sp, #148]	@ 0x94
10002f34:	1b5b      	subs	r3, r3, r5
10002f36:	930b      	str	r3, [sp, #44]	@ 0x2c
10002f38:	e7a4      	b.n	10002e84 <_etoa+0x458>
10002f3a:	2302      	movs	r3, #2
10002f3c:	2504      	movs	r5, #4
10002f3e:	930c      	str	r3, [sp, #48]	@ 0x30
10002f40:	e7a0      	b.n	10002e84 <_etoa+0x458>
10002f42:	1a9c      	subs	r4, r3, r2
10002f44:	3c01      	subs	r4, #1
10002f46:	e676      	b.n	10002c36 <_etoa+0x20a>
10002f48:	fffffc01 	.word	0xfffffc01
10002f4c:	509f79fb 	.word	0x509f79fb
10002f50:	3fd34413 	.word	0x3fd34413
10002f54:	8b60c8b3 	.word	0x8b60c8b3
10002f58:	3fc68a28 	.word	0x3fc68a28
10002f5c:	3ff00000 	.word	0x3ff00000
10002f60:	3ff80000 	.word	0x3ff80000
10002f64:	636f4361 	.word	0x636f4361
10002f68:	3fd287a7 	.word	0x3fd287a7
10002f6c:	0979a371 	.word	0x0979a371
10002f70:	400a934f 	.word	0x400a934f
10002f74:	3fe00000 	.word	0x3fe00000
10002f78:	bbb55516 	.word	0xbbb55516
10002f7c:	40026bb1 	.word	0x40026bb1
10002f80:	fefa39ef 	.word	0xfefa39ef
10002f84:	3fe62e42 	.word	0x3fe62e42
10002f88:	402c0000 	.word	0x402c0000
10002f8c:	40240000 	.word	0x40240000
10002f90:	40180000 	.word	0x40180000
10002f94:	000003ff 	.word	0x000003ff
10002f98:	eb1c432d 	.word	0xeb1c432d
10002f9c:	3f1a36e2 	.word	0x3f1a36e2
10002fa0:	412e8480 	.word	0x412e8480
10002fa4:	fffff7ff 	.word	0xfffff7ff

10002fa8 <_vsnprintf>:
10002fa8:	b5f0      	push	{r4, r5, r6, r7, lr}
10002faa:	46de      	mov	lr, fp
10002fac:	4657      	mov	r7, sl
10002fae:	464e      	mov	r6, r9
10002fb0:	4645      	mov	r5, r8
10002fb2:	b5e0      	push	{r5, r6, r7, lr}
10002fb4:	b0a5      	sub	sp, #148	@ 0x94
10002fb6:	001e      	movs	r6, r3
10002fb8:	9b2e      	ldr	r3, [sp, #184]	@ 0xb8
10002fba:	4692      	mov	sl, r2
10002fbc:	930c      	str	r3, [sp, #48]	@ 0x30
10002fbe:	4acd      	ldr	r2, [pc, #820]	@ (100032f4 <_vsnprintf+0x34c>)
10002fc0:	4bcd      	ldr	r3, [pc, #820]	@ (100032f8 <_vsnprintf+0x350>)
10002fc2:	4680      	mov	r8, r0
10002fc4:	468b      	mov	fp, r1
10002fc6:	601a      	str	r2, [r3, #0]
10002fc8:	2900      	cmp	r1, #0
10002fca:	d100      	bne.n	10002fce <_vsnprintf+0x26>
10002fcc:	e1ea      	b.n	100033a4 <_vsnprintf+0x3fc>
10002fce:	2300      	movs	r3, #0
10002fd0:	7830      	ldrb	r0, [r6, #0]
10002fd2:	4699      	mov	r9, r3
10002fd4:	2800      	cmp	r0, #0
10002fd6:	d100      	bne.n	10002fda <_vsnprintf+0x32>
10002fd8:	e1ec      	b.n	100033b4 <_vsnprintf+0x40c>
10002fda:	4bc8      	ldr	r3, [pc, #800]	@ (100032fc <_vsnprintf+0x354>)
10002fdc:	464c      	mov	r4, r9
10002fde:	930b      	str	r3, [sp, #44]	@ 0x2c
10002fe0:	4bc7      	ldr	r3, [pc, #796]	@ (10003300 <_vsnprintf+0x358>)
10002fe2:	4645      	mov	r5, r8
10002fe4:	4657      	mov	r7, sl
10002fe6:	930e      	str	r3, [sp, #56]	@ 0x38
10002fe8:	e00a      	b.n	10003000 <_vsnprintf+0x58>
10002fea:	1c63      	adds	r3, r4, #1
10002fec:	4698      	mov	r8, r3
10002fee:	0022      	movs	r2, r4
10002ff0:	003b      	movs	r3, r7
10002ff2:	4659      	mov	r1, fp
10002ff4:	47a8      	blx	r5
10002ff6:	4644      	mov	r4, r8
10002ff8:	7830      	ldrb	r0, [r6, #0]
10002ffa:	2800      	cmp	r0, #0
10002ffc:	d100      	bne.n	10003000 <_vsnprintf+0x58>
10002ffe:	e087      	b.n	10003110 <_vsnprintf+0x168>
10003000:	3601      	adds	r6, #1
10003002:	2825      	cmp	r0, #37	@ 0x25
10003004:	d1f1      	bne.n	10002fea <_vsnprintf+0x42>
10003006:	2308      	movs	r3, #8
10003008:	469a      	mov	sl, r3
1000300a:	3b04      	subs	r3, #4
1000300c:	4699      	mov	r9, r3
1000300e:	3b02      	subs	r3, #2
10003010:	4698      	mov	r8, r3
10003012:	3b01      	subs	r3, #1
10003014:	2200      	movs	r2, #0
10003016:	469c      	mov	ip, r3
10003018:	940d      	str	r4, [sp, #52]	@ 0x34
1000301a:	7830      	ldrb	r0, [r6, #0]
1000301c:	1c71      	adds	r1, r6, #1
1000301e:	0003      	movs	r3, r0
10003020:	3b20      	subs	r3, #32
10003022:	b2db      	uxtb	r3, r3
10003024:	2b10      	cmp	r3, #16
10003026:	d803      	bhi.n	10003030 <_vsnprintf+0x88>
10003028:	9c0b      	ldr	r4, [sp, #44]	@ 0x2c
1000302a:	009b      	lsls	r3, r3, #2
1000302c:	58e3      	ldr	r3, [r4, r3]
1000302e:	469f      	mov	pc, r3
10003030:	0003      	movs	r3, r0
10003032:	3b30      	subs	r3, #48	@ 0x30
10003034:	4689      	mov	r9, r1
10003036:	9c0d      	ldr	r4, [sp, #52]	@ 0x34
10003038:	2b09      	cmp	r3, #9
1000303a:	d93a      	bls.n	100030b2 <_vsnprintf+0x10a>
1000303c:	2300      	movs	r3, #0
1000303e:	4698      	mov	r8, r3
10003040:	282a      	cmp	r0, #42	@ 0x2a
10003042:	d100      	bne.n	10003046 <_vsnprintf+0x9e>
10003044:	e0c1      	b.n	100031ca <_vsnprintf+0x222>
10003046:	2300      	movs	r3, #0
10003048:	469a      	mov	sl, r3
1000304a:	282e      	cmp	r0, #46	@ 0x2e
1000304c:	d04b      	beq.n	100030e6 <_vsnprintf+0x13e>
1000304e:	0003      	movs	r3, r0
10003050:	3b68      	subs	r3, #104	@ 0x68
10003052:	b2db      	uxtb	r3, r3
10003054:	2b12      	cmp	r3, #18
10003056:	d81e      	bhi.n	10003096 <_vsnprintf+0xee>
10003058:	990e      	ldr	r1, [sp, #56]	@ 0x38
1000305a:	009b      	lsls	r3, r3, #2
1000305c:	58cb      	ldr	r3, [r1, r3]
1000305e:	469f      	mov	pc, r3
10003060:	4663      	mov	r3, ip
10003062:	000e      	movs	r6, r1
10003064:	431a      	orrs	r2, r3
10003066:	e7d8      	b.n	1000301a <_vsnprintf+0x72>
10003068:	4643      	mov	r3, r8
1000306a:	000e      	movs	r6, r1
1000306c:	431a      	orrs	r2, r3
1000306e:	e7d4      	b.n	1000301a <_vsnprintf+0x72>
10003070:	464b      	mov	r3, r9
10003072:	000e      	movs	r6, r1
10003074:	431a      	orrs	r2, r3
10003076:	e7d0      	b.n	1000301a <_vsnprintf+0x72>
10003078:	2310      	movs	r3, #16
1000307a:	000e      	movs	r6, r1
1000307c:	431a      	orrs	r2, r3
1000307e:	e7cc      	b.n	1000301a <_vsnprintf+0x72>
10003080:	4653      	mov	r3, sl
10003082:	000e      	movs	r6, r1
10003084:	431a      	orrs	r2, r3
10003086:	e7c8      	b.n	1000301a <_vsnprintf+0x72>
10003088:	2380      	movs	r3, #128	@ 0x80
1000308a:	005b      	lsls	r3, r3, #1
1000308c:	431a      	orrs	r2, r3
1000308e:	3bff      	subs	r3, #255	@ 0xff
10003090:	469c      	mov	ip, r3
10003092:	7870      	ldrb	r0, [r6, #1]
10003094:	44e1      	add	r9, ip
10003096:	464e      	mov	r6, r9
10003098:	2867      	cmp	r0, #103	@ 0x67
1000309a:	d84f      	bhi.n	1000313c <_vsnprintf+0x194>
1000309c:	2824      	cmp	r0, #36	@ 0x24
1000309e:	d9a4      	bls.n	10002fea <_vsnprintf+0x42>
100030a0:	0003      	movs	r3, r0
100030a2:	3b25      	subs	r3, #37	@ 0x25
100030a4:	b2db      	uxtb	r3, r3
100030a6:	2b42      	cmp	r3, #66	@ 0x42
100030a8:	d89f      	bhi.n	10002fea <_vsnprintf+0x42>
100030aa:	4996      	ldr	r1, [pc, #600]	@ (10003304 <_vsnprintf+0x35c>)
100030ac:	009b      	lsls	r3, r3, #2
100030ae:	58cb      	ldr	r3, [r1, r3]
100030b0:	469f      	mov	pc, r3
100030b2:	2300      	movs	r3, #0
100030b4:	4694      	mov	ip, r2
100030b6:	001e      	movs	r6, r3
100030b8:	e000      	b.n	100030bc <_vsnprintf+0x114>
100030ba:	3101      	adds	r1, #1
100030bc:	00b3      	lsls	r3, r6, #2
100030be:	199b      	adds	r3, r3, r6
100030c0:	005b      	lsls	r3, r3, #1
100030c2:	181e      	adds	r6, r3, r0
100030c4:	7808      	ldrb	r0, [r1, #0]
100030c6:	3e30      	subs	r6, #48	@ 0x30
100030c8:	0003      	movs	r3, r0
100030ca:	3b30      	subs	r3, #48	@ 0x30
100030cc:	2b09      	cmp	r3, #9
100030ce:	d9f4      	bls.n	100030ba <_vsnprintf+0x112>
100030d0:	2301      	movs	r3, #1
100030d2:	4662      	mov	r2, ip
100030d4:	4689      	mov	r9, r1
100030d6:	469c      	mov	ip, r3
100030d8:	2300      	movs	r3, #0
100030da:	46b0      	mov	r8, r6
100030dc:	469a      	mov	sl, r3
100030de:	000e      	movs	r6, r1
100030e0:	44e1      	add	r9, ip
100030e2:	282e      	cmp	r0, #46	@ 0x2e
100030e4:	d1b3      	bne.n	1000304e <_vsnprintf+0xa6>
100030e6:	2130      	movs	r1, #48	@ 0x30
100030e8:	2080      	movs	r0, #128	@ 0x80
100030ea:	4249      	negs	r1, r1
100030ec:	468c      	mov	ip, r1
100030ee:	00c0      	lsls	r0, r0, #3
100030f0:	4302      	orrs	r2, r0
100030f2:	7870      	ldrb	r0, [r6, #1]
100030f4:	464b      	mov	r3, r9
100030f6:	4484      	add	ip, r0
100030f8:	4661      	mov	r1, ip
100030fa:	2909      	cmp	r1, #9
100030fc:	d800      	bhi.n	10003100 <_vsnprintf+0x158>
100030fe:	e16c      	b.n	100033da <_vsnprintf+0x432>
10003100:	282a      	cmp	r0, #42	@ 0x2a
10003102:	d100      	bne.n	10003106 <_vsnprintf+0x15e>
10003104:	e17a      	b.n	100033fc <_vsnprintf+0x454>
10003106:	2301      	movs	r3, #1
10003108:	469c      	mov	ip, r3
1000310a:	464e      	mov	r6, r9
1000310c:	44e1      	add	r9, ip
1000310e:	e79e      	b.n	1000304e <_vsnprintf+0xa6>
10003110:	46a1      	mov	r9, r4
10003112:	46a8      	mov	r8, r5
10003114:	46ba      	mov	sl, r7
10003116:	45ca      	cmp	sl, r9
10003118:	d803      	bhi.n	10003122 <_vsnprintf+0x17a>
1000311a:	2301      	movs	r3, #1
1000311c:	425b      	negs	r3, r3
1000311e:	4453      	add	r3, sl
10003120:	4699      	mov	r9, r3
10003122:	4653      	mov	r3, sl
10003124:	464a      	mov	r2, r9
10003126:	4659      	mov	r1, fp
10003128:	2000      	movs	r0, #0
1000312a:	47c0      	blx	r8
1000312c:	0020      	movs	r0, r4
1000312e:	b025      	add	sp, #148	@ 0x94
10003130:	bcf0      	pop	{r4, r5, r6, r7}
10003132:	46bb      	mov	fp, r7
10003134:	46b2      	mov	sl, r6
10003136:	46a9      	mov	r9, r5
10003138:	46a0      	mov	r8, r4
1000313a:	bdf0      	pop	{r4, r5, r6, r7, pc}
1000313c:	0003      	movs	r3, r0
1000313e:	3b69      	subs	r3, #105	@ 0x69
10003140:	b2db      	uxtb	r3, r3
10003142:	930d      	str	r3, [sp, #52]	@ 0x34
10003144:	2b0f      	cmp	r3, #15
10003146:	d900      	bls.n	1000314a <_vsnprintf+0x1a2>
10003148:	e74f      	b.n	10002fea <_vsnprintf+0x42>
1000314a:	2101      	movs	r1, #1
1000314c:	4099      	lsls	r1, r3
1000314e:	468c      	mov	ip, r1
10003150:	496d      	ldr	r1, [pc, #436]	@ (10003308 <_vsnprintf+0x360>)
10003152:	4689      	mov	r9, r1
10003154:	4661      	mov	r1, ip
10003156:	464b      	mov	r3, r9
10003158:	4019      	ands	r1, r3
1000315a:	910f      	str	r1, [sp, #60]	@ 0x3c
1000315c:	4663      	mov	r3, ip
1000315e:	4649      	mov	r1, r9
10003160:	420b      	tst	r3, r1
10003162:	d000      	beq.n	10003166 <_vsnprintf+0x1be>
10003164:	e128      	b.n	100033b8 <_vsnprintf+0x410>
10003166:	9b0d      	ldr	r3, [sp, #52]	@ 0x34
10003168:	2b0a      	cmp	r3, #10
1000316a:	d03a      	beq.n	100031e2 <_vsnprintf+0x23a>
1000316c:	2b07      	cmp	r3, #7
1000316e:	d000      	beq.n	10003172 <_vsnprintf+0x1ca>
10003170:	e73b      	b.n	10002fea <_vsnprintf+0x42>
10003172:	9b0c      	ldr	r3, [sp, #48]	@ 0x30
10003174:	0019      	movs	r1, r3
10003176:	c908      	ldmia	r1!, {r3}
10003178:	4688      	mov	r8, r1
1000317a:	2b00      	cmp	r3, #0
1000317c:	d100      	bne.n	10003180 <_vsnprintf+0x1d8>
1000317e:	e14b      	b.n	10003418 <_vsnprintf+0x470>
10003180:	2021      	movs	r0, #33	@ 0x21
10003182:	4302      	orrs	r2, r0
10003184:	4691      	mov	r9, r2
10003186:	a914      	add	r1, sp, #80	@ 0x50
10003188:	468c      	mov	ip, r1
1000318a:	221f      	movs	r2, #31
1000318c:	210f      	movs	r1, #15
1000318e:	4462      	add	r2, ip
10003190:	468c      	mov	ip, r1
10003192:	4651      	mov	r1, sl
10003194:	950d      	str	r5, [sp, #52]	@ 0x34
10003196:	910c      	str	r1, [sp, #48]	@ 0x30
10003198:	46a2      	mov	sl, r4
1000319a:	0015      	movs	r5, r2
1000319c:	990f      	ldr	r1, [sp, #60]	@ 0x3c
1000319e:	e002      	b.n	100031a6 <_vsnprintf+0x1fe>
100031a0:	2920      	cmp	r1, #32
100031a2:	d00c      	beq.n	100031be <_vsnprintf+0x216>
100031a4:	0013      	movs	r3, r2
100031a6:	4664      	mov	r4, ip
100031a8:	401c      	ands	r4, r3
100031aa:	0020      	movs	r0, r4
100031ac:	3037      	adds	r0, #55	@ 0x37
100031ae:	2c09      	cmp	r4, #9
100031b0:	d800      	bhi.n	100031b4 <_vsnprintf+0x20c>
100031b2:	3807      	subs	r0, #7
100031b4:	3101      	adds	r1, #1
100031b6:	5468      	strb	r0, [r5, r1]
100031b8:	091a      	lsrs	r2, r3, #4
100031ba:	2b0f      	cmp	r3, #15
100031bc:	d8f0      	bhi.n	100031a0 <_vsnprintf+0x1f8>
100031be:	9b0c      	ldr	r3, [sp, #48]	@ 0x30
100031c0:	4654      	mov	r4, sl
100031c2:	9d0d      	ldr	r5, [sp, #52]	@ 0x34
100031c4:	469a      	mov	sl, r3
100031c6:	910f      	str	r1, [sp, #60]	@ 0x3c
100031c8:	e133      	b.n	10003432 <_vsnprintf+0x48a>
100031ca:	9b0c      	ldr	r3, [sp, #48]	@ 0x30
100031cc:	cb02      	ldmia	r3!, {r1}
100031ce:	4688      	mov	r8, r1
100031d0:	2900      	cmp	r1, #0
100031d2:	db47      	blt.n	10003264 <_vsnprintf+0x2bc>
100031d4:	930c      	str	r3, [sp, #48]	@ 0x30
100031d6:	2301      	movs	r3, #1
100031d8:	469c      	mov	ip, r3
100031da:	7870      	ldrb	r0, [r6, #1]
100031dc:	464e      	mov	r6, r9
100031de:	44e1      	add	r9, ip
100031e0:	e731      	b.n	10003046 <_vsnprintf+0x9e>
100031e2:	9b0c      	ldr	r3, [sp, #48]	@ 0x30
100031e4:	cb02      	ldmia	r3!, {r1}
100031e6:	9314      	str	r3, [sp, #80]	@ 0x50
100031e8:	4653      	mov	r3, sl
100031ea:	2b00      	cmp	r3, #0
100031ec:	d100      	bne.n	100031f0 <_vsnprintf+0x248>
100031ee:	e138      	b.n	10003462 <_vsnprintf+0x4ba>
100031f0:	469c      	mov	ip, r3
100031f2:	7808      	ldrb	r0, [r1, #0]
100031f4:	000b      	movs	r3, r1
100031f6:	900c      	str	r0, [sp, #48]	@ 0x30
100031f8:	448c      	add	ip, r1
100031fa:	2800      	cmp	r0, #0
100031fc:	d101      	bne.n	10003202 <_vsnprintf+0x25a>
100031fe:	f000 fc98 	bl	10003b32 <_vsnprintf+0xb8a>
10003202:	4689      	mov	r9, r1
10003204:	4661      	mov	r1, ip
10003206:	4694      	mov	ip, r2
10003208:	e003      	b.n	10003212 <_vsnprintf+0x26a>
1000320a:	785a      	ldrb	r2, [r3, #1]
1000320c:	3301      	adds	r3, #1
1000320e:	2a00      	cmp	r2, #0
10003210:	d001      	beq.n	10003216 <_vsnprintf+0x26e>
10003212:	428b      	cmp	r3, r1
10003214:	d1f9      	bne.n	1000320a <_vsnprintf+0x262>
10003216:	4649      	mov	r1, r9
10003218:	4662      	mov	r2, ip
1000321a:	1a5b      	subs	r3, r3, r1
1000321c:	900c      	str	r0, [sp, #48]	@ 0x30
1000321e:	930f      	str	r3, [sp, #60]	@ 0x3c
10003220:	0553      	lsls	r3, r2, #21
10003222:	d500      	bpl.n	10003226 <_vsnprintf+0x27e>
10003224:	e120      	b.n	10003468 <_vsnprintf+0x4c0>
10003226:	2302      	movs	r3, #2
10003228:	0018      	movs	r0, r3
1000322a:	4010      	ands	r0, r2
1000322c:	900d      	str	r0, [sp, #52]	@ 0x34
1000322e:	4213      	tst	r3, r2
10003230:	d100      	bne.n	10003234 <_vsnprintf+0x28c>
10003232:	e3cb      	b.n	100039cc <_vsnprintf+0xa24>
10003234:	930d      	str	r3, [sp, #52]	@ 0x34
10003236:	1b0b      	subs	r3, r1, r4
10003238:	46b1      	mov	r9, r6
1000323a:	469a      	mov	sl, r3
1000323c:	465e      	mov	r6, fp
1000323e:	980c      	ldr	r0, [sp, #48]	@ 0x30
10003240:	0022      	movs	r2, r4
10003242:	003b      	movs	r3, r7
10003244:	0031      	movs	r1, r6
10003246:	47a8      	blx	r5
10003248:	4653      	mov	r3, sl
1000324a:	3401      	adds	r4, #1
1000324c:	5d18      	ldrb	r0, [r3, r4]
1000324e:	2800      	cmp	r0, #0
10003250:	d1f6      	bne.n	10003240 <_vsnprintf+0x298>
10003252:	46b3      	mov	fp, r6
10003254:	464e      	mov	r6, r9
10003256:	9b0d      	ldr	r3, [sp, #52]	@ 0x34
10003258:	2b00      	cmp	r3, #0
1000325a:	d000      	beq.n	1000325e <_vsnprintf+0x2b6>
1000325c:	e1c7      	b.n	100035ee <_vsnprintf+0x646>
1000325e:	9b14      	ldr	r3, [sp, #80]	@ 0x50
10003260:	930c      	str	r3, [sp, #48]	@ 0x30
10003262:	e6c9      	b.n	10002ff8 <_vsnprintf+0x50>
10003264:	930c      	str	r3, [sp, #48]	@ 0x30
10003266:	2301      	movs	r3, #1
10003268:	469c      	mov	ip, r3
1000326a:	3828      	subs	r0, #40	@ 0x28
1000326c:	4249      	negs	r1, r1
1000326e:	4302      	orrs	r2, r0
10003270:	4688      	mov	r8, r1
10003272:	7870      	ldrb	r0, [r6, #1]
10003274:	464e      	mov	r6, r9
10003276:	44e1      	add	r9, ip
10003278:	e6e5      	b.n	10003046 <_vsnprintf+0x9e>
1000327a:	7870      	ldrb	r0, [r6, #1]
1000327c:	286c      	cmp	r0, #108	@ 0x6c
1000327e:	d100      	bne.n	10003282 <_vsnprintf+0x2da>
10003280:	e17f      	b.n	10003582 <_vsnprintf+0x5da>
10003282:	2380      	movs	r3, #128	@ 0x80
10003284:	005b      	lsls	r3, r3, #1
10003286:	431a      	orrs	r2, r3
10003288:	3bff      	subs	r3, #255	@ 0xff
1000328a:	469c      	mov	ip, r3
1000328c:	44e1      	add	r9, ip
1000328e:	e702      	b.n	10003096 <_vsnprintf+0xee>
10003290:	2380      	movs	r3, #128	@ 0x80
10003292:	009b      	lsls	r3, r3, #2
10003294:	431a      	orrs	r2, r3
10003296:	2301      	movs	r3, #1
10003298:	469c      	mov	ip, r3
1000329a:	7870      	ldrb	r0, [r6, #1]
1000329c:	44e1      	add	r9, ip
1000329e:	e6fa      	b.n	10003096 <_vsnprintf+0xee>
100032a0:	7870      	ldrb	r0, [r6, #1]
100032a2:	2868      	cmp	r0, #104	@ 0x68
100032a4:	d100      	bne.n	100032a8 <_vsnprintf+0x300>
100032a6:	e173      	b.n	10003590 <_vsnprintf+0x5e8>
100032a8:	2380      	movs	r3, #128	@ 0x80
100032aa:	431a      	orrs	r2, r3
100032ac:	3b7f      	subs	r3, #127	@ 0x7f
100032ae:	469c      	mov	ip, r3
100032b0:	44e1      	add	r9, ip
100032b2:	e6f0      	b.n	10003096 <_vsnprintf+0xee>
100032b4:	2867      	cmp	r0, #103	@ 0x67
100032b6:	d100      	bne.n	100032ba <_vsnprintf+0x312>
100032b8:	e103      	b.n	100034c2 <_vsnprintf+0x51a>
100032ba:	2847      	cmp	r0, #71	@ 0x47
100032bc:	d100      	bne.n	100032c0 <_vsnprintf+0x318>
100032be:	e15a      	b.n	10003576 <_vsnprintf+0x5ce>
100032c0:	2845      	cmp	r0, #69	@ 0x45
100032c2:	d100      	bne.n	100032c6 <_vsnprintf+0x31e>
100032c4:	e15a      	b.n	1000357c <_vsnprintf+0x5d4>
100032c6:	9204      	str	r2, [sp, #16]
100032c8:	2107      	movs	r1, #7
100032ca:	4642      	mov	r2, r8
100032cc:	9b0c      	ldr	r3, [sp, #48]	@ 0x30
100032ce:	9203      	str	r2, [sp, #12]
100032d0:	3307      	adds	r3, #7
100032d2:	4652      	mov	r2, sl
100032d4:	438b      	bics	r3, r1
100032d6:	0019      	movs	r1, r3
100032d8:	9202      	str	r2, [sp, #8]
100032da:	c90c      	ldmia	r1!, {r2, r3}
100032dc:	0028      	movs	r0, r5
100032de:	9200      	str	r2, [sp, #0]
100032e0:	9301      	str	r3, [sp, #4]
100032e2:	910c      	str	r1, [sp, #48]	@ 0x30
100032e4:	0022      	movs	r2, r4
100032e6:	003b      	movs	r3, r7
100032e8:	4659      	mov	r1, fp
100032ea:	f7ff fb9f 	bl	10002a2c <_etoa>
100032ee:	0004      	movs	r4, r0
100032f0:	e682      	b.n	10002ff8 <_vsnprintf+0x50>
100032f2:	46c0      	nop			@ (mov r8, r8)
100032f4:	10002fa9 	.word	0x10002fa9
100032f8:	20001b40 	.word	0x20001b40
100032fc:	100066ec 	.word	0x100066ec
10003300:	10006730 	.word	0x10006730
10003304:	1000677c 	.word	0x1000677c
10003308:	00009041 	.word	0x00009041
1000330c:	2846      	cmp	r0, #70	@ 0x46
1000330e:	d100      	bne.n	10003312 <_vsnprintf+0x36a>
10003310:	e0db      	b.n	100034ca <_vsnprintf+0x522>
10003312:	9204      	str	r2, [sp, #16]
10003314:	2107      	movs	r1, #7
10003316:	4642      	mov	r2, r8
10003318:	9b0c      	ldr	r3, [sp, #48]	@ 0x30
1000331a:	9203      	str	r2, [sp, #12]
1000331c:	3307      	adds	r3, #7
1000331e:	4652      	mov	r2, sl
10003320:	438b      	bics	r3, r1
10003322:	0019      	movs	r1, r3
10003324:	9202      	str	r2, [sp, #8]
10003326:	c90c      	ldmia	r1!, {r2, r3}
10003328:	0028      	movs	r0, r5
1000332a:	9200      	str	r2, [sp, #0]
1000332c:	9301      	str	r3, [sp, #4]
1000332e:	910c      	str	r1, [sp, #48]	@ 0x30
10003330:	0022      	movs	r2, r4
10003332:	003b      	movs	r3, r7
10003334:	4659      	mov	r1, fp
10003336:	f7ff f925 	bl	10002584 <_ftoa>
1000333a:	0004      	movs	r4, r0
1000333c:	e65c      	b.n	10002ff8 <_vsnprintf+0x50>
1000333e:	1c63      	adds	r3, r4, #1
10003340:	4698      	mov	r8, r3
10003342:	0022      	movs	r2, r4
10003344:	003b      	movs	r3, r7
10003346:	4659      	mov	r1, fp
10003348:	2025      	movs	r0, #37	@ 0x25
1000334a:	47a8      	blx	r5
1000334c:	4644      	mov	r4, r8
1000334e:	e653      	b.n	10002ff8 <_vsnprintf+0x50>
10003350:	9b0c      	ldr	r3, [sp, #48]	@ 0x30
10003352:	3304      	adds	r3, #4
10003354:	930d      	str	r3, [sp, #52]	@ 0x34
10003356:	1c63      	adds	r3, r4, #1
10003358:	4699      	mov	r9, r3
1000335a:	0792      	lsls	r2, r2, #30
1000335c:	d400      	bmi.n	10003360 <_vsnprintf+0x3b8>
1000335e:	e122      	b.n	100035a6 <_vsnprintf+0x5fe>
10003360:	9b0c      	ldr	r3, [sp, #48]	@ 0x30
10003362:	0022      	movs	r2, r4
10003364:	7818      	ldrb	r0, [r3, #0]
10003366:	4659      	mov	r1, fp
10003368:	003b      	movs	r3, r7
1000336a:	47a8      	blx	r5
1000336c:	4643      	mov	r3, r8
1000336e:	4444      	add	r4, r8
10003370:	2b01      	cmp	r3, #1
10003372:	d800      	bhi.n	10003376 <_vsnprintf+0x3ce>
10003374:	e285      	b.n	10003882 <_vsnprintf+0x8da>
10003376:	0033      	movs	r3, r6
10003378:	46b8      	mov	r8, r7
1000337a:	002e      	movs	r6, r5
1000337c:	465f      	mov	r7, fp
1000337e:	0025      	movs	r5, r4
10003380:	464c      	mov	r4, r9
10003382:	4699      	mov	r9, r3
10003384:	0022      	movs	r2, r4
10003386:	4643      	mov	r3, r8
10003388:	3401      	adds	r4, #1
1000338a:	0039      	movs	r1, r7
1000338c:	2020      	movs	r0, #32
1000338e:	47b0      	blx	r6
10003390:	42ac      	cmp	r4, r5
10003392:	d1f7      	bne.n	10003384 <_vsnprintf+0x3dc>
10003394:	002c      	movs	r4, r5
10003396:	46bb      	mov	fp, r7
10003398:	0035      	movs	r5, r6
1000339a:	4647      	mov	r7, r8
1000339c:	464e      	mov	r6, r9
1000339e:	9b0d      	ldr	r3, [sp, #52]	@ 0x34
100033a0:	930c      	str	r3, [sp, #48]	@ 0x30
100033a2:	e629      	b.n	10002ff8 <_vsnprintf+0x50>
100033a4:	4bdb      	ldr	r3, [pc, #876]	@ (10003714 <_vsnprintf+0x76c>)
100033a6:	7830      	ldrb	r0, [r6, #0]
100033a8:	4698      	mov	r8, r3
100033aa:	2300      	movs	r3, #0
100033ac:	4699      	mov	r9, r3
100033ae:	2800      	cmp	r0, #0
100033b0:	d000      	beq.n	100033b4 <_vsnprintf+0x40c>
100033b2:	e612      	b.n	10002fda <_vsnprintf+0x32>
100033b4:	2400      	movs	r4, #0
100033b6:	e6ae      	b.n	10003116 <_vsnprintf+0x16e>
100033b8:	286f      	cmp	r0, #111	@ 0x6f
100033ba:	d100      	bne.n	100033be <_vsnprintf+0x416>
100033bc:	e088      	b.n	100034d0 <_vsnprintf+0x528>
100033be:	d800      	bhi.n	100033c2 <_vsnprintf+0x41a>
100033c0:	e30b      	b.n	100039da <_vsnprintf+0xa32>
100033c2:	2310      	movs	r3, #16
100033c4:	2878      	cmp	r0, #120	@ 0x78
100033c6:	d100      	bne.n	100033ca <_vsnprintf+0x422>
100033c8:	e0cf      	b.n	1000356a <_vsnprintf+0x5c2>
100033ca:	439a      	bics	r2, r3
100033cc:	230a      	movs	r3, #10
100033ce:	469c      	mov	ip, r3
100033d0:	2300      	movs	r3, #0
100033d2:	930f      	str	r3, [sp, #60]	@ 0x3c
100033d4:	330a      	adds	r3, #10
100033d6:	930d      	str	r3, [sp, #52]	@ 0x34
100033d8:	e080      	b.n	100034dc <_vsnprintf+0x534>
100033da:	4656      	mov	r6, sl
100033dc:	00b1      	lsls	r1, r6, #2
100033de:	1989      	adds	r1, r1, r6
100033e0:	0049      	lsls	r1, r1, #1
100033e2:	3301      	adds	r3, #1
100033e4:	180e      	adds	r6, r1, r0
100033e6:	7818      	ldrb	r0, [r3, #0]
100033e8:	3e30      	subs	r6, #48	@ 0x30
100033ea:	0001      	movs	r1, r0
100033ec:	3930      	subs	r1, #48	@ 0x30
100033ee:	2909      	cmp	r1, #9
100033f0:	d9f4      	bls.n	100033dc <_vsnprintf+0x434>
100033f2:	46b2      	mov	sl, r6
100033f4:	001e      	movs	r6, r3
100033f6:	3301      	adds	r3, #1
100033f8:	4699      	mov	r9, r3
100033fa:	e628      	b.n	1000304e <_vsnprintf+0xa6>
100033fc:	9b0c      	ldr	r3, [sp, #48]	@ 0x30
100033fe:	3602      	adds	r6, #2
10003400:	cb02      	ldmia	r3!, {r1}
10003402:	468a      	mov	sl, r1
10003404:	43c9      	mvns	r1, r1
10003406:	4650      	mov	r0, sl
10003408:	17c9      	asrs	r1, r1, #31
1000340a:	4008      	ands	r0, r1
1000340c:	4682      	mov	sl, r0
1000340e:	930c      	str	r3, [sp, #48]	@ 0x30
10003410:	7830      	ldrb	r0, [r6, #0]
10003412:	1c73      	adds	r3, r6, #1
10003414:	4699      	mov	r9, r3
10003416:	e61a      	b.n	1000304e <_vsnprintf+0xa6>
10003418:	2310      	movs	r3, #16
1000341a:	0010      	movs	r0, r2
1000341c:	4398      	bics	r0, r3
1000341e:	3311      	adds	r3, #17
10003420:	4318      	orrs	r0, r3
10003422:	4681      	mov	r9, r0
10003424:	2080      	movs	r0, #128	@ 0x80
10003426:	0013      	movs	r3, r2
10003428:	00c0      	lsls	r0, r0, #3
1000342a:	4003      	ands	r3, r0
1000342c:	4202      	tst	r2, r0
1000342e:	d100      	bne.n	10003432 <_vsnprintf+0x48a>
10003430:	e6a9      	b.n	10003186 <_vsnprintf+0x1de>
10003432:	464b      	mov	r3, r9
10003434:	9306      	str	r3, [sp, #24]
10003436:	2308      	movs	r3, #8
10003438:	9305      	str	r3, [sp, #20]
1000343a:	4653      	mov	r3, sl
1000343c:	9304      	str	r3, [sp, #16]
1000343e:	2310      	movs	r3, #16
10003440:	9303      	str	r3, [sp, #12]
10003442:	2300      	movs	r3, #0
10003444:	9302      	str	r3, [sp, #8]
10003446:	9b0f      	ldr	r3, [sp, #60]	@ 0x3c
10003448:	0022      	movs	r2, r4
1000344a:	9301      	str	r3, [sp, #4]
1000344c:	ab1c      	add	r3, sp, #112	@ 0x70
1000344e:	9300      	str	r3, [sp, #0]
10003450:	4659      	mov	r1, fp
10003452:	003b      	movs	r3, r7
10003454:	0028      	movs	r0, r5
10003456:	f7fe ff9f 	bl	10002398 <_ntoa_format>
1000345a:	4643      	mov	r3, r8
1000345c:	0004      	movs	r4, r0
1000345e:	930c      	str	r3, [sp, #48]	@ 0x30
10003460:	e5ca      	b.n	10002ff8 <_vsnprintf+0x50>
10003462:	2301      	movs	r3, #1
10003464:	425b      	negs	r3, r3
10003466:	e6c3      	b.n	100031f0 <_vsnprintf+0x248>
10003468:	9b0f      	ldr	r3, [sp, #60]	@ 0x3c
1000346a:	4553      	cmp	r3, sl
1000346c:	d901      	bls.n	10003472 <_vsnprintf+0x4ca>
1000346e:	4653      	mov	r3, sl
10003470:	930f      	str	r3, [sp, #60]	@ 0x3c
10003472:	2302      	movs	r3, #2
10003474:	0018      	movs	r0, r3
10003476:	4010      	ands	r0, r2
10003478:	900d      	str	r0, [sp, #52]	@ 0x34
1000347a:	4213      	tst	r3, r2
1000347c:	d100      	bne.n	10003480 <_vsnprintf+0x4d8>
1000347e:	e1b7      	b.n	100037f0 <_vsnprintf+0x848>
10003480:	930d      	str	r3, [sp, #52]	@ 0x34
10003482:	46d1      	mov	r9, sl
10003484:	1b0b      	subs	r3, r1, r4
10003486:	469a      	mov	sl, r3
10003488:	0033      	movs	r3, r6
1000348a:	44a1      	add	r9, r4
1000348c:	002e      	movs	r6, r5
1000348e:	0022      	movs	r2, r4
10003490:	464d      	mov	r5, r9
10003492:	980c      	ldr	r0, [sp, #48]	@ 0x30
10003494:	46b9      	mov	r9, r7
10003496:	465f      	mov	r7, fp
10003498:	469b      	mov	fp, r3
1000349a:	e008      	b.n	100034ae <_vsnprintf+0x506>
1000349c:	464b      	mov	r3, r9
1000349e:	0039      	movs	r1, r7
100034a0:	1c54      	adds	r4, r2, #1
100034a2:	47b0      	blx	r6
100034a4:	4653      	mov	r3, sl
100034a6:	5d18      	ldrb	r0, [r3, r4]
100034a8:	2800      	cmp	r0, #0
100034aa:	d077      	beq.n	1000359c <_vsnprintf+0x5f4>
100034ac:	0022      	movs	r2, r4
100034ae:	4295      	cmp	r5, r2
100034b0:	d1f4      	bne.n	1000349c <_vsnprintf+0x4f4>
100034b2:	465b      	mov	r3, fp
100034b4:	46bb      	mov	fp, r7
100034b6:	464f      	mov	r7, r9
100034b8:	46a9      	mov	r9, r5
100034ba:	0035      	movs	r5, r6
100034bc:	464c      	mov	r4, r9
100034be:	001e      	movs	r6, r3
100034c0:	e6c9      	b.n	10003256 <_vsnprintf+0x2ae>
100034c2:	2380      	movs	r3, #128	@ 0x80
100034c4:	011b      	lsls	r3, r3, #4
100034c6:	431a      	orrs	r2, r3
100034c8:	e6fd      	b.n	100032c6 <_vsnprintf+0x31e>
100034ca:	2320      	movs	r3, #32
100034cc:	431a      	orrs	r2, r3
100034ce:	e720      	b.n	10003312 <_vsnprintf+0x36a>
100034d0:	2308      	movs	r3, #8
100034d2:	469c      	mov	ip, r3
100034d4:	2300      	movs	r3, #0
100034d6:	930f      	str	r3, [sp, #60]	@ 0x3c
100034d8:	3308      	adds	r3, #8
100034da:	930d      	str	r3, [sp, #52]	@ 0x34
100034dc:	2380      	movs	r3, #128	@ 0x80
100034de:	0011      	movs	r1, r2
100034e0:	00db      	lsls	r3, r3, #3
100034e2:	4019      	ands	r1, r3
100034e4:	421a      	tst	r2, r3
100034e6:	d100      	bne.n	100034ea <_vsnprintf+0x542>
100034e8:	e116      	b.n	10003718 <_vsnprintf+0x770>
100034ea:	230d      	movs	r3, #13
100034ec:	439a      	bics	r2, r3
100034ee:	0010      	movs	r0, r2
100034f0:	2380      	movs	r3, #128	@ 0x80
100034f2:	0002      	movs	r2, r0
100034f4:	009b      	lsls	r3, r3, #2
100034f6:	401a      	ands	r2, r3
100034f8:	9214      	str	r2, [sp, #80]	@ 0x50
100034fa:	4218      	tst	r0, r3
100034fc:	d000      	beq.n	10003500 <_vsnprintf+0x558>
100034fe:	e1c2      	b.n	10003886 <_vsnprintf+0x8de>
10003500:	2380      	movs	r3, #128	@ 0x80
10003502:	0002      	movs	r2, r0
10003504:	005b      	lsls	r3, r3, #1
10003506:	401a      	ands	r2, r3
10003508:	4691      	mov	r9, r2
1000350a:	9a0c      	ldr	r2, [sp, #48]	@ 0x30
1000350c:	3204      	adds	r2, #4
1000350e:	920f      	str	r2, [sp, #60]	@ 0x3c
10003510:	4218      	tst	r0, r3
10003512:	d000      	beq.n	10003516 <_vsnprintf+0x56e>
10003514:	e2b7      	b.n	10003a86 <_vsnprintf+0xade>
10003516:	0643      	lsls	r3, r0, #25
10003518:	d500      	bpl.n	1000351c <_vsnprintf+0x574>
1000351a:	e19f      	b.n	1000385c <_vsnprintf+0x8b4>
1000351c:	0603      	lsls	r3, r0, #24
1000351e:	d400      	bmi.n	10003522 <_vsnprintf+0x57a>
10003520:	e319      	b.n	10003b56 <_vsnprintf+0xbae>
10003522:	9b0c      	ldr	r3, [sp, #48]	@ 0x30
10003524:	881b      	ldrh	r3, [r3, #0]
10003526:	9309      	str	r3, [sp, #36]	@ 0x24
10003528:	2b00      	cmp	r3, #0
1000352a:	d000      	beq.n	1000352e <_vsnprintf+0x586>
1000352c:	e1fc      	b.n	10003928 <_vsnprintf+0x980>
1000352e:	3310      	adds	r3, #16
10003530:	4398      	bics	r0, r3
10003532:	2900      	cmp	r1, #0
10003534:	d100      	bne.n	10003538 <_vsnprintf+0x590>
10003536:	e1f7      	b.n	10003928 <_vsnprintf+0x980>
10003538:	2300      	movs	r3, #0
1000353a:	4699      	mov	r9, r3
1000353c:	4643      	mov	r3, r8
1000353e:	9305      	str	r3, [sp, #20]
10003540:	4653      	mov	r3, sl
10003542:	9304      	str	r3, [sp, #16]
10003544:	9b0d      	ldr	r3, [sp, #52]	@ 0x34
10003546:	9006      	str	r0, [sp, #24]
10003548:	9303      	str	r3, [sp, #12]
1000354a:	2300      	movs	r3, #0
1000354c:	e0d2      	b.n	100036f4 <_vsnprintf+0x74c>
1000354e:	2858      	cmp	r0, #88	@ 0x58
10003550:	d008      	beq.n	10003564 <_vsnprintf+0x5bc>
10003552:	2862      	cmp	r0, #98	@ 0x62
10003554:	d167      	bne.n	10003626 <_vsnprintf+0x67e>
10003556:	2302      	movs	r3, #2
10003558:	469c      	mov	ip, r3
1000355a:	2300      	movs	r3, #0
1000355c:	930f      	str	r3, [sp, #60]	@ 0x3c
1000355e:	3302      	adds	r3, #2
10003560:	930d      	str	r3, [sp, #52]	@ 0x34
10003562:	e7bb      	b.n	100034dc <_vsnprintf+0x534>
10003564:	2320      	movs	r3, #32
10003566:	431a      	orrs	r2, r3
10003568:	3b10      	subs	r3, #16
1000356a:	469c      	mov	ip, r3
1000356c:	2300      	movs	r3, #0
1000356e:	930f      	str	r3, [sp, #60]	@ 0x3c
10003570:	3310      	adds	r3, #16
10003572:	930d      	str	r3, [sp, #52]	@ 0x34
10003574:	e7b2      	b.n	100034dc <_vsnprintf+0x534>
10003576:	2380      	movs	r3, #128	@ 0x80
10003578:	011b      	lsls	r3, r3, #4
1000357a:	431a      	orrs	r2, r3
1000357c:	2320      	movs	r3, #32
1000357e:	431a      	orrs	r2, r3
10003580:	e6a1      	b.n	100032c6 <_vsnprintf+0x31e>
10003582:	23c0      	movs	r3, #192	@ 0xc0
10003584:	009b      	lsls	r3, r3, #2
10003586:	431a      	orrs	r2, r3
10003588:	1cf3      	adds	r3, r6, #3
1000358a:	4699      	mov	r9, r3
1000358c:	78b0      	ldrb	r0, [r6, #2]
1000358e:	e582      	b.n	10003096 <_vsnprintf+0xee>
10003590:	23c0      	movs	r3, #192	@ 0xc0
10003592:	431a      	orrs	r2, r3
10003594:	1cf3      	adds	r3, r6, #3
10003596:	4699      	mov	r9, r3
10003598:	78b0      	ldrb	r0, [r6, #2]
1000359a:	e57c      	b.n	10003096 <_vsnprintf+0xee>
1000359c:	0035      	movs	r5, r6
1000359e:	465e      	mov	r6, fp
100035a0:	46bb      	mov	fp, r7
100035a2:	464f      	mov	r7, r9
100035a4:	e657      	b.n	10003256 <_vsnprintf+0x2ae>
100035a6:	4643      	mov	r3, r8
100035a8:	2b01      	cmp	r3, #1
100035aa:	d800      	bhi.n	100035ae <_vsnprintf+0x606>
100035ac:	e163      	b.n	10003876 <_vsnprintf+0x8ce>
100035ae:	1e63      	subs	r3, r4, #1
100035b0:	4443      	add	r3, r8
100035b2:	469a      	mov	sl, r3
100035b4:	0033      	movs	r3, r6
100035b6:	46b9      	mov	r9, r7
100035b8:	002e      	movs	r6, r5
100035ba:	465f      	mov	r7, fp
100035bc:	4655      	mov	r5, sl
100035be:	469b      	mov	fp, r3
100035c0:	46a2      	mov	sl, r4
100035c2:	0022      	movs	r2, r4
100035c4:	464b      	mov	r3, r9
100035c6:	3401      	adds	r4, #1
100035c8:	0039      	movs	r1, r7
100035ca:	2020      	movs	r0, #32
100035cc:	47b0      	blx	r6
100035ce:	42ac      	cmp	r4, r5
100035d0:	d1f7      	bne.n	100035c2 <_vsnprintf+0x61a>
100035d2:	0035      	movs	r5, r6
100035d4:	465e      	mov	r6, fp
100035d6:	46bb      	mov	fp, r7
100035d8:	464f      	mov	r7, r9
100035da:	46a1      	mov	r9, r4
100035dc:	4654      	mov	r4, sl
100035de:	9b0c      	ldr	r3, [sp, #48]	@ 0x30
100035e0:	464a      	mov	r2, r9
100035e2:	7818      	ldrb	r0, [r3, #0]
100035e4:	4659      	mov	r1, fp
100035e6:	003b      	movs	r3, r7
100035e8:	4444      	add	r4, r8
100035ea:	47a8      	blx	r5
100035ec:	e6d7      	b.n	1000339e <_vsnprintf+0x3f6>
100035ee:	46a1      	mov	r9, r4
100035f0:	9b0f      	ldr	r3, [sp, #60]	@ 0x3c
100035f2:	4598      	cmp	r8, r3
100035f4:	d800      	bhi.n	100035f8 <_vsnprintf+0x650>
100035f6:	e632      	b.n	1000325e <_vsnprintf+0x2b6>
100035f8:	4444      	add	r4, r8
100035fa:	1ae4      	subs	r4, r4, r3
100035fc:	0033      	movs	r3, r6
100035fe:	46b8      	mov	r8, r7
10003600:	002e      	movs	r6, r5
10003602:	465f      	mov	r7, fp
10003604:	0025      	movs	r5, r4
10003606:	464c      	mov	r4, r9
10003608:	4699      	mov	r9, r3
1000360a:	0022      	movs	r2, r4
1000360c:	4643      	mov	r3, r8
1000360e:	3401      	adds	r4, #1
10003610:	0039      	movs	r1, r7
10003612:	2020      	movs	r0, #32
10003614:	47b0      	blx	r6
10003616:	42ac      	cmp	r4, r5
10003618:	d1f7      	bne.n	1000360a <_vsnprintf+0x662>
1000361a:	002c      	movs	r4, r5
1000361c:	46bb      	mov	fp, r7
1000361e:	0035      	movs	r5, r6
10003620:	4647      	mov	r7, r8
10003622:	464e      	mov	r6, r9
10003624:	e61b      	b.n	1000325e <_vsnprintf+0x2b6>
10003626:	2380      	movs	r3, #128	@ 0x80
10003628:	0010      	movs	r0, r2
1000362a:	00db      	lsls	r3, r3, #3
1000362c:	4018      	ands	r0, r3
1000362e:	421a      	tst	r2, r3
10003630:	d100      	bne.n	10003634 <_vsnprintf+0x68c>
10003632:	e10f      	b.n	10003854 <_vsnprintf+0x8ac>
10003634:	2111      	movs	r1, #17
10003636:	0018      	movs	r0, r3
10003638:	438a      	bics	r2, r1
1000363a:	920d      	str	r2, [sp, #52]	@ 0x34
1000363c:	9a0d      	ldr	r2, [sp, #52]	@ 0x34
1000363e:	2380      	movs	r3, #128	@ 0x80
10003640:	0011      	movs	r1, r2
10003642:	009b      	lsls	r3, r3, #2
10003644:	4019      	ands	r1, r3
10003646:	468c      	mov	ip, r1
10003648:	421a      	tst	r2, r3
1000364a:	d169      	bne.n	10003720 <_vsnprintf+0x778>
1000364c:	2380      	movs	r3, #128	@ 0x80
1000364e:	0011      	movs	r1, r2
10003650:	005b      	lsls	r3, r3, #1
10003652:	4019      	ands	r1, r3
10003654:	4689      	mov	r9, r1
10003656:	990c      	ldr	r1, [sp, #48]	@ 0x30
10003658:	3104      	adds	r1, #4
1000365a:	910f      	str	r1, [sp, #60]	@ 0x3c
1000365c:	421a      	tst	r2, r3
1000365e:	d000      	beq.n	10003662 <_vsnprintf+0x6ba>
10003660:	e1ca      	b.n	100039f8 <_vsnprintf+0xa50>
10003662:	0013      	movs	r3, r2
10003664:	065b      	lsls	r3, r3, #25
10003666:	d500      	bpl.n	1000366a <_vsnprintf+0x6c2>
10003668:	e0f0      	b.n	1000384c <_vsnprintf+0x8a4>
1000366a:	0013      	movs	r3, r2
1000366c:	061b      	lsls	r3, r3, #24
1000366e:	d400      	bmi.n	10003672 <_vsnprintf+0x6ca>
10003670:	e259      	b.n	10003b26 <_vsnprintf+0xb7e>
10003672:	9b0c      	ldr	r3, [sp, #48]	@ 0x30
10003674:	2200      	movs	r2, #0
10003676:	5e9b      	ldrsh	r3, [r3, r2]
10003678:	17d9      	asrs	r1, r3, #31
1000367a:	185a      	adds	r2, r3, r1
1000367c:	404a      	eors	r2, r1
1000367e:	b292      	uxth	r2, r2
10003680:	0fd9      	lsrs	r1, r3, #31
10003682:	910c      	str	r1, [sp, #48]	@ 0x30
10003684:	2b00      	cmp	r3, #0
10003686:	d100      	bne.n	1000368a <_vsnprintf+0x6e2>
10003688:	e1f9      	b.n	10003a7e <_vsnprintf+0xad6>
1000368a:	0010      	movs	r0, r2
1000368c:	aa14      	add	r2, sp, #80	@ 0x50
1000368e:	4694      	mov	ip, r2
10003690:	4642      	mov	r2, r8
10003692:	231f      	movs	r3, #31
10003694:	9214      	str	r2, [sp, #80]	@ 0x50
10003696:	4652      	mov	r2, sl
10003698:	4463      	add	r3, ip
1000369a:	46a8      	mov	r8, r5
1000369c:	9416      	str	r4, [sp, #88]	@ 0x58
1000369e:	464d      	mov	r5, r9
100036a0:	0004      	movs	r4, r0
100036a2:	46b9      	mov	r9, r7
100036a4:	46b2      	mov	sl, r6
100036a6:	001f      	movs	r7, r3
100036a8:	9215      	str	r2, [sp, #84]	@ 0x54
100036aa:	e001      	b.n	100036b0 <_vsnprintf+0x708>
100036ac:	2d20      	cmp	r5, #32
100036ae:	d00f      	beq.n	100036d0 <_vsnprintf+0x728>
100036b0:	0020      	movs	r0, r4
100036b2:	210a      	movs	r1, #10
100036b4:	f7fe fa38 	bl	10001b28 <__wrap___aeabi_uidiv>
100036b8:	3501      	adds	r5, #1
100036ba:	197e      	adds	r6, r7, r5
100036bc:	3130      	adds	r1, #48	@ 0x30
100036be:	7031      	strb	r1, [r6, #0]
100036c0:	0020      	movs	r0, r4
100036c2:	210a      	movs	r1, #10
100036c4:	f7fe fa30 	bl	10001b28 <__wrap___aeabi_uidiv>
100036c8:	0026      	movs	r6, r4
100036ca:	0004      	movs	r4, r0
100036cc:	2e09      	cmp	r6, #9
100036ce:	d8ed      	bhi.n	100036ac <_vsnprintf+0x704>
100036d0:	9b14      	ldr	r3, [sp, #80]	@ 0x50
100036d2:	464f      	mov	r7, r9
100036d4:	46a9      	mov	r9, r5
100036d6:	4645      	mov	r5, r8
100036d8:	4698      	mov	r8, r3
100036da:	9b15      	ldr	r3, [sp, #84]	@ 0x54
100036dc:	4656      	mov	r6, sl
100036de:	469a      	mov	sl, r3
100036e0:	9c16      	ldr	r4, [sp, #88]	@ 0x58
100036e2:	9b0d      	ldr	r3, [sp, #52]	@ 0x34
100036e4:	9306      	str	r3, [sp, #24]
100036e6:	4643      	mov	r3, r8
100036e8:	9305      	str	r3, [sp, #20]
100036ea:	4653      	mov	r3, sl
100036ec:	9304      	str	r3, [sp, #16]
100036ee:	230a      	movs	r3, #10
100036f0:	9303      	str	r3, [sp, #12]
100036f2:	9b0c      	ldr	r3, [sp, #48]	@ 0x30
100036f4:	9302      	str	r3, [sp, #8]
100036f6:	464b      	mov	r3, r9
100036f8:	9301      	str	r3, [sp, #4]
100036fa:	ab1c      	add	r3, sp, #112	@ 0x70
100036fc:	0022      	movs	r2, r4
100036fe:	9300      	str	r3, [sp, #0]
10003700:	4659      	mov	r1, fp
10003702:	003b      	movs	r3, r7
10003704:	0028      	movs	r0, r5
10003706:	f7fe fe47 	bl	10002398 <_ntoa_format>
1000370a:	9b0f      	ldr	r3, [sp, #60]	@ 0x3c
1000370c:	0004      	movs	r4, r0
1000370e:	930c      	str	r3, [sp, #48]	@ 0x30
10003710:	e472      	b.n	10002ff8 <_vsnprintf+0x50>
10003712:	46c0      	nop			@ (mov r8, r8)
10003714:	100022e9 	.word	0x100022e9
10003718:	230c      	movs	r3, #12
1000371a:	439a      	bics	r2, r3
1000371c:	0010      	movs	r0, r2
1000371e:	e6e7      	b.n	100034f0 <_vsnprintf+0x548>
10003720:	2207      	movs	r2, #7
10003722:	9b0c      	ldr	r3, [sp, #48]	@ 0x30
10003724:	3307      	adds	r3, #7
10003726:	4393      	bics	r3, r2
10003728:	3201      	adds	r2, #1
1000372a:	4694      	mov	ip, r2
1000372c:	449c      	add	ip, r3
1000372e:	4662      	mov	r2, ip
10003730:	920c      	str	r2, [sp, #48]	@ 0x30
10003732:	cb0c      	ldmia	r3, {r2, r3}
10003734:	0fd9      	lsrs	r1, r3, #31
10003736:	910f      	str	r1, [sp, #60]	@ 0x3c
10003738:	0011      	movs	r1, r2
1000373a:	4319      	orrs	r1, r3
1000373c:	d100      	bne.n	10003740 <_vsnprintf+0x798>
1000373e:	e091      	b.n	10003864 <_vsnprintf+0x8bc>
10003740:	17d9      	asrs	r1, r3, #31
10003742:	9113      	str	r1, [sp, #76]	@ 0x4c
10003744:	9112      	str	r1, [sp, #72]	@ 0x48
10003746:	4051      	eors	r1, r2
10003748:	9110      	str	r1, [sp, #64]	@ 0x40
1000374a:	9913      	ldr	r1, [sp, #76]	@ 0x4c
1000374c:	4059      	eors	r1, r3
1000374e:	9111      	str	r1, [sp, #68]	@ 0x44
10003750:	9810      	ldr	r0, [sp, #64]	@ 0x40
10003752:	9911      	ldr	r1, [sp, #68]	@ 0x44
10003754:	9a12      	ldr	r2, [sp, #72]	@ 0x48
10003756:	9b13      	ldr	r3, [sp, #76]	@ 0x4c
10003758:	1a80      	subs	r0, r0, r2
1000375a:	4199      	sbcs	r1, r3
1000375c:	9010      	str	r0, [sp, #64]	@ 0x40
1000375e:	9111      	str	r1, [sp, #68]	@ 0x44
10003760:	aa14      	add	r2, sp, #80	@ 0x50
10003762:	2300      	movs	r3, #0
10003764:	4694      	mov	ip, r2
10003766:	4642      	mov	r2, r8
10003768:	4699      	mov	r9, r3
1000376a:	9214      	str	r2, [sp, #80]	@ 0x50
1000376c:	4652      	mov	r2, sl
1000376e:	331f      	adds	r3, #31
10003770:	4463      	add	r3, ip
10003772:	46a8      	mov	r8, r5
10003774:	46b2      	mov	sl, r6
10003776:	9416      	str	r4, [sp, #88]	@ 0x58
10003778:	464e      	mov	r6, r9
1000377a:	9c10      	ldr	r4, [sp, #64]	@ 0x40
1000377c:	9d11      	ldr	r5, [sp, #68]	@ 0x44
1000377e:	46b9      	mov	r9, r7
10003780:	9215      	str	r2, [sp, #84]	@ 0x54
10003782:	001f      	movs	r7, r3
10003784:	e001      	b.n	1000378a <_vsnprintf+0x7e2>
10003786:	2e20      	cmp	r6, #32
10003788:	d010      	beq.n	100037ac <_vsnprintf+0x804>
1000378a:	0020      	movs	r0, r4
1000378c:	0029      	movs	r1, r5
1000378e:	220a      	movs	r2, #10
10003790:	2300      	movs	r3, #0
10003792:	f7fe fa07 	bl	10001ba4 <__wrap___aeabi_uldivmod>
10003796:	3601      	adds	r6, #1
10003798:	3230      	adds	r2, #48	@ 0x30
1000379a:	002b      	movs	r3, r5
1000379c:	55ba      	strb	r2, [r7, r6]
1000379e:	000d      	movs	r5, r1
100037a0:	0022      	movs	r2, r4
100037a2:	0004      	movs	r4, r0
100037a4:	2b00      	cmp	r3, #0
100037a6:	d1ee      	bne.n	10003786 <_vsnprintf+0x7de>
100037a8:	2a09      	cmp	r2, #9
100037aa:	d8ec      	bhi.n	10003786 <_vsnprintf+0x7de>
100037ac:	9b14      	ldr	r3, [sp, #80]	@ 0x50
100037ae:	9410      	str	r4, [sp, #64]	@ 0x40
100037b0:	9511      	str	r5, [sp, #68]	@ 0x44
100037b2:	4645      	mov	r5, r8
100037b4:	4698      	mov	r8, r3
100037b6:	9b15      	ldr	r3, [sp, #84]	@ 0x54
100037b8:	464f      	mov	r7, r9
100037ba:	46b1      	mov	r9, r6
100037bc:	4656      	mov	r6, sl
100037be:	469a      	mov	sl, r3
100037c0:	9c16      	ldr	r4, [sp, #88]	@ 0x58
100037c2:	9b0d      	ldr	r3, [sp, #52]	@ 0x34
100037c4:	9306      	str	r3, [sp, #24]
100037c6:	4643      	mov	r3, r8
100037c8:	9305      	str	r3, [sp, #20]
100037ca:	4653      	mov	r3, sl
100037cc:	9304      	str	r3, [sp, #16]
100037ce:	230a      	movs	r3, #10
100037d0:	9303      	str	r3, [sp, #12]
100037d2:	9b0f      	ldr	r3, [sp, #60]	@ 0x3c
100037d4:	9302      	str	r3, [sp, #8]
100037d6:	464b      	mov	r3, r9
100037d8:	9301      	str	r3, [sp, #4]
100037da:	ab1c      	add	r3, sp, #112	@ 0x70
100037dc:	0022      	movs	r2, r4
100037de:	9300      	str	r3, [sp, #0]
100037e0:	4659      	mov	r1, fp
100037e2:	003b      	movs	r3, r7
100037e4:	0028      	movs	r0, r5
100037e6:	f7fe fdd7 	bl	10002398 <_ntoa_format>
100037ea:	0004      	movs	r4, r0
100037ec:	f7ff fc04 	bl	10002ff8 <_vsnprintf+0x50>
100037f0:	9b0f      	ldr	r3, [sp, #60]	@ 0x3c
100037f2:	4598      	cmp	r8, r3
100037f4:	d800      	bhi.n	100037f8 <_vsnprintf+0x850>
100037f6:	e1c1      	b.n	10003b7c <_vsnprintf+0xbd4>
100037f8:	2380      	movs	r3, #128	@ 0x80
100037fa:	00db      	lsls	r3, r3, #3
100037fc:	930d      	str	r3, [sp, #52]	@ 0x34
100037fe:	4643      	mov	r3, r8
10003800:	9a0f      	ldr	r2, [sp, #60]	@ 0x3c
10003802:	191b      	adds	r3, r3, r4
10003804:	1a9b      	subs	r3, r3, r2
10003806:	4699      	mov	r9, r3
10003808:	0033      	movs	r3, r6
1000380a:	002e      	movs	r6, r5
1000380c:	464d      	mov	r5, r9
1000380e:	46b9      	mov	r9, r7
10003810:	465f      	mov	r7, fp
10003812:	469b      	mov	fp, r3
10003814:	910c      	str	r1, [sp, #48]	@ 0x30
10003816:	0022      	movs	r2, r4
10003818:	464b      	mov	r3, r9
1000381a:	3401      	adds	r4, #1
1000381c:	0039      	movs	r1, r7
1000381e:	2020      	movs	r0, #32
10003820:	47b0      	blx	r6
10003822:	42ac      	cmp	r4, r5
10003824:	d1f7      	bne.n	10003816 <_vsnprintf+0x86e>
10003826:	4643      	mov	r3, r8
10003828:	990c      	ldr	r1, [sp, #48]	@ 0x30
1000382a:	3301      	adds	r3, #1
1000382c:	930f      	str	r3, [sp, #60]	@ 0x3c
1000382e:	780b      	ldrb	r3, [r1, #0]
10003830:	0035      	movs	r5, r6
10003832:	930c      	str	r3, [sp, #48]	@ 0x30
10003834:	465e      	mov	r6, fp
10003836:	46bb      	mov	fp, r7
10003838:	464f      	mov	r7, r9
1000383a:	2b00      	cmp	r3, #0
1000383c:	d100      	bne.n	10003840 <_vsnprintf+0x898>
1000383e:	e50e      	b.n	1000325e <_vsnprintf+0x2b6>
10003840:	9b0d      	ldr	r3, [sp, #52]	@ 0x34
10003842:	2b00      	cmp	r3, #0
10003844:	d100      	bne.n	10003848 <_vsnprintf+0x8a0>
10003846:	e4f6      	b.n	10003236 <_vsnprintf+0x28e>
10003848:	2300      	movs	r3, #0
1000384a:	e619      	b.n	10003480 <_vsnprintf+0x4d8>
1000384c:	9b0c      	ldr	r3, [sp, #48]	@ 0x30
1000384e:	781b      	ldrb	r3, [r3, #0]
10003850:	001a      	movs	r2, r3
10003852:	e715      	b.n	10003680 <_vsnprintf+0x6d8>
10003854:	2310      	movs	r3, #16
10003856:	439a      	bics	r2, r3
10003858:	920d      	str	r2, [sp, #52]	@ 0x34
1000385a:	e6ef      	b.n	1000363c <_vsnprintf+0x694>
1000385c:	9b0c      	ldr	r3, [sp, #48]	@ 0x30
1000385e:	781b      	ldrb	r3, [r3, #0]
10003860:	9309      	str	r3, [sp, #36]	@ 0x24
10003862:	e661      	b.n	10003528 <_vsnprintf+0x580>
10003864:	2300      	movs	r3, #0
10003866:	4699      	mov	r9, r3
10003868:	2800      	cmp	r0, #0
1000386a:	d1aa      	bne.n	100037c2 <_vsnprintf+0x81a>
1000386c:	2200      	movs	r2, #0
1000386e:	2300      	movs	r3, #0
10003870:	9210      	str	r2, [sp, #64]	@ 0x40
10003872:	9311      	str	r3, [sp, #68]	@ 0x44
10003874:	e774      	b.n	10003760 <_vsnprintf+0x7b8>
10003876:	9b0c      	ldr	r3, [sp, #48]	@ 0x30
10003878:	0022      	movs	r2, r4
1000387a:	7818      	ldrb	r0, [r3, #0]
1000387c:	4659      	mov	r1, fp
1000387e:	003b      	movs	r3, r7
10003880:	47a8      	blx	r5
10003882:	464c      	mov	r4, r9
10003884:	e58b      	b.n	1000339e <_vsnprintf+0x3f6>
10003886:	9a0c      	ldr	r2, [sp, #48]	@ 0x30
10003888:	3bfa      	subs	r3, #250	@ 0xfa
1000388a:	3bff      	subs	r3, #255	@ 0xff
1000388c:	3207      	adds	r2, #7
1000388e:	439a      	bics	r2, r3
10003890:	3301      	adds	r3, #1
10003892:	4699      	mov	r9, r3
10003894:	4491      	add	r9, r2
10003896:	464b      	mov	r3, r9
10003898:	930c      	str	r3, [sp, #48]	@ 0x30
1000389a:	6813      	ldr	r3, [r2, #0]
1000389c:	6852      	ldr	r2, [r2, #4]
1000389e:	9215      	str	r2, [sp, #84]	@ 0x54
100038a0:	431a      	orrs	r2, r3
100038a2:	d106      	bne.n	100038b2 <_vsnprintf+0x90a>
100038a4:	3210      	adds	r2, #16
100038a6:	4390      	bics	r0, r2
100038a8:	2200      	movs	r2, #0
100038aa:	9209      	str	r2, [sp, #36]	@ 0x24
100038ac:	2900      	cmp	r1, #0
100038ae:	d000      	beq.n	100038b2 <_vsnprintf+0x90a>
100038b0:	e081      	b.n	100039b6 <_vsnprintf+0xa0e>
100038b2:	2261      	movs	r2, #97	@ 0x61
100038b4:	0681      	lsls	r1, r0, #26
100038b6:	d500      	bpl.n	100038ba <_vsnprintf+0x912>
100038b8:	2241      	movs	r2, #65	@ 0x41
100038ba:	b2d2      	uxtb	r2, r2
100038bc:	920a      	str	r2, [sp, #40]	@ 0x28
100038be:	aa14      	add	r2, sp, #80	@ 0x50
100038c0:	4691      	mov	r9, r2
100038c2:	9a0a      	ldr	r2, [sp, #40]	@ 0x28
100038c4:	2100      	movs	r1, #0
100038c6:	3a0a      	subs	r2, #10
100038c8:	9214      	str	r2, [sp, #80]	@ 0x50
100038ca:	4642      	mov	r2, r8
100038cc:	9217      	str	r2, [sp, #92]	@ 0x5c
100038ce:	4652      	mov	r2, sl
100038d0:	9218      	str	r2, [sp, #96]	@ 0x60
100038d2:	465a      	mov	r2, fp
100038d4:	9109      	str	r1, [sp, #36]	@ 0x24
100038d6:	46b3      	mov	fp, r6
100038d8:	311f      	adds	r1, #31
100038da:	001e      	movs	r6, r3
100038dc:	9b0f      	ldr	r3, [sp, #60]	@ 0x3c
100038de:	4449      	add	r1, r9
100038e0:	46ba      	mov	sl, r7
100038e2:	9419      	str	r4, [sp, #100]	@ 0x64
100038e4:	951a      	str	r5, [sp, #104]	@ 0x68
100038e6:	2400      	movs	r4, #0
100038e8:	4667      	mov	r7, ip
100038ea:	4698      	mov	r8, r3
100038ec:	4689      	mov	r9, r1
100038ee:	9d15      	ldr	r5, [sp, #84]	@ 0x54
100038f0:	9016      	str	r0, [sp, #88]	@ 0x58
100038f2:	921b      	str	r2, [sp, #108]	@ 0x6c
100038f4:	e00a      	b.n	1000390c <_vsnprintf+0x964>
100038f6:	3230      	adds	r2, #48	@ 0x30
100038f8:	b2d2      	uxtb	r2, r2
100038fa:	464b      	mov	r3, r9
100038fc:	3401      	adds	r4, #1
100038fe:	551a      	strb	r2, [r3, r4]
10003900:	45a8      	cmp	r8, r5
10003902:	d04a      	beq.n	1000399a <_vsnprintf+0x9f2>
10003904:	2c20      	cmp	r4, #32
10003906:	d04a      	beq.n	1000399e <_vsnprintf+0x9f6>
10003908:	0006      	movs	r6, r0
1000390a:	000d      	movs	r5, r1
1000390c:	003a      	movs	r2, r7
1000390e:	2300      	movs	r3, #0
10003910:	0030      	movs	r0, r6
10003912:	0029      	movs	r1, r5
10003914:	f7fe f946 	bl	10001ba4 <__wrap___aeabi_uldivmod>
10003918:	b2d2      	uxtb	r2, r2
1000391a:	2a09      	cmp	r2, #9
1000391c:	d9eb      	bls.n	100038f6 <_vsnprintf+0x94e>
1000391e:	9b14      	ldr	r3, [sp, #80]	@ 0x50
10003920:	469c      	mov	ip, r3
10003922:	4462      	add	r2, ip
10003924:	b2d2      	uxtb	r2, r2
10003926:	e7e8      	b.n	100038fa <_vsnprintf+0x952>
10003928:	2361      	movs	r3, #97	@ 0x61
1000392a:	0682      	lsls	r2, r0, #26
1000392c:	d500      	bpl.n	10003930 <_vsnprintf+0x988>
1000392e:	2341      	movs	r3, #65	@ 0x41
10003930:	b2db      	uxtb	r3, r3
10003932:	3b0a      	subs	r3, #10
10003934:	930c      	str	r3, [sp, #48]	@ 0x30
10003936:	4643      	mov	r3, r8
10003938:	a914      	add	r1, sp, #80	@ 0x50
1000393a:	221f      	movs	r2, #31
1000393c:	468c      	mov	ip, r1
1000393e:	9315      	str	r3, [sp, #84]	@ 0x54
10003940:	4653      	mov	r3, sl
10003942:	4462      	add	r2, ip
10003944:	46a0      	mov	r8, r4
10003946:	46b2      	mov	sl, r6
10003948:	464c      	mov	r4, r9
1000394a:	9717      	str	r7, [sp, #92]	@ 0x5c
1000394c:	46a9      	mov	r9, r5
1000394e:	0017      	movs	r7, r2
10003950:	9d09      	ldr	r5, [sp, #36]	@ 0x24
10003952:	9e0d      	ldr	r6, [sp, #52]	@ 0x34
10003954:	9014      	str	r0, [sp, #80]	@ 0x50
10003956:	9316      	str	r3, [sp, #88]	@ 0x58
10003958:	e008      	b.n	1000396c <_vsnprintf+0x9c4>
1000395a:	3330      	adds	r3, #48	@ 0x30
1000395c:	b2db      	uxtb	r3, r3
1000395e:	3401      	adds	r4, #1
10003960:	553b      	strb	r3, [r7, r4]
10003962:	42b5      	cmp	r5, r6
10003964:	d30e      	bcc.n	10003984 <_vsnprintf+0x9dc>
10003966:	2c20      	cmp	r4, #32
10003968:	d00c      	beq.n	10003984 <_vsnprintf+0x9dc>
1000396a:	0005      	movs	r5, r0
1000396c:	0031      	movs	r1, r6
1000396e:	0028      	movs	r0, r5
10003970:	f7fe f8da 	bl	10001b28 <__wrap___aeabi_uidiv>
10003974:	b2cb      	uxtb	r3, r1
10003976:	2909      	cmp	r1, #9
10003978:	d9ef      	bls.n	1000395a <_vsnprintf+0x9b2>
1000397a:	9a0c      	ldr	r2, [sp, #48]	@ 0x30
1000397c:	4694      	mov	ip, r2
1000397e:	4463      	add	r3, ip
10003980:	b2db      	uxtb	r3, r3
10003982:	e7ec      	b.n	1000395e <_vsnprintf+0x9b6>
10003984:	9b15      	ldr	r3, [sp, #84]	@ 0x54
10003986:	464d      	mov	r5, r9
10003988:	46a1      	mov	r9, r4
1000398a:	4644      	mov	r4, r8
1000398c:	4698      	mov	r8, r3
1000398e:	9b16      	ldr	r3, [sp, #88]	@ 0x58
10003990:	4656      	mov	r6, sl
10003992:	9814      	ldr	r0, [sp, #80]	@ 0x50
10003994:	469a      	mov	sl, r3
10003996:	9f17      	ldr	r7, [sp, #92]	@ 0x5c
10003998:	e5d0      	b.n	1000353c <_vsnprintf+0x594>
1000399a:	42b7      	cmp	r7, r6
1000399c:	d9b2      	bls.n	10003904 <_vsnprintf+0x95c>
1000399e:	9b17      	ldr	r3, [sp, #92]	@ 0x5c
100039a0:	4657      	mov	r7, sl
100039a2:	4698      	mov	r8, r3
100039a4:	9b18      	ldr	r3, [sp, #96]	@ 0x60
100039a6:	465e      	mov	r6, fp
100039a8:	469a      	mov	sl, r3
100039aa:	9b1b      	ldr	r3, [sp, #108]	@ 0x6c
100039ac:	9409      	str	r4, [sp, #36]	@ 0x24
100039ae:	469b      	mov	fp, r3
100039b0:	9816      	ldr	r0, [sp, #88]	@ 0x58
100039b2:	9c19      	ldr	r4, [sp, #100]	@ 0x64
100039b4:	9d1a      	ldr	r5, [sp, #104]	@ 0x68
100039b6:	4643      	mov	r3, r8
100039b8:	9305      	str	r3, [sp, #20]
100039ba:	4653      	mov	r3, sl
100039bc:	9304      	str	r3, [sp, #16]
100039be:	9b0d      	ldr	r3, [sp, #52]	@ 0x34
100039c0:	9006      	str	r0, [sp, #24]
100039c2:	9303      	str	r3, [sp, #12]
100039c4:	2300      	movs	r3, #0
100039c6:	9302      	str	r3, [sp, #8]
100039c8:	9b09      	ldr	r3, [sp, #36]	@ 0x24
100039ca:	e705      	b.n	100037d8 <_vsnprintf+0x830>
100039cc:	9b0f      	ldr	r3, [sp, #60]	@ 0x3c
100039ce:	4598      	cmp	r8, r3
100039d0:	d900      	bls.n	100039d4 <_vsnprintf+0xa2c>
100039d2:	e714      	b.n	100037fe <_vsnprintf+0x856>
100039d4:	3301      	adds	r3, #1
100039d6:	930f      	str	r3, [sp, #60]	@ 0x3c
100039d8:	e42d      	b.n	10003236 <_vsnprintf+0x28e>
100039da:	2310      	movs	r3, #16
100039dc:	0011      	movs	r1, r2
100039de:	4399      	bics	r1, r3
100039e0:	910d      	str	r1, [sp, #52]	@ 0x34
100039e2:	2869      	cmp	r0, #105	@ 0x69
100039e4:	d000      	beq.n	100039e8 <_vsnprintf+0xa40>
100039e6:	e0ba      	b.n	10003b5e <_vsnprintf+0xbb6>
100039e8:	2380      	movs	r3, #128	@ 0x80
100039ea:	0010      	movs	r0, r2
100039ec:	00db      	lsls	r3, r3, #3
100039ee:	4018      	ands	r0, r3
100039f0:	421a      	tst	r2, r3
100039f2:	d100      	bne.n	100039f6 <_vsnprintf+0xa4e>
100039f4:	e622      	b.n	1000363c <_vsnprintf+0x694>
100039f6:	e61d      	b.n	10003634 <_vsnprintf+0x68c>
100039f8:	9b0c      	ldr	r3, [sp, #48]	@ 0x30
100039fa:	681b      	ldr	r3, [r3, #0]
100039fc:	0fda      	lsrs	r2, r3, #31
100039fe:	0011      	movs	r1, r2
10003a00:	2b00      	cmp	r3, #0
10003a02:	d100      	bne.n	10003a06 <_vsnprintf+0xa5e>
10003a04:	e08c      	b.n	10003b20 <_vsnprintf+0xb78>
10003a06:	17da      	asrs	r2, r3, #31
10003a08:	1898      	adds	r0, r3, r2
10003a0a:	4050      	eors	r0, r2
10003a0c:	aa14      	add	r2, sp, #80	@ 0x50
10003a0e:	4691      	mov	r9, r2
10003a10:	4642      	mov	r2, r8
10003a12:	231f      	movs	r3, #31
10003a14:	9214      	str	r2, [sp, #80]	@ 0x50
10003a16:	4652      	mov	r2, sl
10003a18:	444b      	add	r3, r9
10003a1a:	46a0      	mov	r8, r4
10003a1c:	46a9      	mov	r9, r5
10003a1e:	9716      	str	r7, [sp, #88]	@ 0x58
10003a20:	0004      	movs	r4, r0
10003a22:	4665      	mov	r5, ip
10003a24:	46b2      	mov	sl, r6
10003a26:	001f      	movs	r7, r3
10003a28:	910c      	str	r1, [sp, #48]	@ 0x30
10003a2a:	9215      	str	r2, [sp, #84]	@ 0x54
10003a2c:	e001      	b.n	10003a32 <_vsnprintf+0xa8a>
10003a2e:	2d20      	cmp	r5, #32
10003a30:	d00f      	beq.n	10003a52 <_vsnprintf+0xaaa>
10003a32:	0020      	movs	r0, r4
10003a34:	210a      	movs	r1, #10
10003a36:	f7fe f877 	bl	10001b28 <__wrap___aeabi_uidiv>
10003a3a:	3501      	adds	r5, #1
10003a3c:	197e      	adds	r6, r7, r5
10003a3e:	3130      	adds	r1, #48	@ 0x30
10003a40:	7031      	strb	r1, [r6, #0]
10003a42:	0020      	movs	r0, r4
10003a44:	210a      	movs	r1, #10
10003a46:	f7fe f86f 	bl	10001b28 <__wrap___aeabi_uidiv>
10003a4a:	0026      	movs	r6, r4
10003a4c:	0004      	movs	r4, r0
10003a4e:	2e09      	cmp	r6, #9
10003a50:	d8ed      	bhi.n	10003a2e <_vsnprintf+0xa86>
10003a52:	9b14      	ldr	r3, [sp, #80]	@ 0x50
10003a54:	4644      	mov	r4, r8
10003a56:	4698      	mov	r8, r3
10003a58:	9b0c      	ldr	r3, [sp, #48]	@ 0x30
10003a5a:	46ac      	mov	ip, r5
10003a5c:	0019      	movs	r1, r3
10003a5e:	9b15      	ldr	r3, [sp, #84]	@ 0x54
10003a60:	4656      	mov	r6, sl
10003a62:	464d      	mov	r5, r9
10003a64:	469a      	mov	sl, r3
10003a66:	9f16      	ldr	r7, [sp, #88]	@ 0x58
10003a68:	9b0d      	ldr	r3, [sp, #52]	@ 0x34
10003a6a:	9102      	str	r1, [sp, #8]
10003a6c:	9306      	str	r3, [sp, #24]
10003a6e:	4643      	mov	r3, r8
10003a70:	9305      	str	r3, [sp, #20]
10003a72:	4653      	mov	r3, sl
10003a74:	9304      	str	r3, [sp, #16]
10003a76:	230a      	movs	r3, #10
10003a78:	9303      	str	r3, [sp, #12]
10003a7a:	4663      	mov	r3, ip
10003a7c:	e63c      	b.n	100036f8 <_vsnprintf+0x750>
10003a7e:	2800      	cmp	r0, #0
10003a80:	d000      	beq.n	10003a84 <_vsnprintf+0xadc>
10003a82:	e62e      	b.n	100036e2 <_vsnprintf+0x73a>
10003a84:	e602      	b.n	1000368c <_vsnprintf+0x6e4>
10003a86:	9b0c      	ldr	r3, [sp, #48]	@ 0x30
10003a88:	681b      	ldr	r3, [r3, #0]
10003a8a:	4699      	mov	r9, r3
10003a8c:	2b00      	cmp	r3, #0
10003a8e:	d103      	bne.n	10003a98 <_vsnprintf+0xaf0>
10003a90:	3310      	adds	r3, #16
10003a92:	4398      	bics	r0, r3
10003a94:	2900      	cmp	r1, #0
10003a96:	d138      	bne.n	10003b0a <_vsnprintf+0xb62>
10003a98:	2361      	movs	r3, #97	@ 0x61
10003a9a:	0682      	lsls	r2, r0, #26
10003a9c:	d500      	bpl.n	10003aa0 <_vsnprintf+0xaf8>
10003a9e:	2341      	movs	r3, #65	@ 0x41
10003aa0:	b2db      	uxtb	r3, r3
10003aa2:	3b0a      	subs	r3, #10
10003aa4:	930c      	str	r3, [sp, #48]	@ 0x30
10003aa6:	4643      	mov	r3, r8
10003aa8:	9316      	str	r3, [sp, #88]	@ 0x58
10003aaa:	4653      	mov	r3, sl
10003aac:	a914      	add	r1, sp, #80	@ 0x50
10003aae:	221f      	movs	r2, #31
10003ab0:	468c      	mov	ip, r1
10003ab2:	9317      	str	r3, [sp, #92]	@ 0x5c
10003ab4:	002b      	movs	r3, r5
10003ab6:	4462      	add	r2, ip
10003ab8:	46a0      	mov	r8, r4
10003aba:	464d      	mov	r5, r9
10003abc:	46b2      	mov	sl, r6
10003abe:	9718      	str	r7, [sp, #96]	@ 0x60
10003ac0:	4699      	mov	r9, r3
10003ac2:	0017      	movs	r7, r2
10003ac4:	9c14      	ldr	r4, [sp, #80]	@ 0x50
10003ac6:	9e0d      	ldr	r6, [sp, #52]	@ 0x34
10003ac8:	9015      	str	r0, [sp, #84]	@ 0x54
10003aca:	e008      	b.n	10003ade <_vsnprintf+0xb36>
10003acc:	3330      	adds	r3, #48	@ 0x30
10003ace:	b2db      	uxtb	r3, r3
10003ad0:	3401      	adds	r4, #1
10003ad2:	553b      	strb	r3, [r7, r4]
10003ad4:	42b5      	cmp	r5, r6
10003ad6:	d30e      	bcc.n	10003af6 <_vsnprintf+0xb4e>
10003ad8:	2c20      	cmp	r4, #32
10003ada:	d00c      	beq.n	10003af6 <_vsnprintf+0xb4e>
10003adc:	0005      	movs	r5, r0
10003ade:	0031      	movs	r1, r6
10003ae0:	0028      	movs	r0, r5
10003ae2:	f7fe f821 	bl	10001b28 <__wrap___aeabi_uidiv>
10003ae6:	b2cb      	uxtb	r3, r1
10003ae8:	2909      	cmp	r1, #9
10003aea:	d9ef      	bls.n	10003acc <_vsnprintf+0xb24>
10003aec:	9a0c      	ldr	r2, [sp, #48]	@ 0x30
10003aee:	4694      	mov	ip, r2
10003af0:	4463      	add	r3, ip
10003af2:	b2db      	uxtb	r3, r3
10003af4:	e7ec      	b.n	10003ad0 <_vsnprintf+0xb28>
10003af6:	9b16      	ldr	r3, [sp, #88]	@ 0x58
10003af8:	9414      	str	r4, [sp, #80]	@ 0x50
10003afa:	4644      	mov	r4, r8
10003afc:	4698      	mov	r8, r3
10003afe:	9b17      	ldr	r3, [sp, #92]	@ 0x5c
10003b00:	4656      	mov	r6, sl
10003b02:	464d      	mov	r5, r9
10003b04:	469a      	mov	sl, r3
10003b06:	9815      	ldr	r0, [sp, #84]	@ 0x54
10003b08:	9f18      	ldr	r7, [sp, #96]	@ 0x60
10003b0a:	4643      	mov	r3, r8
10003b0c:	9305      	str	r3, [sp, #20]
10003b0e:	4653      	mov	r3, sl
10003b10:	9304      	str	r3, [sp, #16]
10003b12:	9b0d      	ldr	r3, [sp, #52]	@ 0x34
10003b14:	9006      	str	r0, [sp, #24]
10003b16:	9303      	str	r3, [sp, #12]
10003b18:	2300      	movs	r3, #0
10003b1a:	9302      	str	r3, [sp, #8]
10003b1c:	9b14      	ldr	r3, [sp, #80]	@ 0x50
10003b1e:	e5eb      	b.n	100036f8 <_vsnprintf+0x750>
10003b20:	2800      	cmp	r0, #0
10003b22:	d1a1      	bne.n	10003a68 <_vsnprintf+0xac0>
10003b24:	e772      	b.n	10003a0c <_vsnprintf+0xa64>
10003b26:	9b0c      	ldr	r3, [sp, #48]	@ 0x30
10003b28:	681b      	ldr	r3, [r3, #0]
10003b2a:	17d9      	asrs	r1, r3, #31
10003b2c:	185a      	adds	r2, r3, r1
10003b2e:	404a      	eors	r2, r1
10003b30:	e5a6      	b.n	10003680 <_vsnprintf+0x6d8>
10003b32:	2380      	movs	r3, #128	@ 0x80
10003b34:	0010      	movs	r0, r2
10003b36:	00db      	lsls	r3, r3, #3
10003b38:	4018      	ands	r0, r3
10003b3a:	469c      	mov	ip, r3
10003b3c:	900f      	str	r0, [sp, #60]	@ 0x3c
10003b3e:	421a      	tst	r2, r3
10003b40:	d00f      	beq.n	10003b62 <_vsnprintf+0xbba>
10003b42:	2002      	movs	r0, #2
10003b44:	0003      	movs	r3, r0
10003b46:	4013      	ands	r3, r2
10003b48:	930f      	str	r3, [sp, #60]	@ 0x3c
10003b4a:	4210      	tst	r0, r2
10003b4c:	d019      	beq.n	10003b82 <_vsnprintf+0xbda>
10003b4e:	2300      	movs	r3, #0
10003b50:	46a1      	mov	r9, r4
10003b52:	930f      	str	r3, [sp, #60]	@ 0x3c
10003b54:	e54c      	b.n	100035f0 <_vsnprintf+0x648>
10003b56:	9b0c      	ldr	r3, [sp, #48]	@ 0x30
10003b58:	681b      	ldr	r3, [r3, #0]
10003b5a:	9309      	str	r3, [sp, #36]	@ 0x24
10003b5c:	e4e4      	b.n	10003528 <_vsnprintf+0x580>
10003b5e:	000a      	movs	r2, r1
10003b60:	e434      	b.n	100033cc <_vsnprintf+0x424>
10003b62:	2302      	movs	r3, #2
10003b64:	0018      	movs	r0, r3
10003b66:	4010      	ands	r0, r2
10003b68:	900d      	str	r0, [sp, #52]	@ 0x34
10003b6a:	4213      	tst	r3, r2
10003b6c:	d000      	beq.n	10003b70 <_vsnprintf+0xbc8>
10003b6e:	e53e      	b.n	100035ee <_vsnprintf+0x646>
10003b70:	4643      	mov	r3, r8
10003b72:	2b00      	cmp	r3, #0
10003b74:	d000      	beq.n	10003b78 <_vsnprintf+0xbd0>
10003b76:	e642      	b.n	100037fe <_vsnprintf+0x856>
10003b78:	f7ff fb71 	bl	1000325e <_vsnprintf+0x2b6>
10003b7c:	3301      	adds	r3, #1
10003b7e:	930f      	str	r3, [sp, #60]	@ 0x3c
10003b80:	e47f      	b.n	10003482 <_vsnprintf+0x4da>
10003b82:	4663      	mov	r3, ip
10003b84:	930d      	str	r3, [sp, #52]	@ 0x34
10003b86:	e7f3      	b.n	10003b70 <_vsnprintf+0xbc8>

10003b88 <__wrap_snprintf>:
10003b88:	b40c      	push	{r2, r3}
10003b8a:	b530      	push	{r4, r5, lr}
10003b8c:	b085      	sub	sp, #20
10003b8e:	ac08      	add	r4, sp, #32
10003b90:	cc08      	ldmia	r4!, {r3}
10003b92:	4d06      	ldr	r5, [pc, #24]	@ (10003bac <__wrap_snprintf+0x24>)
10003b94:	000a      	movs	r2, r1
10003b96:	9400      	str	r4, [sp, #0]
10003b98:	0001      	movs	r1, r0
10003b9a:	0028      	movs	r0, r5
10003b9c:	9403      	str	r4, [sp, #12]
10003b9e:	f7ff fa03 	bl	10002fa8 <_vsnprintf>
10003ba2:	b005      	add	sp, #20
10003ba4:	bc30      	pop	{r4, r5}
10003ba6:	bc08      	pop	{r3}
10003ba8:	b002      	add	sp, #8
10003baa:	4718      	bx	r3
10003bac:	100022e1 	.word	0x100022e1

10003bb0 <vfctprintf>:
10003bb0:	b510      	push	{r4, lr}
10003bb2:	000c      	movs	r4, r1
10003bb4:	b084      	sub	sp, #16
10003bb6:	9403      	str	r4, [sp, #12]
10003bb8:	2401      	movs	r4, #1
10003bba:	a902      	add	r1, sp, #8
10003bbc:	9002      	str	r0, [sp, #8]
10003bbe:	9300      	str	r3, [sp, #0]
10003bc0:	4803      	ldr	r0, [pc, #12]	@ (10003bd0 <vfctprintf+0x20>)
10003bc2:	0013      	movs	r3, r2
10003bc4:	4262      	negs	r2, r4
10003bc6:	f7ff f9ef 	bl	10002fa8 <_vsnprintf>
10003bca:	b004      	add	sp, #16
10003bcc:	bd10      	pop	{r4, pc}
10003bce:	46c0      	nop			@ (mov r8, r8)
10003bd0:	10002575 	.word	0x10002575

10003bd4 <weak_raw_vprintf>:
10003bd4:	b510      	push	{r4, lr}
10003bd6:	4a09      	ldr	r2, [pc, #36]	@ (10003bfc <weak_raw_vprintf+0x28>)
10003bd8:	0003      	movs	r3, r0
10003bda:	6814      	ldr	r4, [r2, #0]
10003bdc:	b084      	sub	sp, #16
10003bde:	2c00      	cmp	r4, #0
10003be0:	d008      	beq.n	10003bf4 <weak_raw_vprintf+0x20>
10003be2:	2201      	movs	r2, #1
10003be4:	9100      	str	r1, [sp, #0]
10003be6:	4806      	ldr	r0, [pc, #24]	@ (10003c00 <weak_raw_vprintf+0x2c>)
10003be8:	4252      	negs	r2, r2
10003bea:	a903      	add	r1, sp, #12
10003bec:	47a0      	blx	r4
10003bee:	2001      	movs	r0, #1
10003bf0:	b004      	add	sp, #16
10003bf2:	bd10      	pop	{r4, pc}
10003bf4:	f000 f994 	bl	10003f20 <__wrap_puts>
10003bf8:	2000      	movs	r0, #0
10003bfa:	e7f9      	b.n	10003bf0 <weak_raw_vprintf+0x1c>
10003bfc:	20001b40 	.word	0x20001b40
10003c00:	10002565 	.word	0x10002565

10003c04 <_exit>:
10003c04:	be00      	bkpt	0x0000
10003c06:	e7fd      	b.n	10003c04 <_exit>

10003c08 <_fini>:
10003c08:	4770      	bx	lr
10003c0a:	46c0      	nop			@ (mov r8, r8)

10003c0c <exit>:
10003c0c:	b510      	push	{r4, lr}
10003c0e:	f7ff fff9 	bl	10003c04 <_exit>
10003c12:	46c0      	nop			@ (mov r8, r8)

10003c14 <runtime_init>:
10003c14:	b570      	push	{r4, r5, r6, lr}
10003c16:	f7fd fe3b 	bl	10001890 <runtime_run_initializers>
10003c1a:	4d07      	ldr	r5, [pc, #28]	@ (10003c38 <runtime_init+0x24>)
10003c1c:	4e07      	ldr	r6, [pc, #28]	@ (10003c3c <runtime_init+0x28>)
10003c1e:	42b5      	cmp	r5, r6
10003c20:	d209      	bcs.n	10003c36 <runtime_init+0x22>
10003c22:	2400      	movs	r4, #0
10003c24:	3e01      	subs	r6, #1
10003c26:	1b76      	subs	r6, r6, r5
10003c28:	08b6      	lsrs	r6, r6, #2
10003c2a:	cd08      	ldmia	r5!, {r3}
10003c2c:	4798      	blx	r3
10003c2e:	0023      	movs	r3, r4
10003c30:	3401      	adds	r4, #1
10003c32:	42b3      	cmp	r3, r6
10003c34:	d1f9      	bne.n	10003c2a <runtime_init+0x16>
10003c36:	bd70      	pop	{r4, r5, r6, pc}
10003c38:	100064c4 	.word	0x100064c4
10003c3c:	100064c8 	.word	0x100064c8

10003c40 <stdio_out_chars_no_crlf>:
10003c40:	0003      	movs	r3, r0
10003c42:	b510      	push	{r4, lr}
10003c44:	0008      	movs	r0, r1
10003c46:	0011      	movs	r1, r2
10003c48:	681b      	ldr	r3, [r3, #0]
10003c4a:	4798      	blx	r3
10003c4c:	bd10      	pop	{r4, pc}
10003c4e:	46c0      	nop			@ (mov r8, r8)

10003c50 <stdio_out_chars_crlf>:
10003c50:	b5f0      	push	{r4, r5, r6, r7, lr}
10003c52:	46c6      	mov	lr, r8
10003c54:	b500      	push	{lr}
10003c56:	7d43      	ldrb	r3, [r0, #21]
10003c58:	0007      	movs	r7, r0
10003c5a:	000c      	movs	r4, r1
10003c5c:	0016      	movs	r6, r2
10003c5e:	2b00      	cmp	r3, #0
10003c60:	d046      	beq.n	10003cf0 <stdio_out_chars_crlf+0xa0>
10003c62:	2a00      	cmp	r2, #0
10003c64:	dd17      	ble.n	10003c96 <stdio_out_chars_crlf+0x46>
10003c66:	780b      	ldrb	r3, [r1, #0]
10003c68:	2b0a      	cmp	r3, #10
10003c6a:	d024      	beq.n	10003cb6 <stdio_out_chars_crlf+0x66>
10003c6c:	2300      	movs	r3, #0
10003c6e:	4698      	mov	r8, r3
10003c70:	2e01      	cmp	r6, #1
10003c72:	d013      	beq.n	10003c9c <stdio_out_chars_crlf+0x4c>
10003c74:	2501      	movs	r5, #1
10003c76:	0029      	movs	r1, r5
10003c78:	5c63      	ldrb	r3, [r4, r1]
10003c7a:	3501      	adds	r5, #1
10003c7c:	2b0a      	cmp	r3, #10
10003c7e:	d026      	beq.n	10003cce <stdio_out_chars_crlf+0x7e>
10003c80:	42b5      	cmp	r5, r6
10003c82:	d1f8      	bne.n	10003c76 <stdio_out_chars_crlf+0x26>
10003c84:	4546      	cmp	r6, r8
10003c86:	dc09      	bgt.n	10003c9c <stdio_out_chars_crlf+0x4c>
10003c88:	19a4      	adds	r4, r4, r6
10003c8a:	3c01      	subs	r4, #1
10003c8c:	7823      	ldrb	r3, [r4, #0]
10003c8e:	3b0d      	subs	r3, #13
10003c90:	425a      	negs	r2, r3
10003c92:	4153      	adcs	r3, r2
10003c94:	753b      	strb	r3, [r7, #20]
10003c96:	bc80      	pop	{r7}
10003c98:	46b8      	mov	r8, r7
10003c9a:	bdf0      	pop	{r4, r5, r6, r7, pc}
10003c9c:	4643      	mov	r3, r8
10003c9e:	18e0      	adds	r0, r4, r3
10003ca0:	19a4      	adds	r4, r4, r6
10003ca2:	1af1      	subs	r1, r6, r3
10003ca4:	3c01      	subs	r4, #1
10003ca6:	683b      	ldr	r3, [r7, #0]
10003ca8:	4798      	blx	r3
10003caa:	7823      	ldrb	r3, [r4, #0]
10003cac:	3b0d      	subs	r3, #13
10003cae:	425a      	negs	r2, r3
10003cb0:	4153      	adcs	r3, r2
10003cb2:	753b      	strb	r3, [r7, #20]
10003cb4:	e7ef      	b.n	10003c96 <stdio_out_chars_crlf+0x46>
10003cb6:	7d03      	ldrb	r3, [r0, #20]
10003cb8:	2b00      	cmp	r3, #0
10003cba:	d1d7      	bne.n	10003c6c <stdio_out_chars_crlf+0x1c>
10003cbc:	2102      	movs	r1, #2
10003cbe:	480f      	ldr	r0, [pc, #60]	@ (10003cfc <stdio_out_chars_crlf+0xac>)
10003cc0:	683b      	ldr	r3, [r7, #0]
10003cc2:	4798      	blx	r3
10003cc4:	2e01      	cmp	r6, #1
10003cc6:	d0df      	beq.n	10003c88 <stdio_out_chars_crlf+0x38>
10003cc8:	2301      	movs	r3, #1
10003cca:	4698      	mov	r8, r3
10003ccc:	e7d2      	b.n	10003c74 <stdio_out_chars_crlf+0x24>
10003cce:	1e63      	subs	r3, r4, #1
10003cd0:	5c5b      	ldrb	r3, [r3, r1]
10003cd2:	2b0d      	cmp	r3, #13
10003cd4:	d0d4      	beq.n	10003c80 <stdio_out_chars_crlf+0x30>
10003cd6:	4588      	cmp	r8, r1
10003cd8:	da04      	bge.n	10003ce4 <stdio_out_chars_crlf+0x94>
10003cda:	4643      	mov	r3, r8
10003cdc:	1ac9      	subs	r1, r1, r3
10003cde:	18e0      	adds	r0, r4, r3
10003ce0:	683b      	ldr	r3, [r7, #0]
10003ce2:	4798      	blx	r3
10003ce4:	2102      	movs	r1, #2
10003ce6:	4805      	ldr	r0, [pc, #20]	@ (10003cfc <stdio_out_chars_crlf+0xac>)
10003ce8:	683b      	ldr	r3, [r7, #0]
10003cea:	46a8      	mov	r8, r5
10003cec:	4798      	blx	r3
10003cee:	e7c7      	b.n	10003c80 <stdio_out_chars_crlf+0x30>
10003cf0:	6803      	ldr	r3, [r0, #0]
10003cf2:	0011      	movs	r1, r2
10003cf4:	0020      	movs	r0, r4
10003cf6:	4798      	blx	r3
10003cf8:	e7cd      	b.n	10003c96 <stdio_out_chars_crlf+0x46>
10003cfa:	46c0      	nop			@ (mov r8, r8)
10003cfc:	100068d8 	.word	0x100068d8

10003d00 <stdio_buffered_printer>:
10003d00:	b5f8      	push	{r3, r4, r5, r6, r7, lr}
10003d02:	680b      	ldr	r3, [r1, #0]
10003d04:	000d      	movs	r5, r1
10003d06:	1c5a      	adds	r2, r3, #1
10003d08:	18cb      	adds	r3, r1, r3
10003d0a:	600a      	str	r2, [r1, #0]
10003d0c:	7118      	strb	r0, [r3, #4]
10003d0e:	2a80      	cmp	r2, #128	@ 0x80
10003d10:	d000      	beq.n	10003d14 <stdio_buffered_printer+0x14>
10003d12:	bdf8      	pop	{r3, r4, r5, r6, r7, pc}
10003d14:	4b0e      	ldr	r3, [pc, #56]	@ (10003d50 <stdio_buffered_printer+0x50>)
10003d16:	681c      	ldr	r4, [r3, #0]
10003d18:	2c00      	cmp	r4, #0
10003d1a:	d015      	beq.n	10003d48 <stdio_buffered_printer+0x48>
10003d1c:	4e0d      	ldr	r6, [pc, #52]	@ (10003d54 <stdio_buffered_printer+0x54>)
10003d1e:	1d0f      	adds	r7, r1, #4
10003d20:	e002      	b.n	10003d28 <stdio_buffered_printer+0x28>
10003d22:	6924      	ldr	r4, [r4, #16]
10003d24:	2c00      	cmp	r4, #0
10003d26:	d00f      	beq.n	10003d48 <stdio_buffered_printer+0x48>
10003d28:	6823      	ldr	r3, [r4, #0]
10003d2a:	2b00      	cmp	r3, #0
10003d2c:	d0f9      	beq.n	10003d22 <stdio_buffered_printer+0x22>
10003d2e:	6833      	ldr	r3, [r6, #0]
10003d30:	2b00      	cmp	r3, #0
10003d32:	d001      	beq.n	10003d38 <stdio_buffered_printer+0x38>
10003d34:	42a3      	cmp	r3, r4
10003d36:	d1f4      	bne.n	10003d22 <stdio_buffered_printer+0x22>
10003d38:	0020      	movs	r0, r4
10003d3a:	0039      	movs	r1, r7
10003d3c:	682a      	ldr	r2, [r5, #0]
10003d3e:	f7ff ff87 	bl	10003c50 <stdio_out_chars_crlf>
10003d42:	6924      	ldr	r4, [r4, #16]
10003d44:	2c00      	cmp	r4, #0
10003d46:	d1ef      	bne.n	10003d28 <stdio_buffered_printer+0x28>
10003d48:	2300      	movs	r3, #0
10003d4a:	602b      	str	r3, [r5, #0]
10003d4c:	e7e1      	b.n	10003d12 <stdio_buffered_printer+0x12>
10003d4e:	46c0      	nop			@ (mov r8, r8)
10003d50:	20001734 	.word	0x20001734
10003d54:	2000173c 	.word	0x2000173c

10003d58 <stdio_put_string>:
10003d58:	b5f0      	push	{r4, r5, r6, r7, lr}
10003d5a:	4645      	mov	r5, r8
10003d5c:	46de      	mov	lr, fp
10003d5e:	464e      	mov	r6, r9
10003d60:	4657      	mov	r7, sl
10003d62:	b5e0      	push	{r5, r6, r7, lr}
10003d64:	b083      	sub	sp, #12
10003d66:	4691      	mov	r9, r2
10003d68:	001c      	movs	r4, r3
10003d6a:	4680      	mov	r8, r0
10003d6c:	000d      	movs	r5, r1
10003d6e:	f7fd fab5 	bl	100012dc <time_us_64>
10003d72:	2300      	movs	r3, #0
10003d74:	4a30      	ldr	r2, [pc, #192]	@ (10003e38 <stdio_put_string+0xe0>)
10003d76:	1812      	adds	r2, r2, r0
10003d78:	414b      	adcs	r3, r1
10003d7a:	2b00      	cmp	r3, #0
10003d7c:	da02      	bge.n	10003d84 <stdio_put_string+0x2c>
10003d7e:	2201      	movs	r2, #1
10003d80:	4b2e      	ldr	r3, [pc, #184]	@ (10003e3c <stdio_put_string+0xe4>)
10003d82:	4252      	negs	r2, r2
10003d84:	492e      	ldr	r1, [pc, #184]	@ (10003e40 <stdio_put_string+0xe8>)
10003d86:	0008      	movs	r0, r1
10003d88:	468a      	mov	sl, r1
10003d8a:	f002 fb5d 	bl	10006448 <__mutex_try_enter_block_until_veneer>
10003d8e:	0007      	movs	r7, r0
10003d90:	1c6b      	adds	r3, r5, #1
10003d92:	d103      	bne.n	10003d9c <stdio_put_string+0x44>
10003d94:	4640      	mov	r0, r8
10003d96:	f002 fae9 	bl	1000636c <strlen>
10003d9a:	0005      	movs	r5, r0
10003d9c:	2c00      	cmp	r4, #0
10003d9e:	d027      	beq.n	10003df0 <stdio_put_string+0x98>
10003da0:	4e28      	ldr	r6, [pc, #160]	@ (10003e44 <stdio_put_string+0xec>)
10003da2:	4b29      	ldr	r3, [pc, #164]	@ (10003e48 <stdio_put_string+0xf0>)
10003da4:	681c      	ldr	r4, [r3, #0]
10003da6:	2c00      	cmp	r4, #0
10003da8:	d018      	beq.n	10003ddc <stdio_put_string+0x84>
10003daa:	464b      	mov	r3, r9
10003dac:	2b00      	cmp	r3, #0
10003dae:	d121      	bne.n	10003df4 <stdio_put_string+0x9c>
10003db0:	4b26      	ldr	r3, [pc, #152]	@ (10003e4c <stdio_put_string+0xf4>)
10003db2:	4699      	mov	r9, r3
10003db4:	e002      	b.n	10003dbc <stdio_put_string+0x64>
10003db6:	6924      	ldr	r4, [r4, #16]
10003db8:	2c00      	cmp	r4, #0
10003dba:	d00f      	beq.n	10003ddc <stdio_put_string+0x84>
10003dbc:	6823      	ldr	r3, [r4, #0]
10003dbe:	2b00      	cmp	r3, #0
10003dc0:	d0f9      	beq.n	10003db6 <stdio_put_string+0x5e>
10003dc2:	464b      	mov	r3, r9
10003dc4:	681b      	ldr	r3, [r3, #0]
10003dc6:	2b00      	cmp	r3, #0
10003dc8:	d001      	beq.n	10003dce <stdio_put_string+0x76>
10003dca:	429c      	cmp	r4, r3
10003dcc:	d1f3      	bne.n	10003db6 <stdio_put_string+0x5e>
10003dce:	0020      	movs	r0, r4
10003dd0:	002a      	movs	r2, r5
10003dd2:	4641      	mov	r1, r8
10003dd4:	47b0      	blx	r6
10003dd6:	6924      	ldr	r4, [r4, #16]
10003dd8:	2c00      	cmp	r4, #0
10003dda:	d1ef      	bne.n	10003dbc <stdio_put_string+0x64>
10003ddc:	2f00      	cmp	r7, #0
10003dde:	d126      	bne.n	10003e2e <stdio_put_string+0xd6>
10003de0:	0028      	movs	r0, r5
10003de2:	b003      	add	sp, #12
10003de4:	bcf0      	pop	{r4, r5, r6, r7}
10003de6:	46bb      	mov	fp, r7
10003de8:	46b2      	mov	sl, r6
10003dea:	46a9      	mov	r9, r5
10003dec:	46a0      	mov	r8, r4
10003dee:	bdf0      	pop	{r4, r5, r6, r7, pc}
10003df0:	4e17      	ldr	r6, [pc, #92]	@ (10003e50 <stdio_put_string+0xf8>)
10003df2:	e7d6      	b.n	10003da2 <stdio_put_string+0x4a>
10003df4:	4b15      	ldr	r3, [pc, #84]	@ (10003e4c <stdio_put_string+0xf4>)
10003df6:	4699      	mov	r9, r3
10003df8:	230a      	movs	r3, #10
10003dfa:	469b      	mov	fp, r3
10003dfc:	e002      	b.n	10003e04 <stdio_put_string+0xac>
10003dfe:	6924      	ldr	r4, [r4, #16]
10003e00:	2c00      	cmp	r4, #0
10003e02:	d0eb      	beq.n	10003ddc <stdio_put_string+0x84>
10003e04:	6823      	ldr	r3, [r4, #0]
10003e06:	2b00      	cmp	r3, #0
10003e08:	d0f9      	beq.n	10003dfe <stdio_put_string+0xa6>
10003e0a:	464b      	mov	r3, r9
10003e0c:	681b      	ldr	r3, [r3, #0]
10003e0e:	2b00      	cmp	r3, #0
10003e10:	d001      	beq.n	10003e16 <stdio_put_string+0xbe>
10003e12:	42a3      	cmp	r3, r4
10003e14:	d1f3      	bne.n	10003dfe <stdio_put_string+0xa6>
10003e16:	002a      	movs	r2, r5
10003e18:	4641      	mov	r1, r8
10003e1a:	0020      	movs	r0, r4
10003e1c:	47b0      	blx	r6
10003e1e:	466b      	mov	r3, sp
10003e20:	465a      	mov	r2, fp
10003e22:	0020      	movs	r0, r4
10003e24:	71da      	strb	r2, [r3, #7]
10003e26:	1dd9      	adds	r1, r3, #7
10003e28:	2201      	movs	r2, #1
10003e2a:	47b0      	blx	r6
10003e2c:	e7e7      	b.n	10003dfe <stdio_put_string+0xa6>
10003e2e:	4650      	mov	r0, sl
10003e30:	f002 faca 	bl	100063c8 <__mutex_exit_veneer>
10003e34:	e7d4      	b.n	10003de0 <stdio_put_string+0x88>
10003e36:	46c0      	nop			@ (mov r8, r8)
10003e38:	000f4240 	.word	0x000f4240
10003e3c:	7fffffff 	.word	0x7fffffff
10003e40:	20001078 	.word	0x20001078
10003e44:	10003c51 	.word	0x10003c51
10003e48:	20001734 	.word	0x20001734
10003e4c:	2000173c 	.word	0x2000173c
10003e50:	10003c41 	.word	0x10003c41

10003e54 <stdio_set_driver_enabled>:
10003e54:	4a0a      	ldr	r2, [pc, #40]	@ (10003e80 <stdio_set_driver_enabled+0x2c>)
10003e56:	6813      	ldr	r3, [r2, #0]
10003e58:	2b00      	cmp	r3, #0
10003e5a:	d105      	bne.n	10003e68 <stdio_set_driver_enabled+0x14>
10003e5c:	e00c      	b.n	10003e78 <stdio_set_driver_enabled+0x24>
10003e5e:	001a      	movs	r2, r3
10003e60:	691b      	ldr	r3, [r3, #16]
10003e62:	3210      	adds	r2, #16
10003e64:	2b00      	cmp	r3, #0
10003e66:	d007      	beq.n	10003e78 <stdio_set_driver_enabled+0x24>
10003e68:	4283      	cmp	r3, r0
10003e6a:	d1f8      	bne.n	10003e5e <stdio_set_driver_enabled+0xa>
10003e6c:	2900      	cmp	r1, #0
10003e6e:	d102      	bne.n	10003e76 <stdio_set_driver_enabled+0x22>
10003e70:	6918      	ldr	r0, [r3, #16]
10003e72:	6010      	str	r0, [r2, #0]
10003e74:	6119      	str	r1, [r3, #16]
10003e76:	4770      	bx	lr
10003e78:	2900      	cmp	r1, #0
10003e7a:	d0fc      	beq.n	10003e76 <stdio_set_driver_enabled+0x22>
10003e7c:	6010      	str	r0, [r2, #0]
10003e7e:	e7fa      	b.n	10003e76 <stdio_set_driver_enabled+0x22>
10003e80:	20001734 	.word	0x20001734

10003e84 <stdio_init_all>:
10003e84:	b510      	push	{r4, lr}
10003e86:	f000 fa6f 	bl	10004368 <stdio_usb_init>
10003e8a:	bd10      	pop	{r4, pc}

10003e8c <__wrap_putchar>:
10003e8c:	b5f0      	push	{r4, r5, r6, r7, lr}
10003e8e:	46ce      	mov	lr, r9
10003e90:	4647      	mov	r7, r8
10003e92:	b580      	push	{r7, lr}
10003e94:	b083      	sub	sp, #12
10003e96:	466b      	mov	r3, sp
10003e98:	0006      	movs	r6, r0
10003e9a:	1ddd      	adds	r5, r3, #7
10003e9c:	7028      	strb	r0, [r5, #0]
10003e9e:	f7fd fa1d 	bl	100012dc <time_us_64>
10003ea2:	2300      	movs	r3, #0
10003ea4:	4a19      	ldr	r2, [pc, #100]	@ (10003f0c <__wrap_putchar+0x80>)
10003ea6:	1812      	adds	r2, r2, r0
10003ea8:	414b      	adcs	r3, r1
10003eaa:	2b00      	cmp	r3, #0
10003eac:	da02      	bge.n	10003eb4 <__wrap_putchar+0x28>
10003eae:	2201      	movs	r2, #1
10003eb0:	4b17      	ldr	r3, [pc, #92]	@ (10003f10 <__wrap_putchar+0x84>)
10003eb2:	4252      	negs	r2, r2
10003eb4:	4917      	ldr	r1, [pc, #92]	@ (10003f14 <__wrap_putchar+0x88>)
10003eb6:	0008      	movs	r0, r1
10003eb8:	4688      	mov	r8, r1
10003eba:	f002 fac5 	bl	10006448 <__mutex_try_enter_block_until_veneer>
10003ebe:	4b16      	ldr	r3, [pc, #88]	@ (10003f18 <__wrap_putchar+0x8c>)
10003ec0:	4681      	mov	r9, r0
10003ec2:	681c      	ldr	r4, [r3, #0]
10003ec4:	2c00      	cmp	r4, #0
10003ec6:	d014      	beq.n	10003ef2 <__wrap_putchar+0x66>
10003ec8:	4f14      	ldr	r7, [pc, #80]	@ (10003f1c <__wrap_putchar+0x90>)
10003eca:	e002      	b.n	10003ed2 <__wrap_putchar+0x46>
10003ecc:	6924      	ldr	r4, [r4, #16]
10003ece:	2c00      	cmp	r4, #0
10003ed0:	d00f      	beq.n	10003ef2 <__wrap_putchar+0x66>
10003ed2:	6823      	ldr	r3, [r4, #0]
10003ed4:	2b00      	cmp	r3, #0
10003ed6:	d0f9      	beq.n	10003ecc <__wrap_putchar+0x40>
10003ed8:	683b      	ldr	r3, [r7, #0]
10003eda:	2b00      	cmp	r3, #0
10003edc:	d001      	beq.n	10003ee2 <__wrap_putchar+0x56>
10003ede:	429c      	cmp	r4, r3
10003ee0:	d1f4      	bne.n	10003ecc <__wrap_putchar+0x40>
10003ee2:	0020      	movs	r0, r4
10003ee4:	2201      	movs	r2, #1
10003ee6:	0029      	movs	r1, r5
10003ee8:	f7ff feb2 	bl	10003c50 <stdio_out_chars_crlf>
10003eec:	6924      	ldr	r4, [r4, #16]
10003eee:	2c00      	cmp	r4, #0
10003ef0:	d1ef      	bne.n	10003ed2 <__wrap_putchar+0x46>
10003ef2:	464b      	mov	r3, r9
10003ef4:	2b00      	cmp	r3, #0
10003ef6:	d105      	bne.n	10003f04 <__wrap_putchar+0x78>
10003ef8:	0030      	movs	r0, r6
10003efa:	b003      	add	sp, #12
10003efc:	bcc0      	pop	{r6, r7}
10003efe:	46b9      	mov	r9, r7
10003f00:	46b0      	mov	r8, r6
10003f02:	bdf0      	pop	{r4, r5, r6, r7, pc}
10003f04:	4640      	mov	r0, r8
10003f06:	f002 fa5f 	bl	100063c8 <__mutex_exit_veneer>
10003f0a:	e7f5      	b.n	10003ef8 <__wrap_putchar+0x6c>
10003f0c:	000f4240 	.word	0x000f4240
10003f10:	7fffffff 	.word	0x7fffffff
10003f14:	20001078 	.word	0x20001078
10003f18:	20001734 	.word	0x20001734
10003f1c:	2000173c 	.word	0x2000173c

10003f20 <__wrap_puts>:
10003f20:	b570      	push	{r4, r5, r6, lr}
10003f22:	0004      	movs	r4, r0
10003f24:	f002 fa22 	bl	1000636c <strlen>
10003f28:	2301      	movs	r3, #1
10003f2a:	0001      	movs	r1, r0
10003f2c:	0005      	movs	r5, r0
10003f2e:	2201      	movs	r2, #1
10003f30:	0020      	movs	r0, r4
10003f32:	f7ff ff11 	bl	10003d58 <stdio_put_string>
10003f36:	4b08      	ldr	r3, [pc, #32]	@ (10003f58 <__wrap_puts+0x38>)
10003f38:	681c      	ldr	r4, [r3, #0]
10003f3a:	2c00      	cmp	r4, #0
10003f3c:	d006      	beq.n	10003f4c <__wrap_puts+0x2c>
10003f3e:	6863      	ldr	r3, [r4, #4]
10003f40:	2b00      	cmp	r3, #0
10003f42:	d005      	beq.n	10003f50 <__wrap_puts+0x30>
10003f44:	4798      	blx	r3
10003f46:	6924      	ldr	r4, [r4, #16]
10003f48:	2c00      	cmp	r4, #0
10003f4a:	d1f8      	bne.n	10003f3e <__wrap_puts+0x1e>
10003f4c:	0028      	movs	r0, r5
10003f4e:	bd70      	pop	{r4, r5, r6, pc}
10003f50:	6924      	ldr	r4, [r4, #16]
10003f52:	2c00      	cmp	r4, #0
10003f54:	d1f3      	bne.n	10003f3e <__wrap_puts+0x1e>
10003f56:	e7f9      	b.n	10003f4c <__wrap_puts+0x2c>
10003f58:	20001734 	.word	0x20001734

10003f5c <__wrap_vprintf>:
10003f5c:	b5f0      	push	{r4, r5, r6, r7, lr}
10003f5e:	46ce      	mov	lr, r9
10003f60:	4647      	mov	r7, r8
10003f62:	b580      	push	{r7, lr}
10003f64:	b0a3      	sub	sp, #140	@ 0x8c
10003f66:	0004      	movs	r4, r0
10003f68:	000d      	movs	r5, r1
10003f6a:	f7fd f9b7 	bl	100012dc <time_us_64>
10003f6e:	2300      	movs	r3, #0
10003f70:	4a27      	ldr	r2, [pc, #156]	@ (10004010 <__wrap_vprintf+0xb4>)
10003f72:	1812      	adds	r2, r2, r0
10003f74:	414b      	adcs	r3, r1
10003f76:	2b00      	cmp	r3, #0
10003f78:	da02      	bge.n	10003f80 <__wrap_vprintf+0x24>
10003f7a:	2201      	movs	r2, #1
10003f7c:	4b25      	ldr	r3, [pc, #148]	@ (10004014 <__wrap_vprintf+0xb8>)
10003f7e:	4252      	negs	r2, r2
10003f80:	4e25      	ldr	r6, [pc, #148]	@ (10004018 <__wrap_vprintf+0xbc>)
10003f82:	0030      	movs	r0, r6
10003f84:	f002 fa60 	bl	10006448 <__mutex_try_enter_block_until_veneer>
10003f88:	2300      	movs	r3, #0
10003f8a:	0022      	movs	r2, r4
10003f8c:	9301      	str	r3, [sp, #4]
10003f8e:	0007      	movs	r7, r0
10003f90:	002b      	movs	r3, r5
10003f92:	4822      	ldr	r0, [pc, #136]	@ (1000401c <__wrap_vprintf+0xc0>)
10003f94:	a901      	add	r1, sp, #4
10003f96:	f7ff fe0b 	bl	10003bb0 <vfctprintf>
10003f9a:	4b21      	ldr	r3, [pc, #132]	@ (10004020 <__wrap_vprintf+0xc4>)
10003f9c:	4680      	mov	r8, r0
10003f9e:	4699      	mov	r9, r3
10003fa0:	681c      	ldr	r4, [r3, #0]
10003fa2:	9b01      	ldr	r3, [sp, #4]
10003fa4:	2b00      	cmp	r3, #0
10003fa6:	d01a      	beq.n	10003fde <__wrap_vprintf+0x82>
10003fa8:	2c00      	cmp	r4, #0
10003faa:	d02f      	beq.n	1000400c <__wrap_vprintf+0xb0>
10003fac:	4d1d      	ldr	r5, [pc, #116]	@ (10004024 <__wrap_vprintf+0xc8>)
10003fae:	e002      	b.n	10003fb6 <__wrap_vprintf+0x5a>
10003fb0:	6924      	ldr	r4, [r4, #16]
10003fb2:	2c00      	cmp	r4, #0
10003fb4:	d00f      	beq.n	10003fd6 <__wrap_vprintf+0x7a>
10003fb6:	6823      	ldr	r3, [r4, #0]
10003fb8:	2b00      	cmp	r3, #0
10003fba:	d0f9      	beq.n	10003fb0 <__wrap_vprintf+0x54>
10003fbc:	682b      	ldr	r3, [r5, #0]
10003fbe:	2b00      	cmp	r3, #0
10003fc0:	d001      	beq.n	10003fc6 <__wrap_vprintf+0x6a>
10003fc2:	42a3      	cmp	r3, r4
10003fc4:	d1f4      	bne.n	10003fb0 <__wrap_vprintf+0x54>
10003fc6:	0020      	movs	r0, r4
10003fc8:	9a01      	ldr	r2, [sp, #4]
10003fca:	a902      	add	r1, sp, #8
10003fcc:	f7ff fe40 	bl	10003c50 <stdio_out_chars_crlf>
10003fd0:	6924      	ldr	r4, [r4, #16]
10003fd2:	2c00      	cmp	r4, #0
10003fd4:	d1ef      	bne.n	10003fb6 <__wrap_vprintf+0x5a>
10003fd6:	464b      	mov	r3, r9
10003fd8:	681c      	ldr	r4, [r3, #0]
10003fda:	2300      	movs	r3, #0
10003fdc:	9301      	str	r3, [sp, #4]
10003fde:	2c00      	cmp	r4, #0
10003fe0:	d006      	beq.n	10003ff0 <__wrap_vprintf+0x94>
10003fe2:	6863      	ldr	r3, [r4, #4]
10003fe4:	2b00      	cmp	r3, #0
10003fe6:	d00b      	beq.n	10004000 <__wrap_vprintf+0xa4>
10003fe8:	4798      	blx	r3
10003fea:	6924      	ldr	r4, [r4, #16]
10003fec:	2c00      	cmp	r4, #0
10003fee:	d1f8      	bne.n	10003fe2 <__wrap_vprintf+0x86>
10003ff0:	2f00      	cmp	r7, #0
10003ff2:	d107      	bne.n	10004004 <__wrap_vprintf+0xa8>
10003ff4:	4640      	mov	r0, r8
10003ff6:	b023      	add	sp, #140	@ 0x8c
10003ff8:	bcc0      	pop	{r6, r7}
10003ffa:	46b9      	mov	r9, r7
10003ffc:	46b0      	mov	r8, r6
10003ffe:	bdf0      	pop	{r4, r5, r6, r7, pc}
10004000:	6924      	ldr	r4, [r4, #16]
10004002:	e7ec      	b.n	10003fde <__wrap_vprintf+0x82>
10004004:	0030      	movs	r0, r6
10004006:	f002 f9df 	bl	100063c8 <__mutex_exit_veneer>
1000400a:	e7f3      	b.n	10003ff4 <__wrap_vprintf+0x98>
1000400c:	9401      	str	r4, [sp, #4]
1000400e:	e7ef      	b.n	10003ff0 <__wrap_vprintf+0x94>
10004010:	000f4240 	.word	0x000f4240
10004014:	7fffffff 	.word	0x7fffffff
10004018:	20001078 	.word	0x20001078
1000401c:	10003d01 	.word	0x10003d01
10004020:	20001734 	.word	0x20001734
10004024:	2000173c 	.word	0x2000173c

10004028 <__wrap_printf>:
10004028:	b40f      	push	{r0, r1, r2, r3}
1000402a:	b500      	push	{lr}
1000402c:	b083      	sub	sp, #12
1000402e:	a904      	add	r1, sp, #16
10004030:	c901      	ldmia	r1!, {r0}
10004032:	9101      	str	r1, [sp, #4]
10004034:	f7ff ff92 	bl	10003f5c <__wrap_vprintf>
10004038:	b003      	add	sp, #12
1000403a:	bc08      	pop	{r3}
1000403c:	b004      	add	sp, #16
1000403e:	4718      	bx	r3

10004040 <stdio_usb_set_chars_available_callback>:
10004040:	4b02      	ldr	r3, [pc, #8]	@ (1000404c <stdio_usb_set_chars_available_callback+0xc>)
10004042:	6018      	str	r0, [r3, #0]
10004044:	4b02      	ldr	r3, [pc, #8]	@ (10004050 <stdio_usb_set_chars_available_callback+0x10>)
10004046:	6019      	str	r1, [r3, #0]
10004048:	4770      	bx	lr
1000404a:	46c0      	nop			@ (mov r8, r8)
1000404c:	200016d4 	.word	0x200016d4
10004050:	200016d8 	.word	0x200016d8

10004054 <usb_irq>:
10004054:	b510      	push	{r4, lr}
10004056:	4b02      	ldr	r3, [pc, #8]	@ (10004060 <usb_irq+0xc>)
10004058:	7818      	ldrb	r0, [r3, #0]
1000405a:	f7fc fb09 	bl	10000670 <irq_set_pending>
1000405e:	bd10      	pop	{r4, pc}
10004060:	20001c97 	.word	0x20001c97

10004064 <timer_task>:
10004064:	4b15      	ldr	r3, [pc, #84]	@ (100040bc <timer_task+0x58>)
10004066:	b570      	push	{r4, r5, r6, lr}
10004068:	681a      	ldr	r2, [r3, #0]
1000406a:	2a00      	cmp	r2, #0
1000406c:	d022      	beq.n	100040b4 <timer_task+0x50>
1000406e:	f3ef 8110 	mrs	r1, PRIMASK
10004072:	b672      	cpsid	i
10004074:	6810      	ldr	r0, [r2, #0]
10004076:	2800      	cmp	r0, #0
10004078:	d0fc      	beq.n	10004074 <timer_task+0x10>
1000407a:	f3bf 8f5f 	dmb	sy
1000407e:	2000      	movs	r0, #0
10004080:	4a0f      	ldr	r2, [pc, #60]	@ (100040c0 <timer_task+0x5c>)
10004082:	6059      	str	r1, [r3, #4]
10004084:	7010      	strb	r0, [r2, #0]
10004086:	681b      	ldr	r3, [r3, #0]
10004088:	f3bf 8f5f 	dmb	sy
1000408c:	6018      	str	r0, [r3, #0]
1000408e:	f381 8810 	msr	PRIMASK, r1
10004092:	2400      	movs	r4, #0
10004094:	2500      	movs	r5, #0
10004096:	4e0b      	ldr	r6, [pc, #44]	@ (100040c4 <timer_task+0x60>)
10004098:	7830      	ldrb	r0, [r6, #0]
1000409a:	f7fc fadd 	bl	10000658 <irq_is_enabled>
1000409e:	2800      	cmp	r0, #0
100040a0:	d104      	bne.n	100040ac <timer_task+0x48>
100040a2:	2400      	movs	r4, #0
100040a4:	2500      	movs	r5, #0
100040a6:	0029      	movs	r1, r5
100040a8:	0020      	movs	r0, r4
100040aa:	bd70      	pop	{r4, r5, r6, pc}
100040ac:	7830      	ldrb	r0, [r6, #0]
100040ae:	f7fc fadf 	bl	10000670 <irq_set_pending>
100040b2:	e7f8      	b.n	100040a6 <timer_task+0x42>
100040b4:	24fa      	movs	r4, #250	@ 0xfa
100040b6:	2500      	movs	r5, #0
100040b8:	00a4      	lsls	r4, r4, #2
100040ba:	e7ec      	b.n	10004096 <timer_task+0x32>
100040bc:	20001b4c 	.word	0x20001b4c
100040c0:	20001c98 	.word	0x20001c98
100040c4:	20001c97 	.word	0x20001c97

100040c8 <stdio_usb_in_chars>:
100040c8:	b570      	push	{r4, r5, r6, lr}
100040ca:	0004      	movs	r4, r0
100040cc:	2000      	movs	r0, #0
100040ce:	000e      	movs	r6, r1
100040d0:	f001 fb6c 	bl	100057ac <tud_cdc_n_connected>
100040d4:	2800      	cmp	r0, #0
100040d6:	d034      	beq.n	10004142 <stdio_usb_in_chars+0x7a>
100040d8:	2000      	movs	r0, #0
100040da:	f001 fb7d 	bl	100057d8 <tud_cdc_n_available>
100040de:	2800      	cmp	r0, #0
100040e0:	d02f      	beq.n	10004142 <stdio_usb_in_chars+0x7a>
100040e2:	f7fd f8fb 	bl	100012dc <time_us_64>
100040e6:	2300      	movs	r3, #0
100040e8:	4a17      	ldr	r2, [pc, #92]	@ (10004148 <stdio_usb_in_chars+0x80>)
100040ea:	1812      	adds	r2, r2, r0
100040ec:	414b      	adcs	r3, r1
100040ee:	2b00      	cmp	r3, #0
100040f0:	db16      	blt.n	10004120 <stdio_usb_in_chars+0x58>
100040f2:	4d16      	ldr	r5, [pc, #88]	@ (1000414c <stdio_usb_in_chars+0x84>)
100040f4:	0028      	movs	r0, r5
100040f6:	f002 f9a7 	bl	10006448 <__mutex_try_enter_block_until_veneer>
100040fa:	2800      	cmp	r0, #0
100040fc:	d021      	beq.n	10004142 <stdio_usb_in_chars+0x7a>
100040fe:	2000      	movs	r0, #0
10004100:	f001 fb54 	bl	100057ac <tud_cdc_n_connected>
10004104:	2800      	cmp	r0, #0
10004106:	d10f      	bne.n	10004128 <stdio_usb_in_chars+0x60>
10004108:	2001      	movs	r0, #1
1000410a:	2100      	movs	r1, #0
1000410c:	4240      	negs	r0, r0
1000410e:	f000 fd77 	bl	10004c00 <tud_task_ext>
10004112:	2403      	movs	r4, #3
10004114:	4264      	negs	r4, r4
10004116:	0028      	movs	r0, r5
10004118:	f002 f956 	bl	100063c8 <__mutex_exit_veneer>
1000411c:	0020      	movs	r0, r4
1000411e:	bd70      	pop	{r4, r5, r6, pc}
10004120:	2201      	movs	r2, #1
10004122:	4b0b      	ldr	r3, [pc, #44]	@ (10004150 <stdio_usb_in_chars+0x88>)
10004124:	4252      	negs	r2, r2
10004126:	e7e4      	b.n	100040f2 <stdio_usb_in_chars+0x2a>
10004128:	2000      	movs	r0, #0
1000412a:	f001 fb55 	bl	100057d8 <tud_cdc_n_available>
1000412e:	2800      	cmp	r0, #0
10004130:	d0ea      	beq.n	10004108 <stdio_usb_in_chars+0x40>
10004132:	0021      	movs	r1, r4
10004134:	0032      	movs	r2, r6
10004136:	2000      	movs	r0, #0
10004138:	f001 fb58 	bl	100057ec <tud_cdc_n_read>
1000413c:	1e04      	subs	r4, r0, #0
1000413e:	d1ea      	bne.n	10004116 <stdio_usb_in_chars+0x4e>
10004140:	e7e7      	b.n	10004112 <stdio_usb_in_chars+0x4a>
10004142:	2403      	movs	r4, #3
10004144:	4264      	negs	r4, r4
10004146:	e7e9      	b.n	1000411c <stdio_usb_in_chars+0x54>
10004148:	000f4240 	.word	0x000f4240
1000414c:	20001c74 	.word	0x20001c74
10004150:	7fffffff 	.word	0x7fffffff

10004154 <stdio_usb_out_flush>:
10004154:	b510      	push	{r4, lr}
10004156:	f7fd f8c1 	bl	100012dc <time_us_64>
1000415a:	2300      	movs	r3, #0
1000415c:	4a0d      	ldr	r2, [pc, #52]	@ (10004194 <stdio_usb_out_flush+0x40>)
1000415e:	1812      	adds	r2, r2, r0
10004160:	414b      	adcs	r3, r1
10004162:	2b00      	cmp	r3, #0
10004164:	da02      	bge.n	1000416c <stdio_usb_out_flush+0x18>
10004166:	2201      	movs	r2, #1
10004168:	4b0b      	ldr	r3, [pc, #44]	@ (10004198 <stdio_usb_out_flush+0x44>)
1000416a:	4252      	negs	r2, r2
1000416c:	4c0b      	ldr	r4, [pc, #44]	@ (1000419c <stdio_usb_out_flush+0x48>)
1000416e:	0020      	movs	r0, r4
10004170:	f002 f96a 	bl	10006448 <__mutex_try_enter_block_until_veneer>
10004174:	2800      	cmp	r0, #0
10004176:	d00c      	beq.n	10004192 <stdio_usb_out_flush+0x3e>
10004178:	2001      	movs	r0, #1
1000417a:	2100      	movs	r1, #0
1000417c:	4240      	negs	r0, r0
1000417e:	f000 fd3f 	bl	10004c00 <tud_task_ext>
10004182:	2000      	movs	r0, #0
10004184:	f001 fb76 	bl	10005874 <tud_cdc_n_write_flush>
10004188:	2800      	cmp	r0, #0
1000418a:	d1f5      	bne.n	10004178 <stdio_usb_out_flush+0x24>
1000418c:	0020      	movs	r0, r4
1000418e:	f002 f91b 	bl	100063c8 <__mutex_exit_veneer>
10004192:	bd10      	pop	{r4, pc}
10004194:	000f4240 	.word	0x000f4240
10004198:	7fffffff 	.word	0x7fffffff
1000419c:	20001c74 	.word	0x20001c74

100041a0 <stdio_usb_out_chars>:
100041a0:	b5f8      	push	{r3, r4, r5, r6, r7, lr}
100041a2:	46de      	mov	lr, fp
100041a4:	4657      	mov	r7, sl
100041a6:	b580      	push	{r7, lr}
100041a8:	0005      	movs	r5, r0
100041aa:	000c      	movs	r4, r1
100041ac:	f7fd f896 	bl	100012dc <time_us_64>
100041b0:	2300      	movs	r3, #0
100041b2:	4a36      	ldr	r2, [pc, #216]	@ (1000428c <stdio_usb_out_chars+0xec>)
100041b4:	1812      	adds	r2, r2, r0
100041b6:	414b      	adcs	r3, r1
100041b8:	2b00      	cmp	r3, #0
100041ba:	da02      	bge.n	100041c2 <stdio_usb_out_chars+0x22>
100041bc:	2201      	movs	r2, #1
100041be:	4b34      	ldr	r3, [pc, #208]	@ (10004290 <stdio_usb_out_chars+0xf0>)
100041c0:	4252      	negs	r2, r2
100041c2:	4934      	ldr	r1, [pc, #208]	@ (10004294 <stdio_usb_out_chars+0xf4>)
100041c4:	0008      	movs	r0, r1
100041c6:	468a      	mov	sl, r1
100041c8:	f002 f93e 	bl	10006448 <__mutex_try_enter_block_until_veneer>
100041cc:	2800      	cmp	r0, #0
100041ce:	d103      	bne.n	100041d8 <stdio_usb_out_chars+0x38>
100041d0:	bcc0      	pop	{r6, r7}
100041d2:	46bb      	mov	fp, r7
100041d4:	46b2      	mov	sl, r6
100041d6:	bdf8      	pop	{r3, r4, r5, r6, r7, pc}
100041d8:	2000      	movs	r0, #0
100041da:	f001 fae7 	bl	100057ac <tud_cdc_n_connected>
100041de:	2800      	cmp	r0, #0
100041e0:	d04a      	beq.n	10004278 <stdio_usb_out_chars+0xd8>
100041e2:	2600      	movs	r6, #0
100041e4:	2c00      	cmp	r4, #0
100041e6:	dd43      	ble.n	10004270 <stdio_usb_out_chars+0xd0>
100041e8:	4b2b      	ldr	r3, [pc, #172]	@ (10004298 <stdio_usb_out_chars+0xf8>)
100041ea:	469b      	mov	fp, r3
100041ec:	e014      	b.n	10004218 <stdio_usb_out_chars+0x78>
100041ee:	19a9      	adds	r1, r5, r6
100041f0:	2000      	movs	r0, #0
100041f2:	f001 fb79 	bl	100058e8 <tud_cdc_n_write>
100041f6:	0007      	movs	r7, r0
100041f8:	2001      	movs	r0, #1
100041fa:	2100      	movs	r1, #0
100041fc:	4240      	negs	r0, r0
100041fe:	f000 fcff 	bl	10004c00 <tud_task_ext>
10004202:	2000      	movs	r0, #0
10004204:	f001 fb36 	bl	10005874 <tud_cdc_n_write_flush>
10004208:	f7fd f868 	bl	100012dc <time_us_64>
1000420c:	4b22      	ldr	r3, [pc, #136]	@ (10004298 <stdio_usb_out_chars+0xf8>)
1000420e:	19f6      	adds	r6, r6, r7
10004210:	6018      	str	r0, [r3, #0]
10004212:	6059      	str	r1, [r3, #4]
10004214:	42b4      	cmp	r4, r6
10004216:	dd2b      	ble.n	10004270 <stdio_usb_out_chars+0xd0>
10004218:	2000      	movs	r0, #0
1000421a:	f001 fb85 	bl	10005928 <tud_cdc_n_write_available>
1000421e:	1ba7      	subs	r7, r4, r6
10004220:	0002      	movs	r2, r0
10004222:	42b8      	cmp	r0, r7
10004224:	dd00      	ble.n	10004228 <stdio_usb_out_chars+0x88>
10004226:	003a      	movs	r2, r7
10004228:	2a00      	cmp	r2, #0
1000422a:	d1e0      	bne.n	100041ee <stdio_usb_out_chars+0x4e>
1000422c:	2001      	movs	r0, #1
1000422e:	2100      	movs	r1, #0
10004230:	4240      	negs	r0, r0
10004232:	f000 fce5 	bl	10004c00 <tud_task_ext>
10004236:	2000      	movs	r0, #0
10004238:	f001 fb1c 	bl	10005874 <tud_cdc_n_write_flush>
1000423c:	2000      	movs	r0, #0
1000423e:	f001 fab5 	bl	100057ac <tud_cdc_n_connected>
10004242:	2800      	cmp	r0, #0
10004244:	d014      	beq.n	10004270 <stdio_usb_out_chars+0xd0>
10004246:	2000      	movs	r0, #0
10004248:	f001 fb6e 	bl	10005928 <tud_cdc_n_write_available>
1000424c:	2800      	cmp	r0, #0
1000424e:	d1e1      	bne.n	10004214 <stdio_usb_out_chars+0x74>
10004250:	f7fd f844 	bl	100012dc <time_us_64>
10004254:	465b      	mov	r3, fp
10004256:	000f      	movs	r7, r1
10004258:	681a      	ldr	r2, [r3, #0]
1000425a:	685b      	ldr	r3, [r3, #4]
1000425c:	2100      	movs	r1, #0
1000425e:	4684      	mov	ip, r0
10004260:	480e      	ldr	r0, [pc, #56]	@ (1000429c <stdio_usb_out_chars+0xfc>)
10004262:	1812      	adds	r2, r2, r0
10004264:	414b      	adcs	r3, r1
10004266:	429f      	cmp	r7, r3
10004268:	d802      	bhi.n	10004270 <stdio_usb_out_chars+0xd0>
1000426a:	d1d3      	bne.n	10004214 <stdio_usb_out_chars+0x74>
1000426c:	4594      	cmp	ip, r2
1000426e:	d9d1      	bls.n	10004214 <stdio_usb_out_chars+0x74>
10004270:	4650      	mov	r0, sl
10004272:	f002 f8a9 	bl	100063c8 <__mutex_exit_veneer>
10004276:	e7ab      	b.n	100041d0 <stdio_usb_out_chars+0x30>
10004278:	2000      	movs	r0, #0
1000427a:	2100      	movs	r1, #0
1000427c:	4b06      	ldr	r3, [pc, #24]	@ (10004298 <stdio_usb_out_chars+0xf8>)
1000427e:	6018      	str	r0, [r3, #0]
10004280:	6059      	str	r1, [r3, #4]
10004282:	4650      	mov	r0, sl
10004284:	f002 f8a0 	bl	100063c8 <__mutex_exit_veneer>
10004288:	e7a2      	b.n	100041d0 <stdio_usb_out_chars+0x30>
1000428a:	46c0      	nop			@ (mov r8, r8)
1000428c:	000f4240 	.word	0x000f4240
10004290:	7fffffff 	.word	0x7fffffff
10004294:	20001c74 	.word	0x20001c74
10004298:	20001200 	.word	0x20001200
1000429c:	0007a120 	.word	0x0007a120

100042a0 <low_priority_worker_irq>:
100042a0:	b530      	push	{r4, r5, lr}
100042a2:	4c2a      	ldr	r4, [pc, #168]	@ (1000434c <low_priority_worker_irq+0xac>)
100042a4:	b085      	sub	sp, #20
100042a6:	2100      	movs	r1, #0
100042a8:	0020      	movs	r0, r4
100042aa:	f002 f8a5 	bl	100063f8 <__mutex_try_enter_veneer>
100042ae:	2800      	cmp	r0, #0
100042b0:	d11c      	bne.n	100042ec <low_priority_worker_irq+0x4c>
100042b2:	4b27      	ldr	r3, [pc, #156]	@ (10004350 <low_priority_worker_irq+0xb0>)
100042b4:	681a      	ldr	r2, [r3, #0]
100042b6:	2a00      	cmp	r2, #0
100042b8:	d016      	beq.n	100042e8 <low_priority_worker_irq+0x48>
100042ba:	f3ef 8110 	mrs	r1, PRIMASK
100042be:	b672      	cpsid	i
100042c0:	6810      	ldr	r0, [r2, #0]
100042c2:	2800      	cmp	r0, #0
100042c4:	d0fc      	beq.n	100042c0 <low_priority_worker_irq+0x20>
100042c6:	f3bf 8f5f 	dmb	sy
100042ca:	2401      	movs	r4, #1
100042cc:	4821      	ldr	r0, [pc, #132]	@ (10004354 <low_priority_worker_irq+0xb4>)
100042ce:	6059      	str	r1, [r3, #4]
100042d0:	7802      	ldrb	r2, [r0, #0]
100042d2:	681b      	ldr	r3, [r3, #0]
100042d4:	b2d2      	uxtb	r2, r2
100042d6:	7004      	strb	r4, [r0, #0]
100042d8:	f3bf 8f5f 	dmb	sy
100042dc:	2000      	movs	r0, #0
100042de:	6018      	str	r0, [r3, #0]
100042e0:	f381 8810 	msr	PRIMASK, r1
100042e4:	2a00      	cmp	r2, #0
100042e6:	d017      	beq.n	10004318 <low_priority_worker_irq+0x78>
100042e8:	b005      	add	sp, #20
100042ea:	bd30      	pop	{r4, r5, pc}
100042ec:	2001      	movs	r0, #1
100042ee:	2100      	movs	r1, #0
100042f0:	4240      	negs	r0, r0
100042f2:	f000 fc85 	bl	10004c00 <tud_task_ext>
100042f6:	2000      	movs	r0, #0
100042f8:	f001 fa6e 	bl	100057d8 <tud_cdc_n_available>
100042fc:	0005      	movs	r5, r0
100042fe:	0020      	movs	r0, r4
10004300:	f002 f862 	bl	100063c8 <__mutex_exit_veneer>
10004304:	2d00      	cmp	r5, #0
10004306:	d0ef      	beq.n	100042e8 <low_priority_worker_irq+0x48>
10004308:	4b13      	ldr	r3, [pc, #76]	@ (10004358 <low_priority_worker_irq+0xb8>)
1000430a:	681b      	ldr	r3, [r3, #0]
1000430c:	2b00      	cmp	r3, #0
1000430e:	d0eb      	beq.n	100042e8 <low_priority_worker_irq+0x48>
10004310:	4a12      	ldr	r2, [pc, #72]	@ (1000435c <low_priority_worker_irq+0xbc>)
10004312:	6810      	ldr	r0, [r2, #0]
10004314:	4798      	blx	r3
10004316:	e7e7      	b.n	100042e8 <low_priority_worker_irq+0x48>
10004318:	f7fc fdb2 	bl	10000e80 <alarm_pool_get_default>
1000431c:	0004      	movs	r4, r0
1000431e:	f7fc ffdd 	bl	100012dc <time_us_64>
10004322:	22fa      	movs	r2, #250	@ 0xfa
10004324:	2300      	movs	r3, #0
10004326:	0092      	lsls	r2, r2, #2
10004328:	1812      	adds	r2, r2, r0
1000432a:	414b      	adcs	r3, r1
1000432c:	2b00      	cmp	r3, #0
1000432e:	da02      	bge.n	10004336 <low_priority_worker_irq+0x96>
10004330:	2201      	movs	r2, #1
10004332:	4b0b      	ldr	r3, [pc, #44]	@ (10004360 <low_priority_worker_irq+0xc0>)
10004334:	4252      	negs	r2, r2
10004336:	2101      	movs	r1, #1
10004338:	9102      	str	r1, [sp, #8]
1000433a:	2100      	movs	r1, #0
1000433c:	9101      	str	r1, [sp, #4]
1000433e:	4909      	ldr	r1, [pc, #36]	@ (10004364 <low_priority_worker_irq+0xc4>)
10004340:	0020      	movs	r0, r4
10004342:	9100      	str	r1, [sp, #0]
10004344:	f7fc fda0 	bl	10000e88 <alarm_pool_add_alarm_at>
10004348:	e7ce      	b.n	100042e8 <low_priority_worker_irq+0x48>
1000434a:	46c0      	nop			@ (mov r8, r8)
1000434c:	20001c74 	.word	0x20001c74
10004350:	20001b4c 	.word	0x20001b4c
10004354:	20001c98 	.word	0x20001c98
10004358:	200016d4 	.word	0x200016d4
1000435c:	200016d8 	.word	0x200016d8
10004360:	7fffffff 	.word	0x7fffffff
10004364:	10004065 	.word	0x10004065

10004368 <stdio_usb_init>:
10004368:	23d0      	movs	r3, #208	@ 0xd0
1000436a:	b510      	push	{r4, lr}
1000436c:	061b      	lsls	r3, r3, #24
1000436e:	b084      	sub	sp, #16
10004370:	681c      	ldr	r4, [r3, #0]
10004372:	f7fc fd85 	bl	10000e80 <alarm_pool_get_default>
10004376:	f7fc fe81 	bl	1000107c <alarm_pool_core_num>
1000437a:	42a0      	cmp	r0, r4
1000437c:	d002      	beq.n	10004384 <stdio_usb_init+0x1c>
1000437e:	2000      	movs	r0, #0
10004380:	b004      	add	sp, #16
10004382:	bd10      	pop	{r4, pc}
10004384:	4b29      	ldr	r3, [pc, #164]	@ (1000442c <stdio_usb_init+0xc4>)
10004386:	2100      	movs	r1, #0
10004388:	2000      	movs	r0, #0
1000438a:	781b      	ldrb	r3, [r3, #0]
1000438c:	f001 fc92 	bl	10005cb4 <tusb_rhport_init>
10004390:	4827      	ldr	r0, [pc, #156]	@ (10004430 <stdio_usb_init+0xc8>)
10004392:	6803      	ldr	r3, [r0, #0]
10004394:	2b00      	cmp	r3, #0
10004396:	d045      	beq.n	10004424 <stdio_usb_init+0xbc>
10004398:	2001      	movs	r0, #1
1000439a:	f7fc faff 	bl	1000099c <user_irq_claim_unused>
1000439e:	23ff      	movs	r3, #255	@ 0xff
100043a0:	4c24      	ldr	r4, [pc, #144]	@ (10004434 <stdio_usb_init+0xcc>)
100043a2:	4925      	ldr	r1, [pc, #148]	@ (10004438 <stdio_usb_init+0xd0>)
100043a4:	7020      	strb	r0, [r4, #0]
100043a6:	4018      	ands	r0, r3
100043a8:	f7fc f97c 	bl	100006a4 <irq_set_exclusive_handler>
100043ac:	7820      	ldrb	r0, [r4, #0]
100043ae:	2101      	movs	r1, #1
100043b0:	f7fc f940 	bl	10000634 <irq_set_enabled>
100043b4:	2005      	movs	r0, #5
100043b6:	f7fc f963 	bl	10000680 <irq_has_shared_handler>
100043ba:	2800      	cmp	r0, #0
100043bc:	d124      	bne.n	10004408 <stdio_usb_init+0xa0>
100043be:	2208      	movs	r2, #8
100043c0:	2100      	movs	r1, #0
100043c2:	481e      	ldr	r0, [pc, #120]	@ (1000443c <stdio_usb_init+0xd4>)
100043c4:	f7fd ff80 	bl	100022c8 <__wrap_memset>
100043c8:	f7fc fd5a 	bl	10000e80 <alarm_pool_get_default>
100043cc:	0004      	movs	r4, r0
100043ce:	f7fc ff85 	bl	100012dc <time_us_64>
100043d2:	22fa      	movs	r2, #250	@ 0xfa
100043d4:	2300      	movs	r3, #0
100043d6:	0092      	lsls	r2, r2, #2
100043d8:	1812      	adds	r2, r2, r0
100043da:	414b      	adcs	r3, r1
100043dc:	2b00      	cmp	r3, #0
100043de:	da02      	bge.n	100043e6 <stdio_usb_init+0x7e>
100043e0:	2201      	movs	r2, #1
100043e2:	4b17      	ldr	r3, [pc, #92]	@ (10004440 <stdio_usb_init+0xd8>)
100043e4:	4252      	negs	r2, r2
100043e6:	2101      	movs	r1, #1
100043e8:	9102      	str	r1, [sp, #8]
100043ea:	2100      	movs	r1, #0
100043ec:	9101      	str	r1, [sp, #4]
100043ee:	4915      	ldr	r1, [pc, #84]	@ (10004444 <stdio_usb_init+0xdc>)
100043f0:	0020      	movs	r0, r4
100043f2:	9100      	str	r1, [sp, #0]
100043f4:	f7fc fd48 	bl	10000e88 <alarm_pool_add_alarm_at>
100043f8:	2800      	cmp	r0, #0
100043fa:	dbc0      	blt.n	1000437e <stdio_usb_init+0x16>
100043fc:	4812      	ldr	r0, [pc, #72]	@ (10004448 <stdio_usb_init+0xe0>)
100043fe:	2101      	movs	r1, #1
10004400:	f7ff fd28 	bl	10003e54 <stdio_set_driver_enabled>
10004404:	2001      	movs	r0, #1
10004406:	e7bb      	b.n	10004380 <stdio_usb_init+0x18>
10004408:	2001      	movs	r0, #1
1000440a:	f7fc f8e1 	bl	100005d0 <spin_lock_claim_unused>
1000440e:	4b0b      	ldr	r3, [pc, #44]	@ (1000443c <stdio_usb_init+0xd4>)
10004410:	0001      	movs	r1, r0
10004412:	0018      	movs	r0, r3
10004414:	f7fc fb24 	bl	10000a60 <critical_section_init_with_lock_num>
10004418:	2200      	movs	r2, #0
1000441a:	2005      	movs	r0, #5
1000441c:	490b      	ldr	r1, [pc, #44]	@ (1000444c <stdio_usb_init+0xe4>)
1000441e:	f7fc f96b 	bl	100006f8 <irq_add_shared_handler>
10004422:	e7eb      	b.n	100043fc <stdio_usb_init+0x94>
10004424:	f7fc fb00 	bl	10000a28 <mutex_init>
10004428:	e7b6      	b.n	10004398 <stdio_usb_init+0x30>
1000442a:	46c0      	nop			@ (mov r8, r8)
1000442c:	10006b38 	.word	0x10006b38
10004430:	20001c74 	.word	0x20001c74
10004434:	20001c97 	.word	0x20001c97
10004438:	100042a1 	.word	0x100042a1
1000443c:	20001b4c 	.word	0x20001b4c
10004440:	7fffffff 	.word	0x7fffffff
10004444:	10004065 	.word	0x10004065
10004448:	20001040 	.word	0x20001040
1000444c:	10004055 	.word	0x10004055

10004450 <tud_descriptor_device_cb>:
10004450:	4800      	ldr	r0, [pc, #0]	@ (10004454 <tud_descriptor_device_cb+0x4>)
10004452:	4770      	bx	lr
10004454:	10006954 	.word	0x10006954

10004458 <tud_descriptor_configuration_cb>:
10004458:	4800      	ldr	r0, [pc, #0]	@ (1000445c <tud_descriptor_configuration_cb+0x4>)
1000445a:	4770      	bx	lr
1000445c:	10006900 	.word	0x10006900

10004460 <tud_descriptor_string_cb>:
10004460:	b510      	push	{r4, lr}
10004462:	0004      	movs	r4, r0
10004464:	4817      	ldr	r0, [pc, #92]	@ (100044c4 <tud_descriptor_string_cb+0x64>)
10004466:	7803      	ldrb	r3, [r0, #0]
10004468:	2b00      	cmp	r3, #0
1000446a:	d020      	beq.n	100044ae <tud_descriptor_string_cb+0x4e>
1000446c:	2c00      	cmp	r4, #0
1000446e:	d106      	bne.n	1000447e <tud_descriptor_string_cb+0x1e>
10004470:	4b15      	ldr	r3, [pc, #84]	@ (100044c8 <tud_descriptor_string_cb+0x68>)
10004472:	4816      	ldr	r0, [pc, #88]	@ (100044cc <tud_descriptor_string_cb+0x6c>)
10004474:	8043      	strh	r3, [r0, #2]
10004476:	3b06      	subs	r3, #6
10004478:	3bff      	subs	r3, #255	@ 0xff
1000447a:	8003      	strh	r3, [r0, #0]
1000447c:	bd10      	pop	{r4, pc}
1000447e:	2c05      	cmp	r4, #5
10004480:	d81d      	bhi.n	100044be <tud_descriptor_string_cb+0x5e>
10004482:	4b13      	ldr	r3, [pc, #76]	@ (100044d0 <tud_descriptor_string_cb+0x70>)
10004484:	00a4      	lsls	r4, r4, #2
10004486:	58e0      	ldr	r0, [r4, r3]
10004488:	4912      	ldr	r1, [pc, #72]	@ (100044d4 <tud_descriptor_string_cb+0x74>)
1000448a:	2301      	movs	r3, #1
1000448c:	3801      	subs	r0, #1
1000448e:	e004      	b.n	1000449a <tud_descriptor_string_cb+0x3a>
10004490:	3301      	adds	r3, #1
10004492:	800a      	strh	r2, [r1, #0]
10004494:	3102      	adds	r1, #2
10004496:	2b14      	cmp	r3, #20
10004498:	d00d      	beq.n	100044b6 <tud_descriptor_string_cb+0x56>
1000449a:	5cc2      	ldrb	r2, [r0, r3]
1000449c:	2a00      	cmp	r2, #0
1000449e:	d1f7      	bne.n	10004490 <tud_descriptor_string_cb+0x30>
100044a0:	22c0      	movs	r2, #192	@ 0xc0
100044a2:	b2db      	uxtb	r3, r3
100044a4:	005b      	lsls	r3, r3, #1
100044a6:	0092      	lsls	r2, r2, #2
100044a8:	4808      	ldr	r0, [pc, #32]	@ (100044cc <tud_descriptor_string_cb+0x6c>)
100044aa:	4313      	orrs	r3, r2
100044ac:	e7e5      	b.n	1000447a <tud_descriptor_string_cb+0x1a>
100044ae:	2111      	movs	r1, #17
100044b0:	f000 f81a 	bl	100044e8 <pico_get_unique_board_id_string>
100044b4:	e7da      	b.n	1000446c <tud_descriptor_string_cb+0xc>
100044b6:	23ca      	movs	r3, #202	@ 0xca
100044b8:	4804      	ldr	r0, [pc, #16]	@ (100044cc <tud_descriptor_string_cb+0x6c>)
100044ba:	009b      	lsls	r3, r3, #2
100044bc:	e7dd      	b.n	1000447a <tud_descriptor_string_cb+0x1a>
100044be:	2000      	movs	r0, #0
100044c0:	e7dc      	b.n	1000447c <tud_descriptor_string_cb+0x1c>
100044c2:	46c0      	nop			@ (mov r8, r8)
100044c4:	20001c80 	.word	0x20001c80
100044c8:	00000409 	.word	0x00000409
100044cc:	2000170c 	.word	0x2000170c
100044d0:	100068e8 	.word	0x100068e8
100044d4:	2000170e 	.word	0x2000170e

100044d8 <_retrieve_unique_id_on_boot>:
100044d8:	b510      	push	{r4, lr}
100044da:	4802      	ldr	r0, [pc, #8]	@ (100044e4 <_retrieve_unique_id_on_boot+0xc>)
100044dc:	f000 f8d8 	bl	10004690 <flash_get_unique_id>
100044e0:	bd10      	pop	{r4, pc}
100044e2:	46c0      	nop			@ (mov r8, r8)
100044e4:	20001b64 	.word	0x20001b64

100044e8 <pico_get_unique_board_id_string>:
100044e8:	b530      	push	{r4, r5, lr}
100044ea:	1e4b      	subs	r3, r1, #1
100044ec:	2901      	cmp	r1, #1
100044ee:	d100      	bne.n	100044f2 <pico_get_unique_board_id_string+0xa>
100044f0:	e0a7      	b.n	10004642 <pico_get_unique_board_id_string+0x15a>
100044f2:	4a66      	ldr	r2, [pc, #408]	@ (1000468c <pico_get_unique_board_id_string+0x1a4>)
100044f4:	7811      	ldrb	r1, [r2, #0]
100044f6:	090d      	lsrs	r5, r1, #4
100044f8:	002c      	movs	r4, r5
100044fa:	3430      	adds	r4, #48	@ 0x30
100044fc:	299f      	cmp	r1, #159	@ 0x9f
100044fe:	d900      	bls.n	10004502 <pico_get_unique_board_id_string+0x1a>
10004500:	e0a2      	b.n	10004648 <pico_get_unique_board_id_string+0x160>
10004502:	7004      	strb	r4, [r0, #0]
10004504:	2b01      	cmp	r3, #1
10004506:	d100      	bne.n	1000450a <pico_get_unique_board_id_string+0x22>
10004508:	e0be      	b.n	10004688 <pico_get_unique_board_id_string+0x1a0>
1000450a:	210f      	movs	r1, #15
1000450c:	7814      	ldrb	r4, [r2, #0]
1000450e:	4021      	ands	r1, r4
10004510:	000c      	movs	r4, r1
10004512:	3430      	adds	r4, #48	@ 0x30
10004514:	2909      	cmp	r1, #9
10004516:	d900      	bls.n	1000451a <pico_get_unique_board_id_string+0x32>
10004518:	e098      	b.n	1000464c <pico_get_unique_board_id_string+0x164>
1000451a:	7044      	strb	r4, [r0, #1]
1000451c:	2b02      	cmp	r3, #2
1000451e:	d100      	bne.n	10004522 <pico_get_unique_board_id_string+0x3a>
10004520:	e0b2      	b.n	10004688 <pico_get_unique_board_id_string+0x1a0>
10004522:	7854      	ldrb	r4, [r2, #1]
10004524:	0925      	lsrs	r5, r4, #4
10004526:	0029      	movs	r1, r5
10004528:	3130      	adds	r1, #48	@ 0x30
1000452a:	2c9f      	cmp	r4, #159	@ 0x9f
1000452c:	d900      	bls.n	10004530 <pico_get_unique_board_id_string+0x48>
1000452e:	e090      	b.n	10004652 <pico_get_unique_board_id_string+0x16a>
10004530:	7081      	strb	r1, [r0, #2]
10004532:	2b03      	cmp	r3, #3
10004534:	d100      	bne.n	10004538 <pico_get_unique_board_id_string+0x50>
10004536:	e0a7      	b.n	10004688 <pico_get_unique_board_id_string+0x1a0>
10004538:	210f      	movs	r1, #15
1000453a:	4021      	ands	r1, r4
1000453c:	000c      	movs	r4, r1
1000453e:	3430      	adds	r4, #48	@ 0x30
10004540:	2909      	cmp	r1, #9
10004542:	d900      	bls.n	10004546 <pico_get_unique_board_id_string+0x5e>
10004544:	e087      	b.n	10004656 <pico_get_unique_board_id_string+0x16e>
10004546:	70c4      	strb	r4, [r0, #3]
10004548:	2b04      	cmp	r3, #4
1000454a:	d100      	bne.n	1000454e <pico_get_unique_board_id_string+0x66>
1000454c:	e09c      	b.n	10004688 <pico_get_unique_board_id_string+0x1a0>
1000454e:	7894      	ldrb	r4, [r2, #2]
10004550:	0925      	lsrs	r5, r4, #4
10004552:	0029      	movs	r1, r5
10004554:	3130      	adds	r1, #48	@ 0x30
10004556:	2c9f      	cmp	r4, #159	@ 0x9f
10004558:	d900      	bls.n	1000455c <pico_get_unique_board_id_string+0x74>
1000455a:	e07f      	b.n	1000465c <pico_get_unique_board_id_string+0x174>
1000455c:	7101      	strb	r1, [r0, #4]
1000455e:	2b05      	cmp	r3, #5
10004560:	d100      	bne.n	10004564 <pico_get_unique_board_id_string+0x7c>
10004562:	e091      	b.n	10004688 <pico_get_unique_board_id_string+0x1a0>
10004564:	210f      	movs	r1, #15
10004566:	4021      	ands	r1, r4
10004568:	000c      	movs	r4, r1
1000456a:	3430      	adds	r4, #48	@ 0x30
1000456c:	2909      	cmp	r1, #9
1000456e:	d900      	bls.n	10004572 <pico_get_unique_board_id_string+0x8a>
10004570:	e076      	b.n	10004660 <pico_get_unique_board_id_string+0x178>
10004572:	7144      	strb	r4, [r0, #5]
10004574:	2b06      	cmp	r3, #6
10004576:	d100      	bne.n	1000457a <pico_get_unique_board_id_string+0x92>
10004578:	e086      	b.n	10004688 <pico_get_unique_board_id_string+0x1a0>
1000457a:	78d4      	ldrb	r4, [r2, #3]
1000457c:	0925      	lsrs	r5, r4, #4
1000457e:	0029      	movs	r1, r5
10004580:	3130      	adds	r1, #48	@ 0x30
10004582:	2c9f      	cmp	r4, #159	@ 0x9f
10004584:	d900      	bls.n	10004588 <pico_get_unique_board_id_string+0xa0>
10004586:	e06e      	b.n	10004666 <pico_get_unique_board_id_string+0x17e>
10004588:	7181      	strb	r1, [r0, #6]
1000458a:	2b07      	cmp	r3, #7
1000458c:	d100      	bne.n	10004590 <pico_get_unique_board_id_string+0xa8>
1000458e:	e07b      	b.n	10004688 <pico_get_unique_board_id_string+0x1a0>
10004590:	210f      	movs	r1, #15
10004592:	4021      	ands	r1, r4
10004594:	000c      	movs	r4, r1
10004596:	3430      	adds	r4, #48	@ 0x30
10004598:	2909      	cmp	r1, #9
1000459a:	d866      	bhi.n	1000466a <pico_get_unique_board_id_string+0x182>
1000459c:	71c4      	strb	r4, [r0, #7]
1000459e:	2b08      	cmp	r3, #8
100045a0:	d100      	bne.n	100045a4 <pico_get_unique_board_id_string+0xbc>
100045a2:	e071      	b.n	10004688 <pico_get_unique_board_id_string+0x1a0>
100045a4:	7914      	ldrb	r4, [r2, #4]
100045a6:	0925      	lsrs	r5, r4, #4
100045a8:	0029      	movs	r1, r5
100045aa:	3130      	adds	r1, #48	@ 0x30
100045ac:	2c9f      	cmp	r4, #159	@ 0x9f
100045ae:	d85f      	bhi.n	10004670 <pico_get_unique_board_id_string+0x188>
100045b0:	7201      	strb	r1, [r0, #8]
100045b2:	2b09      	cmp	r3, #9
100045b4:	d068      	beq.n	10004688 <pico_get_unique_board_id_string+0x1a0>
100045b6:	210f      	movs	r1, #15
100045b8:	4021      	ands	r1, r4
100045ba:	000c      	movs	r4, r1
100045bc:	3430      	adds	r4, #48	@ 0x30
100045be:	2909      	cmp	r1, #9
100045c0:	d858      	bhi.n	10004674 <pico_get_unique_board_id_string+0x18c>
100045c2:	7244      	strb	r4, [r0, #9]
100045c4:	2b0a      	cmp	r3, #10
100045c6:	d05f      	beq.n	10004688 <pico_get_unique_board_id_string+0x1a0>
100045c8:	7954      	ldrb	r4, [r2, #5]
100045ca:	0925      	lsrs	r5, r4, #4
100045cc:	0029      	movs	r1, r5
100045ce:	3130      	adds	r1, #48	@ 0x30
100045d0:	2c9f      	cmp	r4, #159	@ 0x9f
100045d2:	d852      	bhi.n	1000467a <pico_get_unique_board_id_string+0x192>
100045d4:	7281      	strb	r1, [r0, #10]
100045d6:	2b0b      	cmp	r3, #11
100045d8:	d056      	beq.n	10004688 <pico_get_unique_board_id_string+0x1a0>
100045da:	210f      	movs	r1, #15
100045dc:	4021      	ands	r1, r4
100045de:	000c      	movs	r4, r1
100045e0:	3430      	adds	r4, #48	@ 0x30
100045e2:	2909      	cmp	r1, #9
100045e4:	d84b      	bhi.n	1000467e <pico_get_unique_board_id_string+0x196>
100045e6:	72c4      	strb	r4, [r0, #11]
100045e8:	2b0c      	cmp	r3, #12
100045ea:	d04d      	beq.n	10004688 <pico_get_unique_board_id_string+0x1a0>
100045ec:	7994      	ldrb	r4, [r2, #6]
100045ee:	0925      	lsrs	r5, r4, #4
100045f0:	0029      	movs	r1, r5
100045f2:	3130      	adds	r1, #48	@ 0x30
100045f4:	2c9f      	cmp	r4, #159	@ 0x9f
100045f6:	d900      	bls.n	100045fa <pico_get_unique_board_id_string+0x112>
100045f8:	3107      	adds	r1, #7
100045fa:	7301      	strb	r1, [r0, #12]
100045fc:	2b0d      	cmp	r3, #13
100045fe:	d043      	beq.n	10004688 <pico_get_unique_board_id_string+0x1a0>
10004600:	210f      	movs	r1, #15
10004602:	4021      	ands	r1, r4
10004604:	000c      	movs	r4, r1
10004606:	3430      	adds	r4, #48	@ 0x30
10004608:	2909      	cmp	r1, #9
1000460a:	d901      	bls.n	10004610 <pico_get_unique_board_id_string+0x128>
1000460c:	3137      	adds	r1, #55	@ 0x37
1000460e:	000c      	movs	r4, r1
10004610:	7344      	strb	r4, [r0, #13]
10004612:	2b0e      	cmp	r3, #14
10004614:	d038      	beq.n	10004688 <pico_get_unique_board_id_string+0x1a0>
10004616:	79d1      	ldrb	r1, [r2, #7]
10004618:	090c      	lsrs	r4, r1, #4
1000461a:	0022      	movs	r2, r4
1000461c:	3230      	adds	r2, #48	@ 0x30
1000461e:	299f      	cmp	r1, #159	@ 0x9f
10004620:	d900      	bls.n	10004624 <pico_get_unique_board_id_string+0x13c>
10004622:	3207      	adds	r2, #7
10004624:	7382      	strb	r2, [r0, #14]
10004626:	2b0f      	cmp	r3, #15
10004628:	d02e      	beq.n	10004688 <pico_get_unique_board_id_string+0x1a0>
1000462a:	220f      	movs	r2, #15
1000462c:	400a      	ands	r2, r1
1000462e:	0011      	movs	r1, r2
10004630:	3137      	adds	r1, #55	@ 0x37
10004632:	2a09      	cmp	r2, #9
10004634:	d801      	bhi.n	1000463a <pico_get_unique_board_id_string+0x152>
10004636:	3230      	adds	r2, #48	@ 0x30
10004638:	0011      	movs	r1, r2
1000463a:	73c1      	strb	r1, [r0, #15]
1000463c:	2b10      	cmp	r3, #16
1000463e:	d023      	beq.n	10004688 <pico_get_unique_board_id_string+0x1a0>
10004640:	3010      	adds	r0, #16
10004642:	2300      	movs	r3, #0
10004644:	7003      	strb	r3, [r0, #0]
10004646:	bd30      	pop	{r4, r5, pc}
10004648:	3407      	adds	r4, #7
1000464a:	e75a      	b.n	10004502 <pico_get_unique_board_id_string+0x1a>
1000464c:	3137      	adds	r1, #55	@ 0x37
1000464e:	000c      	movs	r4, r1
10004650:	e763      	b.n	1000451a <pico_get_unique_board_id_string+0x32>
10004652:	3107      	adds	r1, #7
10004654:	e76c      	b.n	10004530 <pico_get_unique_board_id_string+0x48>
10004656:	3137      	adds	r1, #55	@ 0x37
10004658:	000c      	movs	r4, r1
1000465a:	e774      	b.n	10004546 <pico_get_unique_board_id_string+0x5e>
1000465c:	3107      	adds	r1, #7
1000465e:	e77d      	b.n	1000455c <pico_get_unique_board_id_string+0x74>
10004660:	3137      	adds	r1, #55	@ 0x37
10004662:	000c      	movs	r4, r1
10004664:	e785      	b.n	10004572 <pico_get_unique_board_id_string+0x8a>
10004666:	3107      	adds	r1, #7
10004668:	e78e      	b.n	10004588 <pico_get_unique_board_id_string+0xa0>
1000466a:	3137      	adds	r1, #55	@ 0x37
1000466c:	000c      	movs	r4, r1
1000466e:	e795      	b.n	1000459c <pico_get_unique_board_id_string+0xb4>
10004670:	3107      	adds	r1, #7
10004672:	e79d      	b.n	100045b0 <pico_get_unique_board_id_string+0xc8>
10004674:	3137      	adds	r1, #55	@ 0x37
10004676:	000c      	movs	r4, r1
10004678:	e7a3      	b.n	100045c2 <pico_get_unique_board_id_string+0xda>
1000467a:	3107      	adds	r1, #7
1000467c:	e7aa      	b.n	100045d4 <pico_get_unique_board_id_string+0xec>
1000467e:	3137      	adds	r1, #55	@ 0x37
10004680:	000c      	movs	r4, r1
10004682:	72c4      	strb	r4, [r0, #11]
10004684:	2b0c      	cmp	r3, #12
10004686:	d1b1      	bne.n	100045ec <pico_get_unique_board_id_string+0x104>
10004688:	18c0      	adds	r0, r0, r3
1000468a:	e7da      	b.n	10004642 <pico_get_unique_board_id_string+0x15a>
1000468c:	20001b64 	.word	0x20001b64

10004690 <flash_get_unique_id>:
10004690:	b510      	push	{r4, lr}
10004692:	b088      	sub	sp, #32
10004694:	0004      	movs	r4, r0
10004696:	220d      	movs	r2, #13
10004698:	2100      	movs	r1, #0
1000469a:	4668      	mov	r0, sp
1000469c:	f7fd fe14 	bl	100022c8 <__wrap_memset>
100046a0:	220d      	movs	r2, #13
100046a2:	2100      	movs	r1, #0
100046a4:	a804      	add	r0, sp, #16
100046a6:	f7fd fe0f 	bl	100022c8 <__wrap_memset>
100046aa:	466a      	mov	r2, sp
100046ac:	234b      	movs	r3, #75	@ 0x4b
100046ae:	4668      	mov	r0, sp
100046b0:	7013      	strb	r3, [r2, #0]
100046b2:	a904      	add	r1, sp, #16
100046b4:	2300      	movs	r3, #0
100046b6:	220d      	movs	r2, #13
100046b8:	f001 fed6 	bl	10006468 <__flash_do_cmd_cs_veneer>
100046bc:	2115      	movs	r1, #21
100046be:	2208      	movs	r2, #8
100046c0:	0020      	movs	r0, r4
100046c2:	4469      	add	r1, sp
100046c4:	f7fd fe06 	bl	100022d4 <__wrap___aeabi_memcpy>
100046c8:	b008      	add	sp, #32
100046ca:	bd10      	pop	{r4, pc}

100046cc <usb_reset_interface_init>:
100046cc:	4770      	bx	lr
100046ce:	46c0      	nop			@ (mov r8, r8)

100046d0 <usb_reset_interface_reset>:
100046d0:	2200      	movs	r2, #0
100046d2:	4b01      	ldr	r3, [pc, #4]	@ (100046d8 <usb_reset_interface_reset+0x8>)
100046d4:	701a      	strb	r2, [r3, #0]
100046d6:	4770      	bx	lr
100046d8:	20001c96 	.word	0x20001c96

100046dc <usb_reset_interface_open>:
100046dc:	794b      	ldrb	r3, [r1, #5]
100046de:	2000      	movs	r0, #0
100046e0:	2bff      	cmp	r3, #255	@ 0xff
100046e2:	d10b      	bne.n	100046fc <usb_reset_interface_open+0x20>
100046e4:	798b      	ldrb	r3, [r1, #6]
100046e6:	2b00      	cmp	r3, #0
100046e8:	d108      	bne.n	100046fc <usb_reset_interface_open+0x20>
100046ea:	79cb      	ldrb	r3, [r1, #7]
100046ec:	2b01      	cmp	r3, #1
100046ee:	d105      	bne.n	100046fc <usb_reset_interface_open+0x20>
100046f0:	2a08      	cmp	r2, #8
100046f2:	d903      	bls.n	100046fc <usb_reset_interface_open+0x20>
100046f4:	4b02      	ldr	r3, [pc, #8]	@ (10004700 <usb_reset_interface_open+0x24>)
100046f6:	788a      	ldrb	r2, [r1, #2]
100046f8:	3009      	adds	r0, #9
100046fa:	701a      	strb	r2, [r3, #0]
100046fc:	4770      	bx	lr
100046fe:	46c0      	nop			@ (mov r8, r8)
10004700:	20001c96 	.word	0x20001c96

10004704 <usb_reset_interface_xfer_cb>:
10004704:	2001      	movs	r0, #1
10004706:	4770      	bx	lr

10004708 <usb_reset_interface_control_xfer_cb>:
10004708:	b510      	push	{r4, lr}
1000470a:	2901      	cmp	r1, #1
1000470c:	d113      	bne.n	10004736 <usb_reset_interface_control_xfer_cb+0x2e>
1000470e:	4915      	ldr	r1, [pc, #84]	@ (10004764 <usb_reset_interface_control_xfer_cb+0x5c>)
10004710:	7953      	ldrb	r3, [r2, #5]
10004712:	7910      	ldrb	r0, [r2, #4]
10004714:	7809      	ldrb	r1, [r1, #0]
10004716:	021b      	lsls	r3, r3, #8
10004718:	4303      	orrs	r3, r0
1000471a:	2000      	movs	r0, #0
1000471c:	4299      	cmp	r1, r3
1000471e:	d000      	beq.n	10004722 <usb_reset_interface_control_xfer_cb+0x1a>
10004720:	bd10      	pop	{r4, pc}
10004722:	7853      	ldrb	r3, [r2, #1]
10004724:	2b01      	cmp	r3, #1
10004726:	d008      	beq.n	1000473a <usb_reset_interface_control_xfer_cb+0x32>
10004728:	2b02      	cmp	r3, #2
1000472a:	d1f9      	bne.n	10004720 <usb_reset_interface_control_xfer_cb+0x18>
1000472c:	2264      	movs	r2, #100	@ 0x64
1000472e:	2100      	movs	r1, #0
10004730:	2000      	movs	r0, #0
10004732:	f7fc fff7 	bl	10001724 <watchdog_reboot>
10004736:	2001      	movs	r0, #1
10004738:	e7f2      	b.n	10004720 <usb_reset_interface_control_xfer_cb+0x18>
1000473a:	78d1      	ldrb	r1, [r2, #3]
1000473c:	7893      	ldrb	r3, [r2, #2]
1000473e:	0209      	lsls	r1, r1, #8
10004740:	4319      	orrs	r1, r3
10004742:	2380      	movs	r3, #128	@ 0x80
10004744:	000a      	movs	r2, r1
10004746:	005b      	lsls	r3, r3, #1
10004748:	401a      	ands	r2, r3
1000474a:	4219      	tst	r1, r3
1000474c:	d006      	beq.n	1000475c <usb_reset_interface_control_xfer_cb+0x54>
1000474e:	060a      	lsls	r2, r1, #24
10004750:	0fd2      	lsrs	r2, r2, #31
10004752:	0a48      	lsrs	r0, r1, #9
10004754:	2303      	movs	r3, #3
10004756:	4019      	ands	r1, r3
10004758:	f7fd f86c 	bl	10001834 <rom_reset_usb_boot_extra>
1000475c:	2001      	movs	r0, #1
1000475e:	4240      	negs	r0, r0
10004760:	e7f8      	b.n	10004754 <usb_reset_interface_control_xfer_cb+0x4c>
10004762:	46c0      	nop			@ (mov r8, r8)
10004764:	20001c96 	.word	0x20001c96

10004768 <tud_descriptor_bos_cb>:
10004768:	4800      	ldr	r0, [pc, #0]	@ (1000476c <tud_descriptor_bos_cb+0x4>)
1000476a:	4770      	bx	lr
1000476c:	10006a10 	.word	0x10006a10

10004770 <tud_vendor_control_xfer_cb>:
10004770:	b570      	push	{r4, r5, r6, lr}
10004772:	0005      	movs	r5, r0
10004774:	0014      	movs	r4, r2
10004776:	2001      	movs	r0, #1
10004778:	2901      	cmp	r1, #1
1000477a:	d109      	bne.n	10004790 <tud_vendor_control_xfer_cb+0x20>
1000477c:	7853      	ldrb	r3, [r2, #1]
1000477e:	2000      	movs	r0, #0
10004780:	2b01      	cmp	r3, #1
10004782:	d105      	bne.n	10004790 <tud_vendor_control_xfer_cb+0x20>
10004784:	7963      	ldrb	r3, [r4, #5]
10004786:	7912      	ldrb	r2, [r2, #4]
10004788:	021b      	lsls	r3, r3, #8
1000478a:	4313      	orrs	r3, r2
1000478c:	2b07      	cmp	r3, #7
1000478e:	d000      	beq.n	10004792 <tud_vendor_control_xfer_cb+0x22>
10004790:	bd70      	pop	{r4, r5, r6, pc}
10004792:	0021      	movs	r1, r4
10004794:	0028      	movs	r0, r5
10004796:	4a02      	ldr	r2, [pc, #8]	@ (100047a0 <tud_vendor_control_xfer_cb+0x30>)
10004798:	339f      	adds	r3, #159	@ 0x9f
1000479a:	f000 fee9 	bl	10005570 <tud_control_xfer>
1000479e:	e7f7      	b.n	10004790 <tud_vendor_control_xfer_cb+0x20>
100047a0:	10006968 	.word	0x10006968

100047a4 <usbd_app_driver_get_cb>:
100047a4:	2301      	movs	r3, #1
100047a6:	7003      	strb	r3, [r0, #0]
100047a8:	4800      	ldr	r0, [pc, #0]	@ (100047ac <usbd_app_driver_get_cb+0x8>)
100047aa:	4770      	bx	lr
100047ac:	10006a34 	.word	0x10006a34

100047b0 <tud_cdc_line_coding_cb>:
100047b0:	784b      	ldrb	r3, [r1, #1]
100047b2:	780a      	ldrb	r2, [r1, #0]
100047b4:	021b      	lsls	r3, r3, #8
100047b6:	4313      	orrs	r3, r2
100047b8:	788a      	ldrb	r2, [r1, #2]
100047ba:	b510      	push	{r4, lr}
100047bc:	0412      	lsls	r2, r2, #16
100047be:	431a      	orrs	r2, r3
100047c0:	78cb      	ldrb	r3, [r1, #3]
100047c2:	061b      	lsls	r3, r3, #24
100047c4:	4313      	orrs	r3, r2
100047c6:	2296      	movs	r2, #150	@ 0x96
100047c8:	00d2      	lsls	r2, r2, #3
100047ca:	4293      	cmp	r3, r2
100047cc:	d000      	beq.n	100047d0 <tud_cdc_line_coding_cb+0x20>
100047ce:	bd10      	pop	{r4, pc}
100047d0:	2200      	movs	r2, #0
100047d2:	2001      	movs	r0, #1
100047d4:	0011      	movs	r1, r2
100047d6:	4240      	negs	r0, r0
100047d8:	f7fd f82c 	bl	10001834 <rom_reset_usb_boot_extra>

100047dc <dcd_init>:
100047dc:	b5f8      	push	{r3, r4, r5, r6, r7, lr}
100047de:	f000 f939 	bl	10004a54 <rp2040_usb_init>
100047e2:	230c      	movs	r3, #12
100047e4:	4d19      	ldr	r5, [pc, #100]	@ (1000484c <dcd_init+0x70>)
100047e6:	22ff      	movs	r2, #255	@ 0xff
100047e8:	67ab      	str	r3, [r5, #120]	@ 0x78
100047ea:	2005      	movs	r0, #5
100047ec:	4918      	ldr	r1, [pc, #96]	@ (10004850 <dcd_init+0x74>)
100047ee:	f7fb ff83 	bl	100006f8 <irq_add_shared_handler>
100047f2:	4c18      	ldr	r4, [pc, #96]	@ (10004854 <dcd_init+0x78>)
100047f4:	2240      	movs	r2, #64	@ 0x40
100047f6:	2100      	movs	r1, #0
100047f8:	0020      	movs	r0, r4
100047fa:	f7fd fd65 	bl	100022c8 <__wrap_memset>
100047fe:	2740      	movs	r7, #64	@ 0x40
10004800:	2300      	movs	r3, #0
10004802:	2601      	movs	r6, #1
10004804:	2121      	movs	r1, #33	@ 0x21
10004806:	4a14      	ldr	r2, [pc, #80]	@ (10004858 <dcd_init+0x7c>)
10004808:	7066      	strb	r6, [r4, #1]
1000480a:	8327      	strh	r7, [r4, #24]
1000480c:	60a2      	str	r2, [r4, #8]
1000480e:	6013      	str	r3, [r2, #0]
10004810:	5463      	strb	r3, [r4, r1]
10004812:	315f      	adds	r1, #95	@ 0x5f
10004814:	8461      	strh	r1, [r4, #34]	@ 0x22
10004816:	3945      	subs	r1, #69	@ 0x45
10004818:	5463      	strb	r3, [r4, r1]
1000481a:	4a10      	ldr	r2, [pc, #64]	@ (1000485c <dcd_init+0x80>)
1000481c:	4910      	ldr	r1, [pc, #64]	@ (10004860 <dcd_init+0x84>)
1000481e:	6063      	str	r3, [r4, #4]
10004820:	60e2      	str	r2, [r4, #12]
10004822:	8727      	strh	r7, [r4, #56]	@ 0x38
10004824:	62a1      	str	r1, [r4, #40]	@ 0x28
10004826:	600b      	str	r3, [r1, #0]
10004828:	6263      	str	r3, [r4, #36]	@ 0x24
1000482a:	62e2      	str	r2, [r4, #44]	@ 0x2c
1000482c:	f001 fddc 	bl	100063e8 <__reset_non_control_endpoints_veneer>
10004830:	2380      	movs	r3, #128	@ 0x80
10004832:	059b      	lsls	r3, r3, #22
10004834:	642e      	str	r6, [r5, #64]	@ 0x40
10004836:	64eb      	str	r3, [r5, #76]	@ 0x4c
10004838:	2390      	movs	r3, #144	@ 0x90
1000483a:	4a0a      	ldr	r2, [pc, #40]	@ (10004864 <dcd_init+0x88>)
1000483c:	2001      	movs	r0, #1
1000483e:	50ea      	str	r2, [r5, r3]
10004840:	2280      	movs	r2, #128	@ 0x80
10004842:	4b09      	ldr	r3, [pc, #36]	@ (10004868 <dcd_init+0x8c>)
10004844:	0252      	lsls	r2, r2, #9
10004846:	64da      	str	r2, [r3, #76]	@ 0x4c
10004848:	bdf8      	pop	{r3, r4, r5, r6, r7, pc}
1000484a:	46c0      	nop			@ (mov r8, r8)
1000484c:	50110000 	.word	0x50110000
10004850:	200004fd 	.word	0x200004fd
10004854:	20001740 	.word	0x20001740
10004858:	50100084 	.word	0x50100084
1000485c:	50100100 	.word	0x50100100
10004860:	50100080 	.word	0x50100080
10004864:	0001d010 	.word	0x0001d010
10004868:	50112000 	.word	0x50112000

1000486c <dcd_int_enable>:
1000486c:	b510      	push	{r4, lr}
1000486e:	2101      	movs	r1, #1
10004870:	2005      	movs	r0, #5
10004872:	f7fb fedf 	bl	10000634 <irq_set_enabled>
10004876:	bd10      	pop	{r4, pc}

10004878 <dcd_set_address>:
10004878:	b510      	push	{r4, lr}
1000487a:	2200      	movs	r2, #0
1000487c:	2100      	movs	r1, #0
1000487e:	4802      	ldr	r0, [pc, #8]	@ (10004888 <dcd_set_address+0x10>)
10004880:	f000 f908 	bl	10004a94 <hw_endpoint_xfer_start>
10004884:	bd10      	pop	{r4, pc}
10004886:	46c0      	nop			@ (mov r8, r8)
10004888:	20001760 	.word	0x20001760

1000488c <dcd_sof_enable>:
1000488c:	4b04      	ldr	r3, [pc, #16]	@ (100048a0 <dcd_sof_enable+0x14>)
1000488e:	7019      	strb	r1, [r3, #0]
10004890:	2900      	cmp	r1, #0
10004892:	d004      	beq.n	1000489e <dcd_sof_enable+0x12>
10004894:	2180      	movs	r1, #128	@ 0x80
10004896:	2390      	movs	r3, #144	@ 0x90
10004898:	4a02      	ldr	r2, [pc, #8]	@ (100048a4 <dcd_sof_enable+0x18>)
1000489a:	0289      	lsls	r1, r1, #10
1000489c:	50d1      	str	r1, [r2, r3]
1000489e:	4770      	bx	lr
100048a0:	20001c92 	.word	0x20001c92
100048a4:	50112000 	.word	0x50112000

100048a8 <dcd_edpt0_status_complete>:
100048a8:	780b      	ldrb	r3, [r1, #0]
100048aa:	065b      	lsls	r3, r3, #25
100048ac:	d102      	bne.n	100048b4 <dcd_edpt0_status_complete+0xc>
100048ae:	784b      	ldrb	r3, [r1, #1]
100048b0:	2b05      	cmp	r3, #5
100048b2:	d000      	beq.n	100048b6 <dcd_edpt0_status_complete+0xe>
100048b4:	4770      	bx	lr
100048b6:	788a      	ldrb	r2, [r1, #2]
100048b8:	4b01      	ldr	r3, [pc, #4]	@ (100048c0 <dcd_edpt0_status_complete+0x18>)
100048ba:	601a      	str	r2, [r3, #0]
100048bc:	e7fa      	b.n	100048b4 <dcd_edpt0_status_complete+0xc>
100048be:	46c0      	nop			@ (mov r8, r8)
100048c0:	50110000 	.word	0x50110000

100048c4 <dcd_edpt_open>:
100048c4:	b5f0      	push	{r4, r5, r6, r7, lr}
100048c6:	46c6      	mov	lr, r8
100048c8:	78cb      	ldrb	r3, [r1, #3]
100048ca:	b500      	push	{lr}
100048cc:	079b      	lsls	r3, r3, #30
100048ce:	0f9c      	lsrs	r4, r3, #30
100048d0:	0020      	movs	r0, r4
100048d2:	2c01      	cmp	r4, #1
100048d4:	d056      	beq.n	10004984 <dcd_edpt_open+0xc0>
100048d6:	788d      	ldrb	r5, [r1, #2]
100048d8:	790a      	ldrb	r2, [r1, #4]
100048da:	794b      	ldrb	r3, [r1, #5]
100048dc:	217f      	movs	r1, #127	@ 0x7f
100048de:	021b      	lsls	r3, r3, #8
100048e0:	4029      	ands	r1, r5
100048e2:	09ee      	lsrs	r6, r5, #7
100048e4:	4313      	orrs	r3, r2
100048e6:	004a      	lsls	r2, r1, #1
100048e8:	4694      	mov	ip, r2
100048ea:	4f2c      	ldr	r7, [pc, #176]	@ (1000499c <dcd_edpt_open+0xd8>)
100048ec:	1992      	adds	r2, r2, r6
100048ee:	0152      	lsls	r2, r2, #5
100048f0:	18ba      	adds	r2, r7, r2
100048f2:	7095      	strb	r5, [r2, #2]
100048f4:	2501      	movs	r5, #1
100048f6:	4075      	eors	r5, r6
100048f8:	7055      	strb	r5, [r2, #1]
100048fa:	2500      	movs	r5, #0
100048fc:	055b      	lsls	r3, r3, #21
100048fe:	0d5b      	lsrs	r3, r3, #21
10004900:	70d5      	strb	r5, [r2, #3]
10004902:	8313      	strh	r3, [r2, #24]
10004904:	76d4      	strb	r4, [r2, #27]
10004906:	00ca      	lsls	r2, r1, #3
10004908:	2e01      	cmp	r6, #1
1000490a:	d02b      	beq.n	10004964 <dcd_edpt_open+0xa0>
1000490c:	4c24      	ldr	r4, [pc, #144]	@ (100049a0 <dcd_edpt_open+0xdc>)
1000490e:	46a0      	mov	r8, r4
10004910:	018c      	lsls	r4, r1, #6
10004912:	4442      	add	r2, r8
10004914:	193c      	adds	r4, r7, r4
10004916:	60a2      	str	r2, [r4, #8]
10004918:	6015      	str	r5, [r2, #0]
1000491a:	2900      	cmp	r1, #0
1000491c:	d02b      	beq.n	10004976 <dcd_edpt_open+0xb2>
1000491e:	4a21      	ldr	r2, [pc, #132]	@ (100049a4 <dcd_edpt_open+0xe0>)
10004920:	00c9      	lsls	r1, r1, #3
10004922:	4690      	mov	r8, r2
10004924:	4441      	add	r1, r8
10004926:	6061      	str	r1, [r4, #4]
10004928:	223f      	movs	r2, #63	@ 0x3f
1000492a:	333f      	adds	r3, #63	@ 0x3f
1000492c:	4393      	bics	r3, r2
1000492e:	2802      	cmp	r0, #2
10004930:	d030      	beq.n	10004994 <dcd_edpt_open+0xd0>
10004932:	0032      	movs	r2, r6
10004934:	4c1c      	ldr	r4, [pc, #112]	@ (100049a8 <dcd_edpt_open+0xe4>)
10004936:	4462      	add	r2, ip
10004938:	6821      	ldr	r1, [r4, #0]
1000493a:	0152      	lsls	r2, r2, #5
1000493c:	18bf      	adds	r7, r7, r2
1000493e:	4a1b      	ldr	r2, [pc, #108]	@ (100049ac <dcd_edpt_open+0xe8>)
10004940:	18cb      	adds	r3, r1, r3
10004942:	60f9      	str	r1, [r7, #12]
10004944:	6023      	str	r3, [r4, #0]
10004946:	4293      	cmp	r3, r2
10004948:	d826      	bhi.n	10004998 <dcd_edpt_open+0xd4>
1000494a:	4a19      	ldr	r2, [pc, #100]	@ (100049b0 <dcd_edpt_open+0xec>)
1000494c:	0683      	lsls	r3, r0, #26
1000494e:	404a      	eors	r2, r1
10004950:	4313      	orrs	r3, r2
10004952:	2280      	movs	r2, #128	@ 0x80
10004954:	0612      	lsls	r2, r2, #24
10004956:	4313      	orrs	r3, r2
10004958:	687a      	ldr	r2, [r7, #4]
1000495a:	6013      	str	r3, [r2, #0]
1000495c:	2001      	movs	r0, #1
1000495e:	bc80      	pop	{r7}
10004960:	46b8      	mov	r8, r7
10004962:	bdf0      	pop	{r4, r5, r6, r7, pc}
10004964:	4c13      	ldr	r4, [pc, #76]	@ (100049b4 <dcd_edpt_open+0xf0>)
10004966:	46a0      	mov	r8, r4
10004968:	018c      	lsls	r4, r1, #6
1000496a:	4442      	add	r2, r8
1000496c:	193c      	adds	r4, r7, r4
1000496e:	62a2      	str	r2, [r4, #40]	@ 0x28
10004970:	6015      	str	r5, [r2, #0]
10004972:	2900      	cmp	r1, #0
10004974:	d108      	bne.n	10004988 <dcd_edpt_open+0xc4>
10004976:	2300      	movs	r3, #0
10004978:	0176      	lsls	r6, r6, #5
1000497a:	19be      	adds	r6, r7, r6
1000497c:	6073      	str	r3, [r6, #4]
1000497e:	4b0e      	ldr	r3, [pc, #56]	@ (100049b8 <dcd_edpt_open+0xf4>)
10004980:	60f3      	str	r3, [r6, #12]
10004982:	e7eb      	b.n	1000495c <dcd_edpt_open+0x98>
10004984:	2000      	movs	r0, #0
10004986:	e7ea      	b.n	1000495e <dcd_edpt_open+0x9a>
10004988:	4a09      	ldr	r2, [pc, #36]	@ (100049b0 <dcd_edpt_open+0xec>)
1000498a:	00c9      	lsls	r1, r1, #3
1000498c:	4690      	mov	r8, r2
1000498e:	4441      	add	r1, r8
10004990:	6261      	str	r1, [r4, #36]	@ 0x24
10004992:	e7c9      	b.n	10004928 <dcd_edpt_open+0x64>
10004994:	005b      	lsls	r3, r3, #1
10004996:	e7cc      	b.n	10004932 <dcd_edpt_open+0x6e>
10004998:	f7fc ff74 	bl	10001884 <hard_assertion_failure>
1000499c:	20001740 	.word	0x20001740
100049a0:	50100084 	.word	0x50100084
100049a4:	50100004 	.word	0x50100004
100049a8:	20001b48 	.word	0x20001b48
100049ac:	50100fff 	.word	0x50100fff
100049b0:	50100000 	.word	0x50100000
100049b4:	50100080 	.word	0x50100080
100049b8:	50100100 	.word	0x50100100

100049bc <dcd_edpt_close_all>:
100049bc:	b510      	push	{r4, lr}
100049be:	f001 fd13 	bl	100063e8 <__reset_non_control_endpoints_veneer>
100049c2:	bd10      	pop	{r4, pc}

100049c4 <dcd_edpt_xfer>:
100049c4:	b510      	push	{r4, lr}
100049c6:	207f      	movs	r0, #127	@ 0x7f
100049c8:	000c      	movs	r4, r1
100049ca:	4020      	ands	r0, r4
100049cc:	0040      	lsls	r0, r0, #1
100049ce:	09e4      	lsrs	r4, r4, #7
100049d0:	0011      	movs	r1, r2
100049d2:	1900      	adds	r0, r0, r4
100049d4:	001a      	movs	r2, r3
100049d6:	4b03      	ldr	r3, [pc, #12]	@ (100049e4 <dcd_edpt_xfer+0x20>)
100049d8:	0140      	lsls	r0, r0, #5
100049da:	18c0      	adds	r0, r0, r3
100049dc:	f000 f85a 	bl	10004a94 <hw_endpoint_xfer_start>
100049e0:	2001      	movs	r0, #1
100049e2:	bd10      	pop	{r4, pc}
100049e4:	20001740 	.word	0x20001740

100049e8 <dcd_edpt_stall>:
100049e8:	237f      	movs	r3, #127	@ 0x7f
100049ea:	0018      	movs	r0, r3
100049ec:	b500      	push	{lr}
100049ee:	4008      	ands	r0, r1
100049f0:	b083      	sub	sp, #12
100049f2:	420b      	tst	r3, r1
100049f4:	d104      	bne.n	10004a00 <dcd_edpt_stall+0x18>
100049f6:	424b      	negs	r3, r1
100049f8:	414b      	adcs	r3, r1
100049fa:	4a08      	ldr	r2, [pc, #32]	@ (10004a1c <dcd_edpt_stall+0x34>)
100049fc:	3301      	adds	r3, #1
100049fe:	6693      	str	r3, [r2, #104]	@ 0x68
10004a00:	2280      	movs	r2, #128	@ 0x80
10004a02:	09c9      	lsrs	r1, r1, #7
10004a04:	0040      	lsls	r0, r0, #1
10004a06:	4b06      	ldr	r3, [pc, #24]	@ (10004a20 <dcd_edpt_stall+0x38>)
10004a08:	1840      	adds	r0, r0, r1
10004a0a:	0140      	lsls	r0, r0, #5
10004a0c:	2100      	movs	r1, #0
10004a0e:	18c0      	adds	r0, r0, r3
10004a10:	0112      	lsls	r2, r2, #4
10004a12:	f001 fce1 	bl	100063d8 <___hw_endpoint_buffer_control_update32_veneer>
10004a16:	b003      	add	sp, #12
10004a18:	bd00      	pop	{pc}
10004a1a:	46c0      	nop			@ (mov r8, r8)
10004a1c:	50112000 	.word	0x50112000
10004a20:	20001740 	.word	0x20001740

10004a24 <dcd_edpt_clear_stall>:
10004a24:	227f      	movs	r2, #127	@ 0x7f
10004a26:	0013      	movs	r3, r2
10004a28:	b510      	push	{r4, lr}
10004a2a:	400b      	ands	r3, r1
10004a2c:	420a      	tst	r2, r1
10004a2e:	d100      	bne.n	10004a32 <dcd_edpt_clear_stall+0xe>
10004a30:	bd10      	pop	{r4, pc}
10004a32:	09c9      	lsrs	r1, r1, #7
10004a34:	005b      	lsls	r3, r3, #1
10004a36:	185b      	adds	r3, r3, r1
10004a38:	4804      	ldr	r0, [pc, #16]	@ (10004a4c <dcd_edpt_clear_stall+0x28>)
10004a3a:	015b      	lsls	r3, r3, #5
10004a3c:	18c0      	adds	r0, r0, r3
10004a3e:	2300      	movs	r3, #0
10004a40:	2200      	movs	r2, #0
10004a42:	4903      	ldr	r1, [pc, #12]	@ (10004a50 <dcd_edpt_clear_stall+0x2c>)
10004a44:	70c3      	strb	r3, [r0, #3]
10004a46:	f001 fcc7 	bl	100063d8 <___hw_endpoint_buffer_control_update32_veneer>
10004a4a:	e7f1      	b.n	10004a30 <dcd_edpt_clear_stall+0xc>
10004a4c:	20001740 	.word	0x20001740
10004a50:	fffff7ff 	.word	0xfffff7ff

10004a54 <rp2040_usb_init>:
10004a54:	2280      	movs	r2, #128	@ 0x80
10004a56:	4b0a      	ldr	r3, [pc, #40]	@ (10004a80 <rp2040_usb_init+0x2c>)
10004a58:	0452      	lsls	r2, r2, #17
10004a5a:	b510      	push	{r4, lr}
10004a5c:	601a      	str	r2, [r3, #0]
10004a5e:	4b09      	ldr	r3, [pc, #36]	@ (10004a84 <rp2040_usb_init+0x30>)
10004a60:	4909      	ldr	r1, [pc, #36]	@ (10004a88 <rp2040_usb_init+0x34>)
10004a62:	601a      	str	r2, [r3, #0]
10004a64:	0010      	movs	r0, r2
10004a66:	680b      	ldr	r3, [r1, #0]
10004a68:	4398      	bics	r0, r3
10004a6a:	d1fb      	bne.n	10004a64 <rp2040_usb_init+0x10>
10004a6c:	2280      	movs	r2, #128	@ 0x80
10004a6e:	2100      	movs	r1, #0
10004a70:	0152      	lsls	r2, r2, #5
10004a72:	4806      	ldr	r0, [pc, #24]	@ (10004a8c <rp2040_usb_init+0x38>)
10004a74:	f7fd fc28 	bl	100022c8 <__wrap_memset>
10004a78:	2209      	movs	r2, #9
10004a7a:	4b05      	ldr	r3, [pc, #20]	@ (10004a90 <rp2040_usb_init+0x3c>)
10004a7c:	675a      	str	r2, [r3, #116]	@ 0x74
10004a7e:	bd10      	pop	{r4, pc}
10004a80:	4000e000 	.word	0x4000e000
10004a84:	4000f000 	.word	0x4000f000
10004a88:	4000c008 	.word	0x4000c008
10004a8c:	50100000 	.word	0x50100000
10004a90:	50110000 	.word	0x50110000

10004a94 <hw_endpoint_xfer_start>:
10004a94:	2300      	movs	r3, #0
10004a96:	b510      	push	{r4, lr}
10004a98:	82c3      	strh	r3, [r0, #22]
10004a9a:	3301      	adds	r3, #1
10004a9c:	8282      	strh	r2, [r0, #20]
10004a9e:	7683      	strb	r3, [r0, #26]
10004aa0:	6101      	str	r1, [r0, #16]
10004aa2:	0004      	movs	r4, r0
10004aa4:	f001 fce8 	bl	10006478 <__e15_is_bulkin_ep_veneer>
10004aa8:	2800      	cmp	r0, #0
10004aaa:	d004      	beq.n	10004ab6 <hw_endpoint_xfer_start+0x22>
10004aac:	2180      	movs	r1, #128	@ 0x80
10004aae:	2390      	movs	r3, #144	@ 0x90
10004ab0:	4a07      	ldr	r2, [pc, #28]	@ (10004ad0 <hw_endpoint_xfer_start+0x3c>)
10004ab2:	0289      	lsls	r1, r1, #10
10004ab4:	50d1      	str	r1, [r2, r3]
10004ab6:	0020      	movs	r0, r4
10004ab8:	f001 fcbe 	bl	10006438 <__e15_is_critical_frame_period_veneer>
10004abc:	2800      	cmp	r0, #0
10004abe:	d002      	beq.n	10004ac6 <hw_endpoint_xfer_start+0x32>
10004ac0:	2301      	movs	r3, #1
10004ac2:	7723      	strb	r3, [r4, #28]
10004ac4:	bd10      	pop	{r4, pc}
10004ac6:	0020      	movs	r0, r4
10004ac8:	f001 fcc6 	bl	10006458 <__hw_endpoint_start_next_buffer_veneer>
10004acc:	e7fa      	b.n	10004ac4 <hw_endpoint_xfer_start+0x30>
10004ace:	46c0      	nop			@ (mov r8, r8)
10004ad0:	50112000 	.word	0x50112000

10004ad4 <tud_event_hook_cb>:
10004ad4:	4770      	bx	lr
10004ad6:	46c0      	nop			@ (mov r8, r8)

10004ad8 <tud_sof_cb>:
10004ad8:	4770      	bx	lr
10004ada:	46c0      	nop			@ (mov r8, r8)

10004adc <tud_descriptor_device_qualifier_cb>:
10004adc:	2000      	movs	r0, #0
10004ade:	4770      	bx	lr

10004ae0 <tud_descriptor_other_speed_configuration_cb>:
10004ae0:	2000      	movs	r0, #0
10004ae2:	4770      	bx	lr

10004ae4 <tud_mount_cb>:
10004ae4:	4770      	bx	lr
10004ae6:	46c0      	nop			@ (mov r8, r8)

10004ae8 <tud_umount_cb>:
10004ae8:	4770      	bx	lr
10004aea:	46c0      	nop			@ (mov r8, r8)

10004aec <tud_suspend_cb>:
10004aec:	4770      	bx	lr
10004aee:	46c0      	nop			@ (mov r8, r8)

10004af0 <tud_resume_cb>:
10004af0:	4770      	bx	lr
10004af2:	46c0      	nop			@ (mov r8, r8)

10004af4 <tud_mounted>:
10004af4:	4b02      	ldr	r3, [pc, #8]	@ (10004b00 <tud_mounted+0xc>)
10004af6:	7858      	ldrb	r0, [r3, #1]
10004af8:	1e43      	subs	r3, r0, #1
10004afa:	4198      	sbcs	r0, r3
10004afc:	b2c0      	uxtb	r0, r0
10004afe:	4770      	bx	lr
10004b00:	200014b8 	.word	0x200014b8

10004b04 <tud_suspended>:
10004b04:	4b02      	ldr	r3, [pc, #8]	@ (10004b10 <tud_suspended+0xc>)
10004b06:	7818      	ldrb	r0, [r3, #0]
10004b08:	0740      	lsls	r0, r0, #29
10004b0a:	0fc0      	lsrs	r0, r0, #31
10004b0c:	4770      	bx	lr
10004b0e:	46c0      	nop			@ (mov r8, r8)
10004b10:	200014b8 	.word	0x200014b8

10004b14 <tud_rhport_init>:
10004b14:	b5f0      	push	{r4, r5, r6, r7, lr}
10004b16:	46d6      	mov	lr, sl
10004b18:	464f      	mov	r7, r9
10004b1a:	4646      	mov	r6, r8
10004b1c:	b5c0      	push	{r6, r7, lr}
10004b1e:	4b2d      	ldr	r3, [pc, #180]	@ (10004bd4 <tud_rhport_init+0xc0>)
10004b20:	0007      	movs	r7, r0
10004b22:	469a      	mov	sl, r3
10004b24:	781b      	ldrb	r3, [r3, #0]
10004b26:	000e      	movs	r6, r1
10004b28:	2bff      	cmp	r3, #255	@ 0xff
10004b2a:	d14d      	bne.n	10004bc8 <tud_rhport_init+0xb4>
10004b2c:	2900      	cmp	r1, #0
10004b2e:	d03e      	beq.n	10004bae <tud_rhport_init+0x9a>
10004b30:	2100      	movs	r1, #0
10004b32:	2254      	movs	r2, #84	@ 0x54
10004b34:	4828      	ldr	r0, [pc, #160]	@ (10004bd8 <tud_rhport_init+0xc4>)
10004b36:	f7fd fbc7 	bl	100022c8 <__wrap_memset>
10004b3a:	2200      	movs	r2, #0
10004b3c:	4c27      	ldr	r4, [pc, #156]	@ (10004bdc <tud_rhport_init+0xc8>)
10004b3e:	4b28      	ldr	r3, [pc, #160]	@ (10004be0 <tud_rhport_init+0xcc>)
10004b40:	0020      	movs	r0, r4
10004b42:	701a      	strb	r2, [r3, #0]
10004b44:	f7fb ff70 	bl	10000a28 <mutex_init>
10004b48:	4b26      	ldr	r3, [pc, #152]	@ (10004be4 <tud_rhport_init+0xd0>)
10004b4a:	601c      	str	r4, [r3, #0]
10004b4c:	4c26      	ldr	r4, [pc, #152]	@ (10004be8 <tud_rhport_init+0xd4>)
10004b4e:	0020      	movs	r0, r4
10004b50:	3c14      	subs	r4, #20
10004b52:	f7fb ff77 	bl	10000a44 <critical_section_init>
10004b56:	0020      	movs	r0, r4
10004b58:	f001 fba8 	bl	100062ac <tu_fifo_clear>
10004b5c:	4b23      	ldr	r3, [pc, #140]	@ (10004bec <tud_rhport_init+0xd8>)
10004b5e:	4d24      	ldr	r5, [pc, #144]	@ (10004bf0 <tud_rhport_init+0xdc>)
10004b60:	601c      	str	r4, [r3, #0]
10004b62:	4b24      	ldr	r3, [pc, #144]	@ (10004bf4 <tud_rhport_init+0xe0>)
10004b64:	2b00      	cmp	r3, #0
10004b66:	d004      	beq.n	10004b72 <tud_rhport_init+0x5e>
10004b68:	0028      	movs	r0, r5
10004b6a:	f7ff fe1b 	bl	100047a4 <usbd_app_driver_get_cb>
10004b6e:	4b22      	ldr	r3, [pc, #136]	@ (10004bf8 <tud_rhport_init+0xe4>)
10004b70:	6018      	str	r0, [r3, #0]
10004b72:	4a22      	ldr	r2, [pc, #136]	@ (10004bfc <tud_rhport_init+0xe8>)
10004b74:	2400      	movs	r4, #0
10004b76:	4691      	mov	r9, r2
10004b78:	4a1f      	ldr	r2, [pc, #124]	@ (10004bf8 <tud_rhport_init+0xe4>)
10004b7a:	782b      	ldrb	r3, [r5, #0]
10004b7c:	4690      	mov	r8, r2
10004b7e:	e00e      	b.n	10004b9e <tud_rhport_init+0x8a>
10004b80:	4643      	mov	r3, r8
10004b82:	681b      	ldr	r3, [r3, #0]
10004b84:	0162      	lsls	r2, r4, #5
10004b86:	189b      	adds	r3, r3, r2
10004b88:	2b00      	cmp	r3, #0
10004b8a:	d010      	beq.n	10004bae <tud_rhport_init+0x9a>
10004b8c:	685b      	ldr	r3, [r3, #4]
10004b8e:	2b00      	cmp	r3, #0
10004b90:	d00d      	beq.n	10004bae <tud_rhport_init+0x9a>
10004b92:	4798      	blx	r3
10004b94:	3401      	adds	r4, #1
10004b96:	782b      	ldrb	r3, [r5, #0]
10004b98:	b2e4      	uxtb	r4, r4
10004b9a:	42a3      	cmp	r3, r4
10004b9c:	d309      	bcc.n	10004bb2 <tud_rhport_init+0x9e>
10004b9e:	42a3      	cmp	r3, r4
10004ba0:	d8ee      	bhi.n	10004b80 <tud_rhport_init+0x6c>
10004ba2:	1ae3      	subs	r3, r4, r3
10004ba4:	015b      	lsls	r3, r3, #5
10004ba6:	444b      	add	r3, r9
10004ba8:	685b      	ldr	r3, [r3, #4]
10004baa:	2b00      	cmp	r3, #0
10004bac:	d1f1      	bne.n	10004b92 <tud_rhport_init+0x7e>
10004bae:	2000      	movs	r0, #0
10004bb0:	e00b      	b.n	10004bca <tud_rhport_init+0xb6>
10004bb2:	4653      	mov	r3, sl
10004bb4:	0031      	movs	r1, r6
10004bb6:	0038      	movs	r0, r7
10004bb8:	701f      	strb	r7, [r3, #0]
10004bba:	f7ff fe0f 	bl	100047dc <dcd_init>
10004bbe:	2800      	cmp	r0, #0
10004bc0:	d0f5      	beq.n	10004bae <tud_rhport_init+0x9a>
10004bc2:	0038      	movs	r0, r7
10004bc4:	f7ff fe52 	bl	1000486c <dcd_int_enable>
10004bc8:	2001      	movs	r0, #1
10004bca:	bce0      	pop	{r5, r6, r7}
10004bcc:	46ba      	mov	sl, r7
10004bce:	46b1      	mov	r9, r6
10004bd0:	46a8      	mov	r8, r5
10004bd2:	bdf0      	pop	{r4, r5, r6, r7, pc}
10004bd4:	20001074 	.word	0x20001074
10004bd8:	200014b8 	.word	0x200014b8
10004bdc:	200014b0 	.word	0x200014b0
10004be0:	20001c93 	.word	0x20001c93
10004be4:	2000150c 	.word	0x2000150c
10004be8:	2000106c 	.word	0x2000106c
10004bec:	20001510 	.word	0x20001510
10004bf0:	20001c91 	.word	0x20001c91
10004bf4:	100047a5 	.word	0x100047a5
10004bf8:	20001308 	.word	0x20001308
10004bfc:	10006afc 	.word	0x10006afc

10004c00 <tud_task_ext>:
10004c00:	b5f0      	push	{r4, r5, r6, r7, lr}
10004c02:	46de      	mov	lr, fp
10004c04:	4657      	mov	r7, sl
10004c06:	464e      	mov	r6, r9
10004c08:	4645      	mov	r5, r8
10004c0a:	b5e0      	push	{r5, r6, r7, lr}
10004c0c:	4bc9      	ldr	r3, [pc, #804]	@ (10004f34 <tud_task_ext+0x334>)
10004c0e:	b091      	sub	sp, #68	@ 0x44
10004c10:	9303      	str	r3, [sp, #12]
10004c12:	781b      	ldrb	r3, [r3, #0]
10004c14:	2bff      	cmp	r3, #255	@ 0xff
10004c16:	d100      	bne.n	10004c1a <tud_task_ext+0x1a>
10004c18:	e145      	b.n	10004ea6 <tud_task_ext+0x2a6>
10004c1a:	4bc7      	ldr	r3, [pc, #796]	@ (10004f38 <tud_task_ext+0x338>)
10004c1c:	4ec7      	ldr	r6, [pc, #796]	@ (10004f3c <tud_task_ext+0x33c>)
10004c1e:	469b      	mov	fp, r3
10004c20:	465f      	mov	r7, fp
10004c22:	4bc7      	ldr	r3, [pc, #796]	@ (10004f40 <tud_task_ext+0x340>)
10004c24:	ac0d      	add	r4, sp, #52	@ 0x34
10004c26:	9302      	str	r3, [sp, #8]
10004c28:	4bc6      	ldr	r3, [pc, #792]	@ (10004f44 <tud_task_ext+0x344>)
10004c2a:	9301      	str	r3, [sp, #4]
10004c2c:	6835      	ldr	r5, [r6, #0]
10004c2e:	696a      	ldr	r2, [r5, #20]
10004c30:	f3ef 8110 	mrs	r1, PRIMASK
10004c34:	b672      	cpsid	i
10004c36:	6813      	ldr	r3, [r2, #0]
10004c38:	2b00      	cmp	r3, #0
10004c3a:	d0fc      	beq.n	10004c36 <tud_task_ext+0x36>
10004c3c:	f3bf 8f5f 	dmb	sy
10004c40:	61a9      	str	r1, [r5, #24]
10004c42:	0028      	movs	r0, r5
10004c44:	0021      	movs	r1, r4
10004c46:	f001 f961 	bl	10005f0c <tu_fifo_read>
10004c4a:	696a      	ldr	r2, [r5, #20]
10004c4c:	69ab      	ldr	r3, [r5, #24]
10004c4e:	f3bf 8f5f 	dmb	sy
10004c52:	2100      	movs	r1, #0
10004c54:	6011      	str	r1, [r2, #0]
10004c56:	f383 8810 	msr	PRIMASK, r3
10004c5a:	2800      	cmp	r0, #0
10004c5c:	d100      	bne.n	10004c60 <tud_task_ext+0x60>
10004c5e:	e122      	b.n	10004ea6 <tud_task_ext+0x2a6>
10004c60:	7863      	ldrb	r3, [r4, #1]
10004c62:	2b08      	cmp	r3, #8
10004c64:	d8e2      	bhi.n	10004c2c <tud_task_ext+0x2c>
10004c66:	009b      	lsls	r3, r3, #2
10004c68:	58fb      	ldr	r3, [r7, r3]
10004c6a:	469f      	mov	pc, r3
10004c6c:	6863      	ldr	r3, [r4, #4]
10004c6e:	2b00      	cmp	r3, #0
10004c70:	d0dc      	beq.n	10004c2c <tud_task_ext+0x2c>
10004c72:	68a0      	ldr	r0, [r4, #8]
10004c74:	4798      	blx	r3
10004c76:	e7d9      	b.n	10004c2c <tud_task_ext+0x2c>
10004c78:	227f      	movs	r2, #127	@ 0x7f
10004c7a:	7921      	ldrb	r1, [r4, #4]
10004c7c:	4db0      	ldr	r5, [pc, #704]	@ (10004f40 <tud_task_ext+0x340>)
10004c7e:	400a      	ands	r2, r1
10004c80:	0053      	lsls	r3, r2, #1
10004c82:	18eb      	adds	r3, r5, r3
10004c84:	4698      	mov	r8, r3
10004c86:	09c8      	lsrs	r0, r1, #7
10004c88:	4480      	add	r8, r0
10004c8a:	4640      	mov	r0, r8
10004c8c:	2301      	movs	r3, #1
10004c8e:	3030      	adds	r0, #48	@ 0x30
10004c90:	7905      	ldrb	r5, [r0, #4]
10004c92:	439d      	bics	r5, r3
10004c94:	7105      	strb	r5, [r0, #4]
10004c96:	7905      	ldrb	r5, [r0, #4]
10004c98:	3303      	adds	r3, #3
10004c9a:	439d      	bics	r5, r3
10004c9c:	7105      	strb	r5, [r0, #4]
10004c9e:	2a00      	cmp	r2, #0
10004ca0:	d100      	bne.n	10004ca4 <tud_task_ext+0xa4>
10004ca2:	e107      	b.n	10004eb4 <tud_task_ext+0x2b4>
10004ca4:	4643      	mov	r3, r8
10004ca6:	4aa8      	ldr	r2, [pc, #672]	@ (10004f48 <tud_task_ext+0x348>)
10004ca8:	7d1b      	ldrb	r3, [r3, #20]
10004caa:	7812      	ldrb	r2, [r2, #0]
10004cac:	4293      	cmp	r3, r2
10004cae:	d300      	bcc.n	10004cb2 <tud_task_ext+0xb2>
10004cb0:	e0f7      	b.n	10004ea2 <tud_task_ext+0x2a2>
10004cb2:	4aa6      	ldr	r2, [pc, #664]	@ (10004f4c <tud_task_ext+0x34c>)
10004cb4:	015b      	lsls	r3, r3, #5
10004cb6:	6815      	ldr	r5, [r2, #0]
10004cb8:	18ed      	adds	r5, r5, r3
10004cba:	2d00      	cmp	r5, #0
10004cbc:	d100      	bne.n	10004cc0 <tud_task_ext+0xc0>
10004cbe:	e0f2      	b.n	10004ea6 <tud_task_ext+0x2a6>
10004cc0:	68a3      	ldr	r3, [r4, #8]
10004cc2:	7962      	ldrb	r2, [r4, #5]
10004cc4:	7820      	ldrb	r0, [r4, #0]
10004cc6:	69ad      	ldr	r5, [r5, #24]
10004cc8:	47a8      	blx	r5
10004cca:	e7af      	b.n	10004c2c <tud_task_ext+0x2c>
10004ccc:	4aa0      	ldr	r2, [pc, #640]	@ (10004f50 <tud_task_ext+0x350>)
10004cce:	7813      	ldrb	r3, [r2, #0]
10004cd0:	2b00      	cmp	r3, #0
10004cd2:	d100      	bne.n	10004cd6 <tud_task_ext+0xd6>
10004cd4:	e0e7      	b.n	10004ea6 <tud_task_ext+0x2a6>
10004cd6:	7813      	ldrb	r3, [r2, #0]
10004cd8:	3b01      	subs	r3, #1
10004cda:	b2db      	uxtb	r3, r3
10004cdc:	7013      	strb	r3, [r2, #0]
10004cde:	7813      	ldrb	r3, [r2, #0]
10004ce0:	2b00      	cmp	r3, #0
10004ce2:	d1a3      	bne.n	10004c2c <tud_task_ext+0x2c>
10004ce4:	2201      	movs	r2, #1
10004ce6:	4d96      	ldr	r5, [pc, #600]	@ (10004f40 <tud_task_ext+0x340>)
10004ce8:	2101      	movs	r1, #1
10004cea:	782b      	ldrb	r3, [r5, #0]
10004cec:	2004      	movs	r0, #4
10004cee:	4313      	orrs	r3, r2
10004cf0:	702b      	strb	r3, [r5, #0]
10004cf2:	2334      	movs	r3, #52	@ 0x34
10004cf4:	5cea      	ldrb	r2, [r5, r3]
10004cf6:	438a      	bics	r2, r1
10004cf8:	54ea      	strb	r2, [r5, r3]
10004cfa:	5cea      	ldrb	r2, [r5, r3]
10004cfc:	4382      	bics	r2, r0
10004cfe:	54ea      	strb	r2, [r5, r3]
10004d00:	3301      	adds	r3, #1
10004d02:	5cea      	ldrb	r2, [r5, r3]
10004d04:	438a      	bics	r2, r1
10004d06:	54ea      	strb	r2, [r5, r3]
10004d08:	5cea      	ldrb	r2, [r5, r3]
10004d0a:	4382      	bics	r2, r0
10004d0c:	54ea      	strb	r2, [r5, r3]
10004d0e:	7823      	ldrb	r3, [r4, #0]
10004d10:	2000      	movs	r0, #0
10004d12:	469b      	mov	fp, r3
10004d14:	f000 fc8a 	bl	1000562c <usbd_control_set_complete_callback>
10004d18:	2260      	movs	r2, #96	@ 0x60
10004d1a:	7923      	ldrb	r3, [r4, #4]
10004d1c:	401a      	ands	r2, r3
10004d1e:	2a60      	cmp	r2, #96	@ 0x60
10004d20:	d100      	bne.n	10004d24 <tud_task_ext+0x124>
10004d22:	e0f2      	b.n	10004f0a <tud_task_ext+0x30a>
10004d24:	2a40      	cmp	r2, #64	@ 0x40
10004d26:	d100      	bne.n	10004d2a <tud_task_ext+0x12a>
10004d28:	e0f8      	b.n	10004f1c <tud_task_ext+0x31c>
10004d2a:	06db      	lsls	r3, r3, #27
10004d2c:	0edb      	lsrs	r3, r3, #27
10004d2e:	2b01      	cmp	r3, #1
10004d30:	d100      	bne.n	10004d34 <tud_task_ext+0x134>
10004d32:	e115      	b.n	10004f60 <tud_task_ext+0x360>
10004d34:	2b02      	cmp	r3, #2
10004d36:	d100      	bne.n	10004d3a <tud_task_ext+0x13a>
10004d38:	e0cb      	b.n	10004ed2 <tud_task_ext+0x2d2>
10004d3a:	2b00      	cmp	r3, #0
10004d3c:	d000      	beq.n	10004d40 <tud_task_ext+0x140>
10004d3e:	e0e4      	b.n	10004f0a <tud_task_ext+0x30a>
10004d40:	2a20      	cmp	r2, #32
10004d42:	d100      	bne.n	10004d46 <tud_task_ext+0x146>
10004d44:	e20f      	b.n	10005166 <tud_task_ext+0x566>
10004d46:	2a00      	cmp	r2, #0
10004d48:	d000      	beq.n	10004d4c <tud_task_ext+0x14c>
10004d4a:	e0de      	b.n	10004f0a <tud_task_ext+0x30a>
10004d4c:	7963      	ldrb	r3, [r4, #5]
10004d4e:	2b09      	cmp	r3, #9
10004d50:	d900      	bls.n	10004d54 <tud_task_ext+0x154>
10004d52:	e0da      	b.n	10004f0a <tud_task_ext+0x30a>
10004d54:	4a7f      	ldr	r2, [pc, #508]	@ (10004f54 <tud_task_ext+0x354>)
10004d56:	009b      	lsls	r3, r3, #2
10004d58:	58d3      	ldr	r3, [r2, r3]
10004d5a:	469f      	mov	pc, r3
10004d5c:	4d78      	ldr	r5, [pc, #480]	@ (10004f40 <tud_task_ext+0x340>)
10004d5e:	782b      	ldrb	r3, [r5, #0]
10004d60:	07db      	lsls	r3, r3, #31
10004d62:	d400      	bmi.n	10004d66 <tud_task_ext+0x166>
10004d64:	e762      	b.n	10004c2c <tud_task_ext+0x2c>
10004d66:	f7ff fec3 	bl	10004af0 <tud_resume_cb>
10004d6a:	e75f      	b.n	10004c2c <tud_task_ext+0x2c>
10004d6c:	9b02      	ldr	r3, [sp, #8]
10004d6e:	78db      	ldrb	r3, [r3, #3]
10004d70:	07db      	lsls	r3, r3, #31
10004d72:	d400      	bmi.n	10004d76 <tud_task_ext+0x176>
10004d74:	e75a      	b.n	10004c2c <tud_task_ext+0x2c>
10004d76:	6860      	ldr	r0, [r4, #4]
10004d78:	f7ff feae 	bl	10004ad8 <tud_sof_cb>
10004d7c:	e756      	b.n	10004c2c <tud_task_ext+0x2c>
10004d7e:	4d70      	ldr	r5, [pc, #448]	@ (10004f40 <tud_task_ext+0x340>)
10004d80:	782b      	ldrb	r3, [r5, #0]
10004d82:	07db      	lsls	r3, r3, #31
10004d84:	d400      	bmi.n	10004d88 <tud_task_ext+0x188>
10004d86:	e751      	b.n	10004c2c <tud_task_ext+0x2c>
10004d88:	7828      	ldrb	r0, [r5, #0]
10004d8a:	0700      	lsls	r0, r0, #28
10004d8c:	0fc0      	lsrs	r0, r0, #31
10004d8e:	f7ff fead 	bl	10004aec <tud_suspend_cb>
10004d92:	e74b      	b.n	10004c2c <tud_task_ext+0x2c>
10004d94:	7823      	ldrb	r3, [r4, #0]
10004d96:	4a6b      	ldr	r2, [pc, #428]	@ (10004f44 <tud_task_ext+0x344>)
10004d98:	4699      	mov	r9, r3
10004d9a:	4693      	mov	fp, r2
10004d9c:	4b6a      	ldr	r3, [pc, #424]	@ (10004f48 <tud_task_ext+0x348>)
10004d9e:	4a6b      	ldr	r2, [pc, #428]	@ (10004f4c <tud_task_ext+0x34c>)
10004da0:	4698      	mov	r8, r3
10004da2:	4692      	mov	sl, r2
10004da4:	003a      	movs	r2, r7
10004da6:	2500      	movs	r5, #0
10004da8:	4647      	mov	r7, r8
10004daa:	781b      	ldrb	r3, [r3, #0]
10004dac:	46b0      	mov	r8, r6
10004dae:	464e      	mov	r6, r9
10004db0:	4691      	mov	r9, r2
10004db2:	e00e      	b.n	10004dd2 <tud_task_ext+0x1d2>
10004db4:	4653      	mov	r3, sl
10004db6:	681b      	ldr	r3, [r3, #0]
10004db8:	016a      	lsls	r2, r5, #5
10004dba:	189b      	adds	r3, r3, r2
10004dbc:	2b00      	cmp	r3, #0
10004dbe:	d100      	bne.n	10004dc2 <tud_task_ext+0x1c2>
10004dc0:	e07e      	b.n	10004ec0 <tud_task_ext+0x2c0>
10004dc2:	68db      	ldr	r3, [r3, #12]
10004dc4:	0030      	movs	r0, r6
10004dc6:	4798      	blx	r3
10004dc8:	3501      	adds	r5, #1
10004dca:	783b      	ldrb	r3, [r7, #0]
10004dcc:	b2ed      	uxtb	r5, r5
10004dce:	42ab      	cmp	r3, r5
10004dd0:	d30c      	bcc.n	10004dec <tud_task_ext+0x1ec>
10004dd2:	42ab      	cmp	r3, r5
10004dd4:	d8ee      	bhi.n	10004db4 <tud_task_ext+0x1b4>
10004dd6:	1aeb      	subs	r3, r5, r3
10004dd8:	015b      	lsls	r3, r3, #5
10004dda:	445b      	add	r3, fp
10004ddc:	68db      	ldr	r3, [r3, #12]
10004dde:	0030      	movs	r0, r6
10004de0:	4798      	blx	r3
10004de2:	3501      	adds	r5, #1
10004de4:	783b      	ldrb	r3, [r7, #0]
10004de6:	b2ed      	uxtb	r5, r5
10004de8:	42ab      	cmp	r3, r5
10004dea:	d2f2      	bcs.n	10004dd2 <tud_task_ext+0x1d2>
10004dec:	4d54      	ldr	r5, [pc, #336]	@ (10004f40 <tud_task_ext+0x340>)
10004dee:	2254      	movs	r2, #84	@ 0x54
10004df0:	2100      	movs	r1, #0
10004df2:	0028      	movs	r0, r5
10004df4:	f7fd fa68 	bl	100022c8 <__wrap_memset>
10004df8:	2210      	movs	r2, #16
10004dfa:	21ff      	movs	r1, #255	@ 0xff
10004dfc:	1d28      	adds	r0, r5, #4
10004dfe:	f7fd fa63 	bl	100022c8 <__wrap_memset>
10004e02:	0028      	movs	r0, r5
10004e04:	2220      	movs	r2, #32
10004e06:	21ff      	movs	r1, #255	@ 0xff
10004e08:	3014      	adds	r0, #20
10004e0a:	4646      	mov	r6, r8
10004e0c:	464f      	mov	r7, r9
10004e0e:	f7fd fa5b 	bl	100022c8 <__wrap_memset>
10004e12:	f000 fc01 	bl	10005618 <usbd_control_reset>
10004e16:	7923      	ldrb	r3, [r4, #4]
10004e18:	70ab      	strb	r3, [r5, #2]
10004e1a:	e707      	b.n	10004c2c <tud_task_ext+0x2c>
10004e1c:	7823      	ldrb	r3, [r4, #0]
10004e1e:	4a4b      	ldr	r2, [pc, #300]	@ (10004f4c <tud_task_ext+0x34c>)
10004e20:	4699      	mov	r9, r3
10004e22:	4b49      	ldr	r3, [pc, #292]	@ (10004f48 <tud_task_ext+0x348>)
10004e24:	4692      	mov	sl, r2
10004e26:	4698      	mov	r8, r3
10004e28:	0032      	movs	r2, r6
10004e2a:	46bb      	mov	fp, r7
10004e2c:	464e      	mov	r6, r9
10004e2e:	2500      	movs	r5, #0
10004e30:	4647      	mov	r7, r8
10004e32:	4691      	mov	r9, r2
10004e34:	781b      	ldrb	r3, [r3, #0]
10004e36:	e00d      	b.n	10004e54 <tud_task_ext+0x254>
10004e38:	4653      	mov	r3, sl
10004e3a:	681b      	ldr	r3, [r3, #0]
10004e3c:	016a      	lsls	r2, r5, #5
10004e3e:	189b      	adds	r3, r3, r2
10004e40:	2b00      	cmp	r3, #0
10004e42:	d041      	beq.n	10004ec8 <tud_task_ext+0x2c8>
10004e44:	68db      	ldr	r3, [r3, #12]
10004e46:	0030      	movs	r0, r6
10004e48:	4798      	blx	r3
10004e4a:	3501      	adds	r5, #1
10004e4c:	783b      	ldrb	r3, [r7, #0]
10004e4e:	b2ed      	uxtb	r5, r5
10004e50:	42ab      	cmp	r3, r5
10004e52:	d30e      	bcc.n	10004e72 <tud_task_ext+0x272>
10004e54:	429d      	cmp	r5, r3
10004e56:	d3ef      	bcc.n	10004e38 <tud_task_ext+0x238>
10004e58:	9a01      	ldr	r2, [sp, #4]
10004e5a:	1aeb      	subs	r3, r5, r3
10004e5c:	4694      	mov	ip, r2
10004e5e:	015b      	lsls	r3, r3, #5
10004e60:	4463      	add	r3, ip
10004e62:	68db      	ldr	r3, [r3, #12]
10004e64:	0030      	movs	r0, r6
10004e66:	4798      	blx	r3
10004e68:	3501      	adds	r5, #1
10004e6a:	783b      	ldrb	r3, [r7, #0]
10004e6c:	b2ed      	uxtb	r5, r5
10004e6e:	42ab      	cmp	r3, r5
10004e70:	d2f0      	bcs.n	10004e54 <tud_task_ext+0x254>
10004e72:	9d02      	ldr	r5, [sp, #8]
10004e74:	2254      	movs	r2, #84	@ 0x54
10004e76:	2100      	movs	r1, #0
10004e78:	0028      	movs	r0, r5
10004e7a:	f7fd fa25 	bl	100022c8 <__wrap_memset>
10004e7e:	2210      	movs	r2, #16
10004e80:	21ff      	movs	r1, #255	@ 0xff
10004e82:	4835      	ldr	r0, [pc, #212]	@ (10004f58 <tud_task_ext+0x358>)
10004e84:	f7fd fa20 	bl	100022c8 <__wrap_memset>
10004e88:	0028      	movs	r0, r5
10004e8a:	2220      	movs	r2, #32
10004e8c:	21ff      	movs	r1, #255	@ 0xff
10004e8e:	3014      	adds	r0, #20
10004e90:	464e      	mov	r6, r9
10004e92:	465f      	mov	r7, fp
10004e94:	f7fd fa18 	bl	100022c8 <__wrap_memset>
10004e98:	f000 fbbe 	bl	10005618 <usbd_control_reset>
10004e9c:	f7ff fe24 	bl	10004ae8 <tud_umount_cb>
10004ea0:	e6c4      	b.n	10004c2c <tud_task_ext+0x2c>
10004ea2:	4293      	cmp	r3, r2
10004ea4:	d013      	beq.n	10004ece <tud_task_ext+0x2ce>
10004ea6:	b011      	add	sp, #68	@ 0x44
10004ea8:	bcf0      	pop	{r4, r5, r6, r7}
10004eaa:	46bb      	mov	fp, r7
10004eac:	46b2      	mov	sl, r6
10004eae:	46a9      	mov	r9, r5
10004eb0:	46a0      	mov	r8, r4
10004eb2:	bdf0      	pop	{r4, r5, r6, r7, pc}
10004eb4:	68a3      	ldr	r3, [r4, #8]
10004eb6:	7962      	ldrb	r2, [r4, #5]
10004eb8:	7820      	ldrb	r0, [r4, #0]
10004eba:	f000 fbcb 	bl	10005654 <usbd_control_xfer_cb>
10004ebe:	e6b5      	b.n	10004c2c <tud_task_ext+0x2c>
10004ec0:	4646      	mov	r6, r8
10004ec2:	464f      	mov	r7, r9
10004ec4:	4d1e      	ldr	r5, [pc, #120]	@ (10004f40 <tud_task_ext+0x340>)
10004ec6:	e7a4      	b.n	10004e12 <tud_task_ext+0x212>
10004ec8:	464e      	mov	r6, r9
10004eca:	465f      	mov	r7, fp
10004ecc:	e7e4      	b.n	10004e98 <tud_task_ext+0x298>
10004ece:	4d1d      	ldr	r5, [pc, #116]	@ (10004f44 <tud_task_ext+0x344>)
10004ed0:	e6f6      	b.n	10004cc0 <tud_task_ext+0xc0>
10004ed2:	2370      	movs	r3, #112	@ 0x70
10004ed4:	7a21      	ldrb	r1, [r4, #8]
10004ed6:	420b      	tst	r3, r1
10004ed8:	d117      	bne.n	10004f0a <tud_task_ext+0x30a>
10004eda:	09c8      	lsrs	r0, r1, #7
10004edc:	4682      	mov	sl, r0
10004ede:	330f      	adds	r3, #15
10004ee0:	400b      	ands	r3, r1
10004ee2:	005b      	lsls	r3, r3, #1
10004ee4:	4698      	mov	r8, r3
10004ee6:	4818      	ldr	r0, [pc, #96]	@ (10004f48 <tud_task_ext+0x348>)
10004ee8:	18eb      	adds	r3, r5, r3
10004eea:	4453      	add	r3, sl
10004eec:	7d1b      	ldrb	r3, [r3, #20]
10004eee:	7800      	ldrb	r0, [r0, #0]
10004ef0:	4283      	cmp	r3, r0
10004ef2:	d260      	bcs.n	10004fb6 <tud_task_ext+0x3b6>
10004ef4:	4815      	ldr	r0, [pc, #84]	@ (10004f4c <tud_task_ext+0x34c>)
10004ef6:	015b      	lsls	r3, r3, #5
10004ef8:	6800      	ldr	r0, [r0, #0]
10004efa:	4681      	mov	r9, r0
10004efc:	4499      	add	r9, r3
10004efe:	2a00      	cmp	r2, #0
10004f00:	d100      	bne.n	10004f04 <tud_task_ext+0x304>
10004f02:	e14f      	b.n	100051a4 <tud_task_ext+0x5a4>
10004f04:	464b      	mov	r3, r9
10004f06:	2b00      	cmp	r3, #0
10004f08:	d15d      	bne.n	10004fc6 <tud_task_ext+0x3c6>
10004f0a:	7820      	ldrb	r0, [r4, #0]
10004f0c:	2100      	movs	r1, #0
10004f0e:	f7ff fd6b 	bl	100049e8 <dcd_edpt_stall>
10004f12:	2180      	movs	r1, #128	@ 0x80
10004f14:	7820      	ldrb	r0, [r4, #0]
10004f16:	f7ff fd67 	bl	100049e8 <dcd_edpt_stall>
10004f1a:	e687      	b.n	10004c2c <tud_task_ext+0x2c>
10004f1c:	480f      	ldr	r0, [pc, #60]	@ (10004f5c <tud_task_ext+0x35c>)
10004f1e:	f000 fb85 	bl	1000562c <usbd_control_set_complete_callback>
10004f22:	2101      	movs	r1, #1
10004f24:	4658      	mov	r0, fp
10004f26:	aa0e      	add	r2, sp, #56	@ 0x38
10004f28:	f7ff fc22 	bl	10004770 <tud_vendor_control_xfer_cb>
10004f2c:	2800      	cmp	r0, #0
10004f2e:	d000      	beq.n	10004f32 <tud_task_ext+0x332>
10004f30:	e67c      	b.n	10004c2c <tud_task_ext+0x2c>
10004f32:	e7ea      	b.n	10004f0a <tud_task_ext+0x30a>
10004f34:	20001074 	.word	0x20001074
10004f38:	10006a54 	.word	0x10006a54
10004f3c:	20001510 	.word	0x20001510
10004f40:	200014b8 	.word	0x200014b8
10004f44:	10006afc 	.word	0x10006afc
10004f48:	20001c91 	.word	0x20001c91
10004f4c:	20001308 	.word	0x20001308
10004f50:	20001c93 	.word	0x20001c93
10004f54:	10006a78 	.word	0x10006a78
10004f58:	200014bc 	.word	0x200014bc
10004f5c:	10004771 	.word	0x10004771
10004f60:	7a23      	ldrb	r3, [r4, #8]
10004f62:	2b0f      	cmp	r3, #15
10004f64:	d8d1      	bhi.n	10004f0a <tud_task_ext+0x30a>
10004f66:	4ad6      	ldr	r2, [pc, #856]	@ (100052c0 <tud_task_ext+0x6c0>)
10004f68:	18eb      	adds	r3, r5, r3
10004f6a:	791b      	ldrb	r3, [r3, #4]
10004f6c:	7812      	ldrb	r2, [r2, #0]
10004f6e:	4293      	cmp	r3, r2
10004f70:	d334      	bcc.n	10004fdc <tud_task_ext+0x3dc>
10004f72:	d1ca      	bne.n	10004f0a <tud_task_ext+0x30a>
10004f74:	4dd3      	ldr	r5, [pc, #844]	@ (100052c4 <tud_task_ext+0x6c4>)
10004f76:	6968      	ldr	r0, [r5, #20]
10004f78:	f000 fb58 	bl	1000562c <usbd_control_set_complete_callback>
10004f7c:	2101      	movs	r1, #1
10004f7e:	4658      	mov	r0, fp
10004f80:	696b      	ldr	r3, [r5, #20]
10004f82:	aa0e      	add	r2, sp, #56	@ 0x38
10004f84:	4798      	blx	r3
10004f86:	2800      	cmp	r0, #0
10004f88:	d000      	beq.n	10004f8c <tud_task_ext+0x38c>
10004f8a:	e64f      	b.n	10004c2c <tud_task_ext+0x2c>
10004f8c:	2260      	movs	r2, #96	@ 0x60
10004f8e:	0015      	movs	r5, r2
10004f90:	7923      	ldrb	r3, [r4, #4]
10004f92:	401d      	ands	r5, r3
10004f94:	421a      	tst	r2, r3
10004f96:	d1b8      	bne.n	10004f0a <tud_task_ext+0x30a>
10004f98:	7963      	ldrb	r3, [r4, #5]
10004f9a:	3b0a      	subs	r3, #10
10004f9c:	2b01      	cmp	r3, #1
10004f9e:	d8b4      	bhi.n	10004f0a <tud_task_ext+0x30a>
10004fa0:	f000 fb44 	bl	1000562c <usbd_control_set_complete_callback>
10004fa4:	7963      	ldrb	r3, [r4, #5]
10004fa6:	2b0a      	cmp	r3, #10
10004fa8:	d100      	bne.n	10004fac <tud_task_ext+0x3ac>
10004faa:	e17f      	b.n	100052ac <tud_task_ext+0x6ac>
10004fac:	4658      	mov	r0, fp
10004fae:	a90e      	add	r1, sp, #56	@ 0x38
10004fb0:	f000 fac8 	bl	10005544 <tud_control_status>
10004fb4:	e63a      	b.n	10004c2c <tud_task_ext+0x2c>
10004fb6:	4283      	cmp	r3, r0
10004fb8:	d000      	beq.n	10004fbc <tud_task_ext+0x3bc>
10004fba:	e0ee      	b.n	1000519a <tud_task_ext+0x59a>
10004fbc:	4bc1      	ldr	r3, [pc, #772]	@ (100052c4 <tud_task_ext+0x6c4>)
10004fbe:	4699      	mov	r9, r3
10004fc0:	2a00      	cmp	r2, #0
10004fc2:	d100      	bne.n	10004fc6 <tud_task_ext+0x3c6>
10004fc4:	e0ee      	b.n	100051a4 <tud_task_ext+0x5a4>
10004fc6:	464b      	mov	r3, r9
10004fc8:	6958      	ldr	r0, [r3, #20]
10004fca:	f000 fb2f 	bl	1000562c <usbd_control_set_complete_callback>
10004fce:	464b      	mov	r3, r9
10004fd0:	2101      	movs	r1, #1
10004fd2:	4658      	mov	r0, fp
10004fd4:	695b      	ldr	r3, [r3, #20]
10004fd6:	aa0e      	add	r2, sp, #56	@ 0x38
10004fd8:	4798      	blx	r3
10004fda:	e7a7      	b.n	10004f2c <tud_task_ext+0x32c>
10004fdc:	4aba      	ldr	r2, [pc, #744]	@ (100052c8 <tud_task_ext+0x6c8>)
10004fde:	015b      	lsls	r3, r3, #5
10004fe0:	6815      	ldr	r5, [r2, #0]
10004fe2:	18ed      	adds	r5, r5, r3
10004fe4:	2d00      	cmp	r5, #0
10004fe6:	d1c6      	bne.n	10004f76 <tud_task_ext+0x376>
10004fe8:	e78f      	b.n	10004f0a <tud_task_ext+0x30a>
10004fea:	79a3      	ldrb	r3, [r4, #6]
10004fec:	4699      	mov	r9, r3
10004fee:	786b      	ldrb	r3, [r5, #1]
10004ff0:	4599      	cmp	r9, r3
10004ff2:	d0db      	beq.n	10004fac <tud_task_ext+0x3ac>
10004ff4:	786b      	ldrb	r3, [r5, #1]
10004ff6:	2b00      	cmp	r3, #0
10004ff8:	d000      	beq.n	10004ffc <tud_task_ext+0x3fc>
10004ffa:	e12a      	b.n	10005252 <tud_task_ext+0x652>
10004ffc:	464b      	mov	r3, r9
10004ffe:	706b      	strb	r3, [r5, #1]
10005000:	2b00      	cmp	r3, #0
10005002:	d100      	bne.n	10005006 <tud_task_ext+0x406>
10005004:	e122      	b.n	1000524c <tud_task_ext+0x64c>
10005006:	4648      	mov	r0, r9
10005008:	3801      	subs	r0, #1
1000500a:	b2c0      	uxtb	r0, r0
1000500c:	f7ff fa24 	bl	10004458 <tud_descriptor_configuration_cb>
10005010:	2800      	cmp	r0, #0
10005012:	d100      	bne.n	10005016 <tud_task_ext+0x416>
10005014:	e174      	b.n	10005300 <tud_task_ext+0x700>
10005016:	7843      	ldrb	r3, [r0, #1]
10005018:	9307      	str	r3, [sp, #28]
1000501a:	2b02      	cmp	r3, #2
1000501c:	d000      	beq.n	10005020 <tud_task_ext+0x420>
1000501e:	e16f      	b.n	10005300 <tud_task_ext+0x700>
10005020:	2201      	movs	r2, #1
10005022:	79c1      	ldrb	r1, [r0, #7]
10005024:	46b1      	mov	r9, r6
10005026:	118b      	asrs	r3, r1, #6
10005028:	1149      	asrs	r1, r1, #5
1000502a:	4013      	ands	r3, r2
1000502c:	400a      	ands	r2, r1
1000502e:	2130      	movs	r1, #48	@ 0x30
10005030:	0112      	lsls	r2, r2, #4
10005032:	015b      	lsls	r3, r3, #5
10005034:	4313      	orrs	r3, r2
10005036:	782a      	ldrb	r2, [r5, #0]
10005038:	46a8      	mov	r8, r5
1000503a:	438a      	bics	r2, r1
1000503c:	4313      	orrs	r3, r2
1000503e:	702b      	strb	r3, [r5, #0]
10005040:	2309      	movs	r3, #9
10005042:	469a      	mov	sl, r3
10005044:	4482      	add	sl, r0
10005046:	4656      	mov	r6, sl
10005048:	46ba      	mov	sl, r7
1000504a:	78c3      	ldrb	r3, [r0, #3]
1000504c:	7882      	ldrb	r2, [r0, #2]
1000504e:	021b      	lsls	r3, r3, #8
10005050:	4313      	orrs	r3, r2
10005052:	18c3      	adds	r3, r0, r3
10005054:	9305      	str	r3, [sp, #20]
10005056:	4b9a      	ldr	r3, [pc, #616]	@ (100052c0 <tud_task_ext+0x6c0>)
10005058:	9304      	str	r3, [sp, #16]
1000505a:	4b9a      	ldr	r3, [pc, #616]	@ (100052c4 <tud_task_ext+0x6c4>)
1000505c:	9308      	str	r3, [sp, #32]
1000505e:	4b9a      	ldr	r3, [pc, #616]	@ (100052c8 <tud_task_ext+0x6c8>)
10005060:	9309      	str	r3, [sp, #36]	@ 0x24
10005062:	4b9a      	ldr	r3, [pc, #616]	@ (100052cc <tud_task_ext+0x6cc>)
10005064:	930a      	str	r3, [sp, #40]	@ 0x28
10005066:	9b05      	ldr	r3, [sp, #20]
10005068:	42b3      	cmp	r3, r6
1000506a:	d800      	bhi.n	1000506e <tud_task_ext+0x46e>
1000506c:	e14b      	b.n	10005306 <tud_task_ext+0x706>
1000506e:	7873      	ldrb	r3, [r6, #1]
10005070:	2201      	movs	r2, #1
10005072:	2b0b      	cmp	r3, #11
10005074:	d103      	bne.n	1000507e <tud_task_ext+0x47e>
10005076:	7833      	ldrb	r3, [r6, #0]
10005078:	78f2      	ldrb	r2, [r6, #3]
1000507a:	18f6      	adds	r6, r6, r3
1000507c:	7873      	ldrb	r3, [r6, #1]
1000507e:	2b04      	cmp	r3, #4
10005080:	d000      	beq.n	10005084 <tud_task_ext+0x484>
10005082:	e13a      	b.n	100052fa <tud_task_ext+0x6fa>
10005084:	9b05      	ldr	r3, [sp, #20]
10005086:	2700      	movs	r7, #0
10005088:	1b9b      	subs	r3, r3, r6
1000508a:	b29b      	uxth	r3, r3
1000508c:	9306      	str	r3, [sp, #24]
1000508e:	9b04      	ldr	r3, [sp, #16]
10005090:	920b      	str	r2, [sp, #44]	@ 0x2c
10005092:	781d      	ldrb	r5, [r3, #0]
10005094:	e019      	b.n	100050ca <tud_task_ext+0x4ca>
10005096:	9a09      	ldr	r2, [sp, #36]	@ 0x24
10005098:	017b      	lsls	r3, r7, #5
1000509a:	6815      	ldr	r5, [r2, #0]
1000509c:	18ed      	adds	r5, r5, r3
1000509e:	2d00      	cmp	r5, #0
100050a0:	d100      	bne.n	100050a4 <tud_task_ext+0x4a4>
100050a2:	e12a      	b.n	100052fa <tud_task_ext+0x6fa>
100050a4:	0031      	movs	r1, r6
100050a6:	4658      	mov	r0, fp
100050a8:	692b      	ldr	r3, [r5, #16]
100050aa:	9a06      	ldr	r2, [sp, #24]
100050ac:	4798      	blx	r3
100050ae:	4684      	mov	ip, r0
100050b0:	2808      	cmp	r0, #8
100050b2:	d903      	bls.n	100050bc <tud_task_ext+0x4bc>
100050b4:	9a06      	ldr	r2, [sp, #24]
100050b6:	4282      	cmp	r2, r0
100050b8:	d300      	bcc.n	100050bc <tud_task_ext+0x4bc>
100050ba:	e10b      	b.n	100052d4 <tud_task_ext+0x6d4>
100050bc:	9b04      	ldr	r3, [sp, #16]
100050be:	3701      	adds	r7, #1
100050c0:	781d      	ldrb	r5, [r3, #0]
100050c2:	b2ff      	uxtb	r7, r7
100050c4:	42bd      	cmp	r5, r7
100050c6:	d200      	bcs.n	100050ca <tud_task_ext+0x4ca>
100050c8:	e117      	b.n	100052fa <tud_task_ext+0x6fa>
100050ca:	42bd      	cmp	r5, r7
100050cc:	d8e3      	bhi.n	10005096 <tud_task_ext+0x496>
100050ce:	9b08      	ldr	r3, [sp, #32]
100050d0:	1b7d      	subs	r5, r7, r5
100050d2:	469c      	mov	ip, r3
100050d4:	016d      	lsls	r5, r5, #5
100050d6:	4465      	add	r5, ip
100050d8:	e7e4      	b.n	100050a4 <tud_task_ext+0x4a4>
100050da:	786b      	ldrb	r3, [r5, #1]
100050dc:	aa0c      	add	r2, sp, #48	@ 0x30
100050de:	3202      	adds	r2, #2
100050e0:	7013      	strb	r3, [r2, #0]
100050e2:	4658      	mov	r0, fp
100050e4:	2301      	movs	r3, #1
100050e6:	a90e      	add	r1, sp, #56	@ 0x38
100050e8:	f000 fa42 	bl	10005570 <tud_control_xfer>
100050ec:	e59e      	b.n	10004c2c <tud_task_ext+0x2c>
100050ee:	88e3      	ldrh	r3, [r4, #6]
100050f0:	0a1a      	lsrs	r2, r3, #8
100050f2:	b2d8      	uxtb	r0, r3
100050f4:	2a0f      	cmp	r2, #15
100050f6:	d900      	bls.n	100050fa <tud_task_ext+0x4fa>
100050f8:	e707      	b.n	10004f0a <tud_task_ext+0x30a>
100050fa:	4975      	ldr	r1, [pc, #468]	@ (100052d0 <tud_task_ext+0x6d0>)
100050fc:	0093      	lsls	r3, r2, #2
100050fe:	58cb      	ldr	r3, [r1, r3]
10005100:	469f      	mov	pc, r3
10005102:	a80e      	add	r0, sp, #56	@ 0x38
10005104:	f000 fa98 	bl	10005638 <usbd_control_set_request>
10005108:	4658      	mov	r0, fp
1000510a:	79a1      	ldrb	r1, [r4, #6]
1000510c:	f7ff fbb4 	bl	10004878 <dcd_set_address>
10005110:	2202      	movs	r2, #2
10005112:	782b      	ldrb	r3, [r5, #0]
10005114:	4313      	orrs	r3, r2
10005116:	702b      	strb	r3, [r5, #0]
10005118:	e588      	b.n	10004c2c <tud_task_ext+0x2c>
1000511a:	88e3      	ldrh	r3, [r4, #6]
1000511c:	2b01      	cmp	r3, #1
1000511e:	d000      	beq.n	10005122 <tud_task_ext+0x522>
10005120:	e6f3      	b.n	10004f0a <tud_task_ext+0x30a>
10005122:	2208      	movs	r2, #8
10005124:	782b      	ldrb	r3, [r5, #0]
10005126:	4658      	mov	r0, fp
10005128:	4393      	bics	r3, r2
1000512a:	a90e      	add	r1, sp, #56	@ 0x38
1000512c:	702b      	strb	r3, [r5, #0]
1000512e:	f000 fa09 	bl	10005544 <tud_control_status>
10005132:	e57b      	b.n	10004c2c <tud_task_ext+0x2c>
10005134:	2002      	movs	r0, #2
10005136:	7829      	ldrb	r1, [r5, #0]
10005138:	ab0c      	add	r3, sp, #48	@ 0x30
1000513a:	1c9a      	adds	r2, r3, #2
1000513c:	068b      	lsls	r3, r1, #26
1000513e:	0889      	lsrs	r1, r1, #2
10005140:	0fdb      	lsrs	r3, r3, #31
10005142:	4001      	ands	r1, r0
10005144:	430b      	orrs	r3, r1
10005146:	8013      	strh	r3, [r2, #0]
10005148:	4658      	mov	r0, fp
1000514a:	2302      	movs	r3, #2
1000514c:	a90e      	add	r1, sp, #56	@ 0x38
1000514e:	f000 fa0f 	bl	10005570 <tud_control_xfer>
10005152:	e56b      	b.n	10004c2c <tud_task_ext+0x2c>
10005154:	88e3      	ldrh	r3, [r4, #6]
10005156:	2b01      	cmp	r3, #1
10005158:	d000      	beq.n	1000515c <tud_task_ext+0x55c>
1000515a:	e6d6      	b.n	10004f0a <tud_task_ext+0x30a>
1000515c:	2208      	movs	r2, #8
1000515e:	782b      	ldrb	r3, [r5, #0]
10005160:	4313      	orrs	r3, r2
10005162:	702b      	strb	r3, [r5, #0]
10005164:	e722      	b.n	10004fac <tud_task_ext+0x3ac>
10005166:	7a23      	ldrb	r3, [r4, #8]
10005168:	2b0f      	cmp	r3, #15
1000516a:	d900      	bls.n	1000516e <tud_task_ext+0x56e>
1000516c:	e6cd      	b.n	10004f0a <tud_task_ext+0x30a>
1000516e:	4a54      	ldr	r2, [pc, #336]	@ (100052c0 <tud_task_ext+0x6c0>)
10005170:	18eb      	adds	r3, r5, r3
10005172:	791b      	ldrb	r3, [r3, #4]
10005174:	7812      	ldrb	r2, [r2, #0]
10005176:	4293      	cmp	r3, r2
10005178:	d228      	bcs.n	100051cc <tud_task_ext+0x5cc>
1000517a:	4a53      	ldr	r2, [pc, #332]	@ (100052c8 <tud_task_ext+0x6c8>)
1000517c:	015b      	lsls	r3, r3, #5
1000517e:	6815      	ldr	r5, [r2, #0]
10005180:	18ed      	adds	r5, r5, r3
10005182:	2d00      	cmp	r5, #0
10005184:	d100      	bne.n	10005188 <tud_task_ext+0x588>
10005186:	e6c0      	b.n	10004f0a <tud_task_ext+0x30a>
10005188:	6968      	ldr	r0, [r5, #20]
1000518a:	f000 fa4f 	bl	1000562c <usbd_control_set_complete_callback>
1000518e:	2101      	movs	r1, #1
10005190:	4658      	mov	r0, fp
10005192:	696b      	ldr	r3, [r5, #20]
10005194:	aa0e      	add	r2, sp, #56	@ 0x38
10005196:	4798      	blx	r3
10005198:	e6c8      	b.n	10004f2c <tud_task_ext+0x32c>
1000519a:	2a00      	cmp	r2, #0
1000519c:	d000      	beq.n	100051a0 <tud_task_ext+0x5a0>
1000519e:	e6b4      	b.n	10004f0a <tud_task_ext+0x30a>
100051a0:	2300      	movs	r3, #0
100051a2:	4699      	mov	r9, r3
100051a4:	7962      	ldrb	r2, [r4, #5]
100051a6:	2002      	movs	r0, #2
100051a8:	0013      	movs	r3, r2
100051aa:	9204      	str	r2, [sp, #16]
100051ac:	4383      	bics	r3, r0
100051ae:	2b01      	cmp	r3, #1
100051b0:	d011      	beq.n	100051d6 <tud_task_ext+0x5d6>
100051b2:	2a00      	cmp	r2, #0
100051b4:	d000      	beq.n	100051b8 <tud_task_ext+0x5b8>
100051b6:	e6a8      	b.n	10004f0a <tud_task_ext+0x30a>
100051b8:	002b      	movs	r3, r5
100051ba:	4443      	add	r3, r8
100051bc:	4453      	add	r3, sl
100051be:	3330      	adds	r3, #48	@ 0x30
100051c0:	791b      	ldrb	r3, [r3, #4]
100051c2:	aa0c      	add	r2, sp, #48	@ 0x30
100051c4:	079b      	lsls	r3, r3, #30
100051c6:	0fdb      	lsrs	r3, r3, #31
100051c8:	3202      	adds	r2, #2
100051ca:	e7bc      	b.n	10005146 <tud_task_ext+0x546>
100051cc:	4293      	cmp	r3, r2
100051ce:	d000      	beq.n	100051d2 <tud_task_ext+0x5d2>
100051d0:	e69b      	b.n	10004f0a <tud_task_ext+0x30a>
100051d2:	4d3c      	ldr	r5, [pc, #240]	@ (100052c4 <tud_task_ext+0x6c4>)
100051d4:	e7d8      	b.n	10005188 <tud_task_ext+0x588>
100051d6:	88e3      	ldrh	r3, [r4, #6]
100051d8:	2b00      	cmp	r3, #0
100051da:	d112      	bne.n	10005202 <tud_task_ext+0x602>
100051dc:	9b03      	ldr	r3, [sp, #12]
100051de:	7818      	ldrb	r0, [r3, #0]
100051e0:	9b04      	ldr	r3, [sp, #16]
100051e2:	2b01      	cmp	r3, #1
100051e4:	d023      	beq.n	1000522e <tud_task_ext+0x62e>
100051e6:	f7ff fbff 	bl	100049e8 <dcd_edpt_stall>
100051ea:	4643      	mov	r3, r8
100051ec:	2102      	movs	r1, #2
100051ee:	18eb      	adds	r3, r5, r3
100051f0:	4453      	add	r3, sl
100051f2:	3330      	adds	r3, #48	@ 0x30
100051f4:	791a      	ldrb	r2, [r3, #4]
100051f6:	430a      	orrs	r2, r1
100051f8:	2101      	movs	r1, #1
100051fa:	711a      	strb	r2, [r3, #4]
100051fc:	791a      	ldrb	r2, [r3, #4]
100051fe:	430a      	orrs	r2, r1
10005200:	711a      	strb	r2, [r3, #4]
10005202:	464b      	mov	r3, r9
10005204:	2b00      	cmp	r3, #0
10005206:	d100      	bne.n	1000520a <tud_task_ext+0x60a>
10005208:	e510      	b.n	10004c2c <tud_task_ext+0x2c>
1000520a:	6958      	ldr	r0, [r3, #20]
1000520c:	f000 fa0e 	bl	1000562c <usbd_control_set_complete_callback>
10005210:	464b      	mov	r3, r9
10005212:	2101      	movs	r1, #1
10005214:	695b      	ldr	r3, [r3, #20]
10005216:	aa0e      	add	r2, sp, #56	@ 0x38
10005218:	4658      	mov	r0, fp
1000521a:	4798      	blx	r3
1000521c:	2000      	movs	r0, #0
1000521e:	f000 fa05 	bl	1000562c <usbd_control_set_complete_callback>
10005222:	2335      	movs	r3, #53	@ 0x35
10005224:	5ceb      	ldrb	r3, [r5, r3]
10005226:	07db      	lsls	r3, r3, #31
10005228:	d500      	bpl.n	1000522c <tud_task_ext+0x62c>
1000522a:	e4ff      	b.n	10004c2c <tud_task_ext+0x2c>
1000522c:	e6be      	b.n	10004fac <tud_task_ext+0x3ac>
1000522e:	f7ff fbf9 	bl	10004a24 <dcd_edpt_clear_stall>
10005232:	4643      	mov	r3, r8
10005234:	2102      	movs	r1, #2
10005236:	18eb      	adds	r3, r5, r3
10005238:	4453      	add	r3, sl
1000523a:	3330      	adds	r3, #48	@ 0x30
1000523c:	791a      	ldrb	r2, [r3, #4]
1000523e:	438a      	bics	r2, r1
10005240:	711a      	strb	r2, [r3, #4]
10005242:	791a      	ldrb	r2, [r3, #4]
10005244:	9904      	ldr	r1, [sp, #16]
10005246:	438a      	bics	r2, r1
10005248:	711a      	strb	r2, [r3, #4]
1000524a:	e7da      	b.n	10005202 <tud_task_ext+0x602>
1000524c:	f7ff fc4c 	bl	10004ae8 <tud_umount_cb>
10005250:	e6ac      	b.n	10004fac <tud_task_ext+0x3ac>
10005252:	2100      	movs	r1, #0
10005254:	4658      	mov	r0, fp
10005256:	f7ff fb19 	bl	1000488c <dcd_sof_enable>
1000525a:	4658      	mov	r0, fp
1000525c:	f7ff fbae 	bl	100049bc <dcd_edpt_close_all>
10005260:	2200      	movs	r2, #0
10005262:	4692      	mov	sl, r2
10005264:	4a17      	ldr	r2, [pc, #92]	@ (100052c4 <tud_task_ext+0x6c4>)
10005266:	78ab      	ldrb	r3, [r5, #2]
10005268:	9205      	str	r2, [sp, #20]
1000526a:	4a17      	ldr	r2, [pc, #92]	@ (100052c8 <tud_task_ext+0x6c8>)
1000526c:	9304      	str	r3, [sp, #16]
1000526e:	9206      	str	r2, [sp, #24]
10005270:	002a      	movs	r2, r5
10005272:	4b13      	ldr	r3, [pc, #76]	@ (100052c0 <tud_task_ext+0x6c0>)
10005274:	4655      	mov	r5, sl
10005276:	4698      	mov	r8, r3
10005278:	4692      	mov	sl, r2
1000527a:	781b      	ldrb	r3, [r3, #0]
1000527c:	e00e      	b.n	1000529c <tud_task_ext+0x69c>
1000527e:	9b06      	ldr	r3, [sp, #24]
10005280:	016a      	lsls	r2, r5, #5
10005282:	681b      	ldr	r3, [r3, #0]
10005284:	189b      	adds	r3, r3, r2
10005286:	2b00      	cmp	r3, #0
10005288:	d056      	beq.n	10005338 <tud_task_ext+0x738>
1000528a:	68db      	ldr	r3, [r3, #12]
1000528c:	4658      	mov	r0, fp
1000528e:	4798      	blx	r3
10005290:	4643      	mov	r3, r8
10005292:	3501      	adds	r5, #1
10005294:	781b      	ldrb	r3, [r3, #0]
10005296:	b2ed      	uxtb	r5, r5
10005298:	42ab      	cmp	r3, r5
1000529a:	d339      	bcc.n	10005310 <tud_task_ext+0x710>
1000529c:	42ab      	cmp	r3, r5
1000529e:	d8ee      	bhi.n	1000527e <tud_task_ext+0x67e>
100052a0:	9a05      	ldr	r2, [sp, #20]
100052a2:	1aeb      	subs	r3, r5, r3
100052a4:	4694      	mov	ip, r2
100052a6:	015b      	lsls	r3, r3, #5
100052a8:	4463      	add	r3, ip
100052aa:	e7ee      	b.n	1000528a <tud_task_ext+0x68a>
100052ac:	ab0c      	add	r3, sp, #48	@ 0x30
100052ae:	1c9a      	adds	r2, r3, #2
100052b0:	4658      	mov	r0, fp
100052b2:	2301      	movs	r3, #1
100052b4:	a90e      	add	r1, sp, #56	@ 0x38
100052b6:	7015      	strb	r5, [r2, #0]
100052b8:	f000 f95a 	bl	10005570 <tud_control_xfer>
100052bc:	e4b6      	b.n	10004c2c <tud_task_ext+0x2c>
100052be:	46c0      	nop			@ (mov r8, r8)
100052c0:	20001c91 	.word	0x20001c91
100052c4:	10006afc 	.word	0x10006afc
100052c8:	20001308 	.word	0x20001308
100052cc:	200014cc 	.word	0x200014cc
100052d0:	10006aa0 	.word	0x10006aa0
100052d4:	9a0b      	ldr	r2, [sp, #44]	@ 0x2c
100052d6:	2a01      	cmp	r2, #1
100052d8:	d04d      	beq.n	10005376 <tud_task_ext+0x776>
100052da:	2a00      	cmp	r2, #0
100052dc:	d03c      	beq.n	10005358 <tud_task_ext+0x758>
100052de:	2300      	movs	r3, #0
100052e0:	78b0      	ldrb	r0, [r6, #2]
100052e2:	e004      	b.n	100052ee <tud_task_ext+0x6ee>
100052e4:	3301      	adds	r3, #1
100052e6:	b2db      	uxtb	r3, r3
100052e8:	710f      	strb	r7, [r1, #4]
100052ea:	4293      	cmp	r3, r2
100052ec:	d234      	bcs.n	10005358 <tud_task_ext+0x758>
100052ee:	18c1      	adds	r1, r0, r3
100052f0:	b2c9      	uxtb	r1, r1
100052f2:	4441      	add	r1, r8
100052f4:	790d      	ldrb	r5, [r1, #4]
100052f6:	2dff      	cmp	r5, #255	@ 0xff
100052f8:	d0f4      	beq.n	100052e4 <tud_task_ext+0x6e4>
100052fa:	464e      	mov	r6, r9
100052fc:	4645      	mov	r5, r8
100052fe:	4657      	mov	r7, sl
10005300:	2300      	movs	r3, #0
10005302:	706b      	strb	r3, [r5, #1]
10005304:	e601      	b.n	10004f0a <tud_task_ext+0x30a>
10005306:	464e      	mov	r6, r9
10005308:	4657      	mov	r7, sl
1000530a:	f7ff fbeb 	bl	10004ae4 <tud_mount_cb>
1000530e:	e64d      	b.n	10004fac <tud_task_ext+0x3ac>
10005310:	4655      	mov	r5, sl
10005312:	2254      	movs	r2, #84	@ 0x54
10005314:	2100      	movs	r1, #0
10005316:	0028      	movs	r0, r5
10005318:	f7fc ffd6 	bl	100022c8 <__wrap_memset>
1000531c:	2210      	movs	r2, #16
1000531e:	21ff      	movs	r1, #255	@ 0xff
10005320:	1d28      	adds	r0, r5, #4
10005322:	f7fc ffd1 	bl	100022c8 <__wrap_memset>
10005326:	0028      	movs	r0, r5
10005328:	2220      	movs	r2, #32
1000532a:	21ff      	movs	r1, #255	@ 0xff
1000532c:	3014      	adds	r0, #20
1000532e:	f7fc ffcb 	bl	100022c8 <__wrap_memset>
10005332:	9b04      	ldr	r3, [sp, #16]
10005334:	70ab      	strb	r3, [r5, #2]
10005336:	e661      	b.n	10004ffc <tud_task_ext+0x3fc>
10005338:	4655      	mov	r5, sl
1000533a:	e7fa      	b.n	10005332 <tud_task_ext+0x732>
1000533c:	f7ff fa14 	bl	10004768 <tud_descriptor_bos_cb>
10005340:	1e02      	subs	r2, r0, #0
10005342:	d100      	bne.n	10005346 <tud_task_ext+0x746>
10005344:	e5e1      	b.n	10004f0a <tud_task_ext+0x30a>
10005346:	78d3      	ldrb	r3, [r2, #3]
10005348:	7891      	ldrb	r1, [r2, #2]
1000534a:	021b      	lsls	r3, r3, #8
1000534c:	430b      	orrs	r3, r1
1000534e:	4658      	mov	r0, fp
10005350:	a90e      	add	r1, sp, #56	@ 0x38
10005352:	f000 f90d 	bl	10005570 <tud_control_xfer>
10005356:	e5e9      	b.n	10004f2c <tud_task_ext+0x32c>
10005358:	4665      	mov	r5, ip
1000535a:	003b      	movs	r3, r7
1000535c:	0031      	movs	r1, r6
1000535e:	002a      	movs	r2, r5
10005360:	980a      	ldr	r0, [sp, #40]	@ 0x28
10005362:	f000 fd4f 	bl	10005e04 <tu_edpt_bind_driver>
10005366:	46ac      	mov	ip, r5
10005368:	9b04      	ldr	r3, [sp, #16]
1000536a:	4466      	add	r6, ip
1000536c:	781b      	ldrb	r3, [r3, #0]
1000536e:	42bb      	cmp	r3, r7
10005370:	d300      	bcc.n	10005374 <tud_task_ext+0x774>
10005372:	e678      	b.n	10005066 <tud_task_ext+0x466>
10005374:	e7c1      	b.n	100052fa <tud_task_ext+0x6fa>
10005376:	4b17      	ldr	r3, [pc, #92]	@ (100053d4 <tud_task_ext+0x7d4>)
10005378:	6929      	ldr	r1, [r5, #16]
1000537a:	4299      	cmp	r1, r3
1000537c:	d1af      	bne.n	100052de <tud_task_ext+0x6de>
1000537e:	9a07      	ldr	r2, [sp, #28]
10005380:	e7ad      	b.n	100052de <tud_task_ext+0x6de>
10005382:	f7ff fbab 	bl	10004adc <tud_descriptor_device_qualifier_cb>
10005386:	1e02      	subs	r2, r0, #0
10005388:	d100      	bne.n	1000538c <tud_task_ext+0x78c>
1000538a:	e5be      	b.n	10004f0a <tud_task_ext+0x30a>
1000538c:	4658      	mov	r0, fp
1000538e:	7813      	ldrb	r3, [r2, #0]
10005390:	a90e      	add	r1, sp, #56	@ 0x38
10005392:	f000 f8ed 	bl	10005570 <tud_control_xfer>
10005396:	e5c9      	b.n	10004f2c <tud_task_ext+0x32c>
10005398:	8921      	ldrh	r1, [r4, #8]
1000539a:	f7ff f861 	bl	10004460 <tud_descriptor_string_cb>
1000539e:	1e02      	subs	r2, r0, #0
100053a0:	d1f4      	bne.n	1000538c <tud_task_ext+0x78c>
100053a2:	e5b2      	b.n	10004f0a <tud_task_ext+0x30a>
100053a4:	2a02      	cmp	r2, #2
100053a6:	d00f      	beq.n	100053c8 <tud_task_ext+0x7c8>
100053a8:	f7ff fb9a 	bl	10004ae0 <tud_descriptor_other_speed_configuration_cb>
100053ac:	1e02      	subs	r2, r0, #0
100053ae:	d1ca      	bne.n	10005346 <tud_task_ext+0x746>
100053b0:	e5ab      	b.n	10004f0a <tud_task_ext+0x30a>
100053b2:	f7ff f84d 	bl	10004450 <tud_descriptor_device_cb>
100053b6:	1e02      	subs	r2, r0, #0
100053b8:	d100      	bne.n	100053bc <tud_task_ext+0x7bc>
100053ba:	e5a6      	b.n	10004f0a <tud_task_ext+0x30a>
100053bc:	2312      	movs	r3, #18
100053be:	4658      	mov	r0, fp
100053c0:	a90e      	add	r1, sp, #56	@ 0x38
100053c2:	f000 f8d5 	bl	10005570 <tud_control_xfer>
100053c6:	e5b1      	b.n	10004f2c <tud_task_ext+0x32c>
100053c8:	f7ff f846 	bl	10004458 <tud_descriptor_configuration_cb>
100053cc:	1e02      	subs	r2, r0, #0
100053ce:	d1ba      	bne.n	10005346 <tud_task_ext+0x746>
100053d0:	e59b      	b.n	10004f0a <tud_task_ext+0x30a>
100053d2:	46c0      	nop			@ (mov r8, r8)
100053d4:	10005a29 	.word	0x10005a29

100053d8 <usbd_open_edpt_pair>:
100053d8:	b5f8      	push	{r3, r4, r5, r6, r7, lr}
100053da:	4657      	mov	r7, sl
100053dc:	464e      	mov	r6, r9
100053de:	46de      	mov	lr, fp
100053e0:	4645      	mov	r5, r8
100053e2:	000c      	movs	r4, r1
100053e4:	b5e0      	push	{r5, r6, r7, lr}
100053e6:	0016      	movs	r6, r2
100053e8:	001f      	movs	r7, r3
100053ea:	2a00      	cmp	r2, #0
100053ec:	d03c      	beq.n	10005468 <usbd_open_edpt_pair+0x90>
100053ee:	2370      	movs	r3, #112	@ 0x70
100053f0:	4698      	mov	r8, r3
100053f2:	4b1e      	ldr	r3, [pc, #120]	@ (1000546c <usbd_open_edpt_pair+0x94>)
100053f4:	2500      	movs	r5, #0
100053f6:	469b      	mov	fp, r3
100053f8:	4b1d      	ldr	r3, [pc, #116]	@ (10005470 <usbd_open_edpt_pair+0x98>)
100053fa:	469a      	mov	sl, r3
100053fc:	e01a      	b.n	10005434 <usbd_open_edpt_pair+0x5c>
100053fe:	465b      	mov	r3, fp
10005400:	781b      	ldrb	r3, [r3, #0]
10005402:	0020      	movs	r0, r4
10005404:	4699      	mov	r9, r3
10005406:	4653      	mov	r3, sl
10005408:	7899      	ldrb	r1, [r3, #2]
1000540a:	f000 fcbd 	bl	10005d88 <tu_edpt_validate>
1000540e:	2800      	cmp	r0, #0
10005410:	d01c      	beq.n	1000544c <usbd_open_edpt_pair+0x74>
10005412:	0021      	movs	r1, r4
10005414:	4648      	mov	r0, r9
10005416:	f7ff fa55 	bl	100048c4 <dcd_edpt_open>
1000541a:	2800      	cmp	r0, #0
1000541c:	d016      	beq.n	1000544c <usbd_open_edpt_pair+0x74>
1000541e:	78a3      	ldrb	r3, [r4, #2]
10005420:	09da      	lsrs	r2, r3, #7
10005422:	2a01      	cmp	r2, #1
10005424:	d019      	beq.n	1000545a <usbd_open_edpt_pair+0x82>
10005426:	9a0a      	ldr	r2, [sp, #40]	@ 0x28
10005428:	3501      	adds	r5, #1
1000542a:	7013      	strb	r3, [r2, #0]
1000542c:	7823      	ldrb	r3, [r4, #0]
1000542e:	18e4      	adds	r4, r4, r3
10005430:	42b5      	cmp	r5, r6
10005432:	da19      	bge.n	10005468 <usbd_open_edpt_pair+0x90>
10005434:	7863      	ldrb	r3, [r4, #1]
10005436:	2b05      	cmp	r3, #5
10005438:	d108      	bne.n	1000544c <usbd_open_edpt_pair+0x74>
1000543a:	78e3      	ldrb	r3, [r4, #3]
1000543c:	079b      	lsls	r3, r3, #30
1000543e:	0f9b      	lsrs	r3, r3, #30
10005440:	42bb      	cmp	r3, r7
10005442:	d103      	bne.n	1000544c <usbd_open_edpt_pair+0x74>
10005444:	4642      	mov	r2, r8
10005446:	78a3      	ldrb	r3, [r4, #2]
10005448:	421a      	tst	r2, r3
1000544a:	d0d8      	beq.n	100053fe <usbd_open_edpt_pair+0x26>
1000544c:	2000      	movs	r0, #0
1000544e:	bcf0      	pop	{r4, r5, r6, r7}
10005450:	46bb      	mov	fp, r7
10005452:	46b2      	mov	sl, r6
10005454:	46a9      	mov	r9, r5
10005456:	46a0      	mov	r8, r4
10005458:	bdf8      	pop	{r3, r4, r5, r6, r7, pc}
1000545a:	9a0b      	ldr	r2, [sp, #44]	@ 0x2c
1000545c:	3501      	adds	r5, #1
1000545e:	7013      	strb	r3, [r2, #0]
10005460:	7823      	ldrb	r3, [r4, #0]
10005462:	18e4      	adds	r4, r4, r3
10005464:	42b5      	cmp	r5, r6
10005466:	dbe5      	blt.n	10005434 <usbd_open_edpt_pair+0x5c>
10005468:	2001      	movs	r0, #1
1000546a:	e7f0      	b.n	1000544e <usbd_open_edpt_pair+0x76>
1000546c:	20001074 	.word	0x20001074
10005470:	200014b8 	.word	0x200014b8

10005474 <usbd_edpt_open>:
10005474:	2270      	movs	r2, #112	@ 0x70
10005476:	b570      	push	{r4, r5, r6, lr}
10005478:	788b      	ldrb	r3, [r1, #2]
1000547a:	000c      	movs	r4, r1
1000547c:	421a      	tst	r2, r3
1000547e:	d001      	beq.n	10005484 <usbd_edpt_open+0x10>
10005480:	2000      	movs	r0, #0
10005482:	bd70      	pop	{r4, r5, r6, pc}
10005484:	4b06      	ldr	r3, [pc, #24]	@ (100054a0 <usbd_edpt_open+0x2c>)
10005486:	0020      	movs	r0, r4
10005488:	781d      	ldrb	r5, [r3, #0]
1000548a:	4b06      	ldr	r3, [pc, #24]	@ (100054a4 <usbd_edpt_open+0x30>)
1000548c:	7899      	ldrb	r1, [r3, #2]
1000548e:	f000 fc7b 	bl	10005d88 <tu_edpt_validate>
10005492:	2800      	cmp	r0, #0
10005494:	d0f4      	beq.n	10005480 <usbd_edpt_open+0xc>
10005496:	0021      	movs	r1, r4
10005498:	0028      	movs	r0, r5
1000549a:	f7ff fa13 	bl	100048c4 <dcd_edpt_open>
1000549e:	e7f0      	b.n	10005482 <usbd_edpt_open+0xe>
100054a0:	20001074 	.word	0x20001074
100054a4:	200014b8 	.word	0x200014b8

100054a8 <usbd_edpt_claim>:
100054a8:	000b      	movs	r3, r1
100054aa:	207f      	movs	r0, #127	@ 0x7f
100054ac:	b510      	push	{r4, lr}
100054ae:	4018      	ands	r0, r3
100054b0:	09db      	lsrs	r3, r3, #7
100054b2:	3334      	adds	r3, #52	@ 0x34
100054b4:	0040      	lsls	r0, r0, #1
100054b6:	4a04      	ldr	r2, [pc, #16]	@ (100054c8 <usbd_edpt_claim+0x20>)
100054b8:	18c0      	adds	r0, r0, r3
100054ba:	4b04      	ldr	r3, [pc, #16]	@ (100054cc <usbd_edpt_claim+0x24>)
100054bc:	6811      	ldr	r1, [r2, #0]
100054be:	18c0      	adds	r0, r0, r3
100054c0:	f000 fc1e 	bl	10005d00 <tu_edpt_claim>
100054c4:	bd10      	pop	{r4, pc}
100054c6:	46c0      	nop			@ (mov r8, r8)
100054c8:	2000150c 	.word	0x2000150c
100054cc:	200014b8 	.word	0x200014b8

100054d0 <usbd_edpt_release>:
100054d0:	000b      	movs	r3, r1
100054d2:	207f      	movs	r0, #127	@ 0x7f
100054d4:	b510      	push	{r4, lr}
100054d6:	4018      	ands	r0, r3
100054d8:	09db      	lsrs	r3, r3, #7
100054da:	3334      	adds	r3, #52	@ 0x34
100054dc:	0040      	lsls	r0, r0, #1
100054de:	4a04      	ldr	r2, [pc, #16]	@ (100054f0 <usbd_edpt_release+0x20>)
100054e0:	18c0      	adds	r0, r0, r3
100054e2:	4b04      	ldr	r3, [pc, #16]	@ (100054f4 <usbd_edpt_release+0x24>)
100054e4:	6811      	ldr	r1, [r2, #0]
100054e6:	18c0      	adds	r0, r0, r3
100054e8:	f000 fc32 	bl	10005d50 <tu_edpt_release>
100054ec:	bd10      	pop	{r4, pc}
100054ee:	46c0      	nop			@ (mov r8, r8)
100054f0:	2000150c 	.word	0x2000150c
100054f4:	200014b8 	.word	0x200014b8

100054f8 <usbd_edpt_xfer>:
100054f8:	b570      	push	{r4, r5, r6, lr}
100054fa:	247f      	movs	r4, #127	@ 0x7f
100054fc:	480f      	ldr	r0, [pc, #60]	@ (1000553c <usbd_edpt_xfer+0x44>)
100054fe:	400c      	ands	r4, r1
10005500:	0064      	lsls	r4, r4, #1
10005502:	1904      	adds	r4, r0, r4
10005504:	09cd      	lsrs	r5, r1, #7
10005506:	1964      	adds	r4, r4, r5
10005508:	3430      	adds	r4, #48	@ 0x30
1000550a:	7920      	ldrb	r0, [r4, #4]
1000550c:	07c0      	lsls	r0, r0, #31
1000550e:	d501      	bpl.n	10005514 <usbd_edpt_xfer+0x1c>
10005510:	2000      	movs	r0, #0
10005512:	bd70      	pop	{r4, r5, r6, pc}
10005514:	2601      	movs	r6, #1
10005516:	7925      	ldrb	r5, [r4, #4]
10005518:	4809      	ldr	r0, [pc, #36]	@ (10005540 <usbd_edpt_xfer+0x48>)
1000551a:	4335      	orrs	r5, r6
1000551c:	7800      	ldrb	r0, [r0, #0]
1000551e:	7125      	strb	r5, [r4, #4]
10005520:	f7ff fa50 	bl	100049c4 <dcd_edpt_xfer>
10005524:	2800      	cmp	r0, #0
10005526:	d1f4      	bne.n	10005512 <usbd_edpt_xfer+0x1a>
10005528:	2201      	movs	r2, #1
1000552a:	7923      	ldrb	r3, [r4, #4]
1000552c:	4393      	bics	r3, r2
1000552e:	7123      	strb	r3, [r4, #4]
10005530:	7923      	ldrb	r3, [r4, #4]
10005532:	3203      	adds	r2, #3
10005534:	4393      	bics	r3, r2
10005536:	7123      	strb	r3, [r4, #4]
10005538:	e7ea      	b.n	10005510 <usbd_edpt_xfer+0x18>
1000553a:	46c0      	nop			@ (mov r8, r8)
1000553c:	200014b8 	.word	0x200014b8
10005540:	20001074 	.word	0x20001074

10005544 <tud_control_status>:
10005544:	b570      	push	{r4, r5, r6, lr}
10005546:	4c09      	ldr	r4, [pc, #36]	@ (1000556c <tud_control_status+0x28>)
10005548:	0006      	movs	r6, r0
1000554a:	2208      	movs	r2, #8
1000554c:	0020      	movs	r0, r4
1000554e:	000d      	movs	r5, r1
10005550:	f7fc fec0 	bl	100022d4 <__wrap___aeabi_memcpy>
10005554:	2300      	movs	r3, #0
10005556:	2180      	movs	r1, #128	@ 0x80
10005558:	60e3      	str	r3, [r4, #12]
1000555a:	60a3      	str	r3, [r4, #8]
1000555c:	782b      	ldrb	r3, [r5, #0]
1000555e:	0030      	movs	r0, r6
10005560:	4399      	bics	r1, r3
10005562:	2200      	movs	r2, #0
10005564:	2300      	movs	r3, #0
10005566:	f7ff ffc7 	bl	100054f8 <usbd_edpt_xfer>
1000556a:	bd70      	pop	{r4, r5, r6, pc}
1000556c:	20001498 	.word	0x20001498

10005570 <tud_control_xfer>:
10005570:	b5f8      	push	{r3, r4, r5, r6, r7, lr}
10005572:	46ce      	mov	lr, r9
10005574:	4647      	mov	r7, r8
10005576:	4690      	mov	r8, r2
10005578:	4e25      	ldr	r6, [pc, #148]	@ (10005610 <tud_control_xfer+0xa0>)
1000557a:	b580      	push	{r7, lr}
1000557c:	4681      	mov	r9, r0
1000557e:	2208      	movs	r2, #8
10005580:	0030      	movs	r0, r6
10005582:	000d      	movs	r5, r1
10005584:	001f      	movs	r7, r3
10005586:	f7fc fea5 	bl	100022d4 <__wrap___aeabi_memcpy>
1000558a:	4643      	mov	r3, r8
1000558c:	60b3      	str	r3, [r6, #8]
1000558e:	2300      	movs	r3, #0
10005590:	81f3      	strh	r3, [r6, #14]
10005592:	79ec      	ldrb	r4, [r5, #7]
10005594:	79ab      	ldrb	r3, [r5, #6]
10005596:	0224      	lsls	r4, r4, #8
10005598:	431c      	orrs	r4, r3
1000559a:	1c23      	adds	r3, r4, #0
1000559c:	42bc      	cmp	r4, r7
1000559e:	d900      	bls.n	100055a2 <tud_control_xfer+0x32>
100055a0:	1c3b      	adds	r3, r7, #0
100055a2:	b29f      	uxth	r7, r3
100055a4:	81b3      	strh	r3, [r6, #12]
100055a6:	2c00      	cmp	r4, #0
100055a8:	d00d      	beq.n	100055c6 <tud_control_xfer+0x56>
100055aa:	2f00      	cmp	r7, #0
100055ac:	d017      	beq.n	100055de <tud_control_xfer+0x6e>
100055ae:	4642      	mov	r2, r8
100055b0:	2a00      	cmp	r2, #0
100055b2:	d02b      	beq.n	1000560c <tud_control_xfer+0x9c>
100055b4:	2f40      	cmp	r7, #64	@ 0x40
100055b6:	d81b      	bhi.n	100055f0 <tud_control_xfer+0x80>
100055b8:	b29f      	uxth	r7, r3
100055ba:	7833      	ldrb	r3, [r6, #0]
100055bc:	2b7f      	cmp	r3, #127	@ 0x7f
100055be:	d81c      	bhi.n	100055fa <tud_control_xfer+0x8a>
100055c0:	2100      	movs	r1, #0
100055c2:	4a14      	ldr	r2, [pc, #80]	@ (10005614 <tud_control_xfer+0xa4>)
100055c4:	e00f      	b.n	100055e6 <tud_control_xfer+0x76>
100055c6:	2180      	movs	r1, #128	@ 0x80
100055c8:	782b      	ldrb	r3, [r5, #0]
100055ca:	2200      	movs	r2, #0
100055cc:	4399      	bics	r1, r3
100055ce:	4648      	mov	r0, r9
100055d0:	2300      	movs	r3, #0
100055d2:	f7ff ff91 	bl	100054f8 <usbd_edpt_xfer>
100055d6:	bcc0      	pop	{r6, r7}
100055d8:	46b9      	mov	r9, r7
100055da:	46b0      	mov	r8, r6
100055dc:	bdf8      	pop	{r3, r4, r5, r6, r7, pc}
100055de:	237f      	movs	r3, #127	@ 0x7f
100055e0:	2200      	movs	r2, #0
100055e2:	7831      	ldrb	r1, [r6, #0]
100055e4:	4399      	bics	r1, r3
100055e6:	003b      	movs	r3, r7
100055e8:	4648      	mov	r0, r9
100055ea:	f7ff ff85 	bl	100054f8 <usbd_edpt_xfer>
100055ee:	e7f2      	b.n	100055d6 <tud_control_xfer+0x66>
100055f0:	2340      	movs	r3, #64	@ 0x40
100055f2:	b29f      	uxth	r7, r3
100055f4:	7833      	ldrb	r3, [r6, #0]
100055f6:	2b7f      	cmp	r3, #127	@ 0x7f
100055f8:	d9e2      	bls.n	100055c0 <tud_control_xfer+0x50>
100055fa:	4c06      	ldr	r4, [pc, #24]	@ (10005614 <tud_control_xfer+0xa4>)
100055fc:	003a      	movs	r2, r7
100055fe:	4641      	mov	r1, r8
10005600:	0020      	movs	r0, r4
10005602:	f7fc fe67 	bl	100022d4 <__wrap___aeabi_memcpy>
10005606:	2180      	movs	r1, #128	@ 0x80
10005608:	0022      	movs	r2, r4
1000560a:	e7ec      	b.n	100055e6 <tud_control_xfer+0x76>
1000560c:	2000      	movs	r0, #0
1000560e:	e7e2      	b.n	100055d6 <tud_control_xfer+0x66>
10005610:	20001498 	.word	0x20001498
10005614:	20001458 	.word	0x20001458

10005618 <usbd_control_reset>:
10005618:	b510      	push	{r4, lr}
1000561a:	2214      	movs	r2, #20
1000561c:	2100      	movs	r1, #0
1000561e:	4802      	ldr	r0, [pc, #8]	@ (10005628 <usbd_control_reset+0x10>)
10005620:	f7fc fe52 	bl	100022c8 <__wrap_memset>
10005624:	bd10      	pop	{r4, pc}
10005626:	46c0      	nop			@ (mov r8, r8)
10005628:	20001498 	.word	0x20001498

1000562c <usbd_control_set_complete_callback>:
1000562c:	4b01      	ldr	r3, [pc, #4]	@ (10005634 <usbd_control_set_complete_callback+0x8>)
1000562e:	6118      	str	r0, [r3, #16]
10005630:	4770      	bx	lr
10005632:	46c0      	nop			@ (mov r8, r8)
10005634:	20001498 	.word	0x20001498

10005638 <usbd_control_set_request>:
10005638:	b510      	push	{r4, lr}
1000563a:	4c05      	ldr	r4, [pc, #20]	@ (10005650 <usbd_control_set_request+0x18>)
1000563c:	0001      	movs	r1, r0
1000563e:	2208      	movs	r2, #8
10005640:	0020      	movs	r0, r4
10005642:	f7fc fe47 	bl	100022d4 <__wrap___aeabi_memcpy>
10005646:	2300      	movs	r3, #0
10005648:	60a3      	str	r3, [r4, #8]
1000564a:	60e3      	str	r3, [r4, #12]
1000564c:	bd10      	pop	{r4, pc}
1000564e:	46c0      	nop			@ (mov r8, r8)
10005650:	20001498 	.word	0x20001498

10005654 <usbd_control_xfer_cb>:
10005654:	b570      	push	{r4, r5, r6, lr}
10005656:	4c38      	ldr	r4, [pc, #224]	@ (10005738 <usbd_control_xfer_cb+0xe4>)
10005658:	001d      	movs	r5, r3
1000565a:	7823      	ldrb	r3, [r4, #0]
1000565c:	0006      	movs	r6, r0
1000565e:	09da      	lsrs	r2, r3, #7
10005660:	09c9      	lsrs	r1, r1, #7
10005662:	428a      	cmp	r2, r1
10005664:	d010      	beq.n	10005688 <usbd_control_xfer_cb+0x34>
10005666:	2000      	movs	r0, #0
10005668:	2d00      	cmp	r5, #0
1000566a:	d000      	beq.n	1000566e <usbd_control_xfer_cb+0x1a>
1000566c:	bd70      	pop	{r4, r5, r6, pc}
1000566e:	0021      	movs	r1, r4
10005670:	0030      	movs	r0, r6
10005672:	f7ff f919 	bl	100048a8 <dcd_edpt0_status_complete>
10005676:	6923      	ldr	r3, [r4, #16]
10005678:	2b00      	cmp	r3, #0
1000567a:	d003      	beq.n	10005684 <usbd_control_xfer_cb+0x30>
1000567c:	0022      	movs	r2, r4
1000567e:	2103      	movs	r1, #3
10005680:	0030      	movs	r0, r6
10005682:	4798      	blx	r3
10005684:	2001      	movs	r0, #1
10005686:	e7f1      	b.n	1000566c <usbd_control_xfer_cb+0x18>
10005688:	2b7f      	cmp	r3, #127	@ 0x7f
1000568a:	d806      	bhi.n	1000569a <usbd_control_xfer_cb+0x46>
1000568c:	68a0      	ldr	r0, [r4, #8]
1000568e:	2800      	cmp	r0, #0
10005690:	d034      	beq.n	100056fc <usbd_control_xfer_cb+0xa8>
10005692:	002a      	movs	r2, r5
10005694:	4929      	ldr	r1, [pc, #164]	@ (1000573c <usbd_control_xfer_cb+0xe8>)
10005696:	f7fc fe1d 	bl	100022d4 <__wrap___aeabi_memcpy>
1000569a:	89e2      	ldrh	r2, [r4, #14]
1000569c:	68a1      	ldr	r1, [r4, #8]
1000569e:	1952      	adds	r2, r2, r5
100056a0:	88e3      	ldrh	r3, [r4, #6]
100056a2:	b292      	uxth	r2, r2
100056a4:	1949      	adds	r1, r1, r5
100056a6:	81e2      	strh	r2, [r4, #14]
100056a8:	60a1      	str	r1, [r4, #8]
100056aa:	4293      	cmp	r3, r2
100056ac:	d014      	beq.n	100056d8 <usbd_control_xfer_cb+0x84>
100056ae:	2d3f      	cmp	r5, #63	@ 0x3f
100056b0:	d912      	bls.n	100056d8 <usbd_control_xfer_cb+0x84>
100056b2:	89a3      	ldrh	r3, [r4, #12]
100056b4:	1a98      	subs	r0, r3, r2
100056b6:	1c05      	adds	r5, r0, #0
100056b8:	b280      	uxth	r0, r0
100056ba:	2840      	cmp	r0, #64	@ 0x40
100056bc:	d82a      	bhi.n	10005714 <usbd_control_xfer_cb+0xc0>
100056be:	7820      	ldrb	r0, [r4, #0]
100056c0:	b2ad      	uxth	r5, r5
100056c2:	287f      	cmp	r0, #127	@ 0x7f
100056c4:	d828      	bhi.n	10005718 <usbd_control_xfer_cb+0xc4>
100056c6:	2100      	movs	r1, #0
100056c8:	429a      	cmp	r2, r3
100056ca:	d032      	beq.n	10005732 <usbd_control_xfer_cb+0xde>
100056cc:	4a1b      	ldr	r2, [pc, #108]	@ (1000573c <usbd_control_xfer_cb+0xe8>)
100056ce:	002b      	movs	r3, r5
100056d0:	0030      	movs	r0, r6
100056d2:	f7ff ff11 	bl	100054f8 <usbd_edpt_xfer>
100056d6:	e7c9      	b.n	1000566c <usbd_control_xfer_cb+0x18>
100056d8:	6923      	ldr	r3, [r4, #16]
100056da:	2b00      	cmp	r3, #0
100056dc:	d005      	beq.n	100056ea <usbd_control_xfer_cb+0x96>
100056de:	0022      	movs	r2, r4
100056e0:	2102      	movs	r1, #2
100056e2:	0030      	movs	r0, r6
100056e4:	4798      	blx	r3
100056e6:	2800      	cmp	r0, #0
100056e8:	d00a      	beq.n	10005700 <usbd_control_xfer_cb+0xac>
100056ea:	2180      	movs	r1, #128	@ 0x80
100056ec:	7823      	ldrb	r3, [r4, #0]
100056ee:	2200      	movs	r2, #0
100056f0:	4399      	bics	r1, r3
100056f2:	0030      	movs	r0, r6
100056f4:	2300      	movs	r3, #0
100056f6:	f7ff feff 	bl	100054f8 <usbd_edpt_xfer>
100056fa:	e7b7      	b.n	1000566c <usbd_control_xfer_cb+0x18>
100056fc:	2000      	movs	r0, #0
100056fe:	e7b5      	b.n	1000566c <usbd_control_xfer_cb+0x18>
10005700:	2100      	movs	r1, #0
10005702:	0030      	movs	r0, r6
10005704:	f7ff f970 	bl	100049e8 <dcd_edpt_stall>
10005708:	0030      	movs	r0, r6
1000570a:	2180      	movs	r1, #128	@ 0x80
1000570c:	f7ff f96c 	bl	100049e8 <dcd_edpt_stall>
10005710:	2001      	movs	r0, #1
10005712:	e7ab      	b.n	1000566c <usbd_control_xfer_cb+0x18>
10005714:	2540      	movs	r5, #64	@ 0x40
10005716:	e7d2      	b.n	100056be <usbd_control_xfer_cb+0x6a>
10005718:	429a      	cmp	r2, r3
1000571a:	d007      	beq.n	1000572c <usbd_control_xfer_cb+0xd8>
1000571c:	4c07      	ldr	r4, [pc, #28]	@ (1000573c <usbd_control_xfer_cb+0xe8>)
1000571e:	002a      	movs	r2, r5
10005720:	0020      	movs	r0, r4
10005722:	f7fc fdd7 	bl	100022d4 <__wrap___aeabi_memcpy>
10005726:	2180      	movs	r1, #128	@ 0x80
10005728:	0022      	movs	r2, r4
1000572a:	e7d0      	b.n	100056ce <usbd_control_xfer_cb+0x7a>
1000572c:	2180      	movs	r1, #128	@ 0x80
1000572e:	2200      	movs	r2, #0
10005730:	e7cd      	b.n	100056ce <usbd_control_xfer_cb+0x7a>
10005732:	2200      	movs	r2, #0
10005734:	e7cb      	b.n	100056ce <usbd_control_xfer_cb+0x7a>
10005736:	46c0      	nop			@ (mov r8, r8)
10005738:	20001498 	.word	0x20001498
1000573c:	20001458 	.word	0x20001458

10005740 <_prep_out_transaction.isra.0>:
10005740:	b570      	push	{r4, r5, r6, lr}
10005742:	0004      	movs	r4, r0
10005744:	f7ff f9d6 	bl	10004af4 <tud_mounted>
10005748:	2800      	cmp	r0, #0
1000574a:	d100      	bne.n	1000574e <_prep_out_transaction.isra.0+0xe>
1000574c:	bd70      	pop	{r4, r5, r6, pc}
1000574e:	f7ff f9d9 	bl	10004b04 <tud_suspended>
10005752:	2800      	cmp	r0, #0
10005754:	d1fa      	bne.n	1000574c <_prep_out_transaction.isra.0+0xc>
10005756:	23c8      	movs	r3, #200	@ 0xc8
10005758:	4363      	muls	r3, r4
1000575a:	4d12      	ldr	r5, [pc, #72]	@ (100057a4 <_prep_out_transaction.isra.0+0x64>)
1000575c:	18ee      	adds	r6, r5, r3
1000575e:	78f1      	ldrb	r1, [r6, #3]
10005760:	2900      	cmp	r1, #0
10005762:	d0f3      	beq.n	1000574c <_prep_out_transaction.isra.0+0xc>
10005764:	3310      	adds	r3, #16
10005766:	195d      	adds	r5, r3, r5
10005768:	0028      	movs	r0, r5
1000576a:	f000 fbb9 	bl	10005ee0 <tu_fifo_remaining>
1000576e:	283f      	cmp	r0, #63	@ 0x3f
10005770:	d9ec      	bls.n	1000574c <_prep_out_transaction.isra.0+0xc>
10005772:	2000      	movs	r0, #0
10005774:	78f1      	ldrb	r1, [r6, #3]
10005776:	f7ff fe97 	bl	100054a8 <usbd_edpt_claim>
1000577a:	2800      	cmp	r0, #0
1000577c:	d0e6      	beq.n	1000574c <_prep_out_transaction.isra.0+0xc>
1000577e:	0028      	movs	r0, r5
10005780:	f000 fbae 	bl	10005ee0 <tu_fifo_remaining>
10005784:	78f1      	ldrb	r1, [r6, #3]
10005786:	283f      	cmp	r0, #63	@ 0x3f
10005788:	d907      	bls.n	1000579a <_prep_out_transaction.isra.0+0x5a>
1000578a:	4b07      	ldr	r3, [pc, #28]	@ (100057a8 <_prep_out_transaction.isra.0+0x68>)
1000578c:	01e2      	lsls	r2, r4, #7
1000578e:	18d2      	adds	r2, r2, r3
10005790:	2000      	movs	r0, #0
10005792:	2340      	movs	r3, #64	@ 0x40
10005794:	f7ff feb0 	bl	100054f8 <usbd_edpt_xfer>
10005798:	e7d8      	b.n	1000574c <_prep_out_transaction.isra.0+0xc>
1000579a:	2000      	movs	r0, #0
1000579c:	f7ff fe98 	bl	100054d0 <usbd_edpt_release>
100057a0:	e7d4      	b.n	1000574c <_prep_out_transaction.isra.0+0xc>
100057a2:	46c0      	nop			@ (mov r8, r8)
100057a4:	20001390 	.word	0x20001390
100057a8:	2000130c 	.word	0x2000130c

100057ac <tud_cdc_n_connected>:
100057ac:	b510      	push	{r4, lr}
100057ae:	0004      	movs	r4, r0
100057b0:	f7ff f9a0 	bl	10004af4 <tud_mounted>
100057b4:	2800      	cmp	r0, #0
100057b6:	d101      	bne.n	100057bc <tud_cdc_n_connected+0x10>
100057b8:	2000      	movs	r0, #0
100057ba:	bd10      	pop	{r4, pc}
100057bc:	f7ff f9a2 	bl	10004b04 <tud_suspended>
100057c0:	2800      	cmp	r0, #0
100057c2:	d1f9      	bne.n	100057b8 <tud_cdc_n_connected+0xc>
100057c4:	22c8      	movs	r2, #200	@ 0xc8
100057c6:	4362      	muls	r2, r4
100057c8:	4b02      	ldr	r3, [pc, #8]	@ (100057d4 <tud_cdc_n_connected+0x28>)
100057ca:	3001      	adds	r0, #1
100057cc:	189b      	adds	r3, r3, r2
100057ce:	791b      	ldrb	r3, [r3, #4]
100057d0:	4018      	ands	r0, r3
100057d2:	e7f2      	b.n	100057ba <tud_cdc_n_connected+0xe>
100057d4:	20001390 	.word	0x20001390

100057d8 <tud_cdc_n_available>:
100057d8:	23c8      	movs	r3, #200	@ 0xc8
100057da:	b510      	push	{r4, lr}
100057dc:	4343      	muls	r3, r0
100057de:	4802      	ldr	r0, [pc, #8]	@ (100057e8 <tud_cdc_n_available+0x10>)
100057e0:	1818      	adds	r0, r3, r0
100057e2:	f000 fb5f 	bl	10005ea4 <tu_fifo_count>
100057e6:	bd10      	pop	{r4, pc}
100057e8:	200013a0 	.word	0x200013a0

100057ec <tud_cdc_n_read>:
100057ec:	b5f8      	push	{r3, r4, r5, r6, r7, lr}
100057ee:	24c8      	movs	r4, #200	@ 0xc8
100057f0:	2380      	movs	r3, #128	@ 0x80
100057f2:	4344      	muls	r4, r0
100057f4:	4f1c      	ldr	r7, [pc, #112]	@ (10005868 <tud_cdc_n_read+0x7c>)
100057f6:	3410      	adds	r4, #16
100057f8:	0005      	movs	r5, r0
100057fa:	193c      	adds	r4, r7, r4
100057fc:	025b      	lsls	r3, r3, #9
100057fe:	429a      	cmp	r2, r3
10005800:	d300      	bcc.n	10005804 <tud_cdc_n_read+0x18>
10005802:	4a1a      	ldr	r2, [pc, #104]	@ (1000586c <tud_cdc_n_read+0x80>)
10005804:	0020      	movs	r0, r4
10005806:	b292      	uxth	r2, r2
10005808:	f000 fbce 	bl	10005fa8 <tu_fifo_read_n>
1000580c:	0006      	movs	r6, r0
1000580e:	f7ff f971 	bl	10004af4 <tud_mounted>
10005812:	2800      	cmp	r0, #0
10005814:	d101      	bne.n	1000581a <tud_cdc_n_read+0x2e>
10005816:	0030      	movs	r0, r6
10005818:	bdf8      	pop	{r3, r4, r5, r6, r7, pc}
1000581a:	f7ff f973 	bl	10004b04 <tud_suspended>
1000581e:	2800      	cmp	r0, #0
10005820:	d1f9      	bne.n	10005816 <tud_cdc_n_read+0x2a>
10005822:	23c8      	movs	r3, #200	@ 0xc8
10005824:	436b      	muls	r3, r5
10005826:	18ff      	adds	r7, r7, r3
10005828:	78fb      	ldrb	r3, [r7, #3]
1000582a:	2b00      	cmp	r3, #0
1000582c:	d0f3      	beq.n	10005816 <tud_cdc_n_read+0x2a>
1000582e:	0020      	movs	r0, r4
10005830:	f000 fb56 	bl	10005ee0 <tu_fifo_remaining>
10005834:	283f      	cmp	r0, #63	@ 0x3f
10005836:	d9ee      	bls.n	10005816 <tud_cdc_n_read+0x2a>
10005838:	2000      	movs	r0, #0
1000583a:	78f9      	ldrb	r1, [r7, #3]
1000583c:	f7ff fe34 	bl	100054a8 <usbd_edpt_claim>
10005840:	2800      	cmp	r0, #0
10005842:	d0e8      	beq.n	10005816 <tud_cdc_n_read+0x2a>
10005844:	0020      	movs	r0, r4
10005846:	f000 fb4b 	bl	10005ee0 <tu_fifo_remaining>
1000584a:	78f9      	ldrb	r1, [r7, #3]
1000584c:	283f      	cmp	r0, #63	@ 0x3f
1000584e:	d907      	bls.n	10005860 <tud_cdc_n_read+0x74>
10005850:	4b07      	ldr	r3, [pc, #28]	@ (10005870 <tud_cdc_n_read+0x84>)
10005852:	01ea      	lsls	r2, r5, #7
10005854:	18d2      	adds	r2, r2, r3
10005856:	2000      	movs	r0, #0
10005858:	2340      	movs	r3, #64	@ 0x40
1000585a:	f7ff fe4d 	bl	100054f8 <usbd_edpt_xfer>
1000585e:	e7da      	b.n	10005816 <tud_cdc_n_read+0x2a>
10005860:	2000      	movs	r0, #0
10005862:	f7ff fe35 	bl	100054d0 <usbd_edpt_release>
10005866:	e7d6      	b.n	10005816 <tud_cdc_n_read+0x2a>
10005868:	20001390 	.word	0x20001390
1000586c:	0000ffff 	.word	0x0000ffff
10005870:	2000130c 	.word	0x2000130c

10005874 <tud_cdc_n_write_flush>:
10005874:	b5f8      	push	{r3, r4, r5, r6, r7, lr}
10005876:	0004      	movs	r4, r0
10005878:	f7ff f93c 	bl	10004af4 <tud_mounted>
1000587c:	2800      	cmp	r0, #0
1000587e:	d101      	bne.n	10005884 <tud_cdc_n_write_flush+0x10>
10005880:	2000      	movs	r0, #0
10005882:	bdf8      	pop	{r3, r4, r5, r6, r7, pc}
10005884:	f7ff f93e 	bl	10004b04 <tud_suspended>
10005888:	2800      	cmp	r0, #0
1000588a:	d1f9      	bne.n	10005880 <tud_cdc_n_write_flush+0xc>
1000588c:	25c8      	movs	r5, #200	@ 0xc8
1000588e:	4365      	muls	r5, r4
10005890:	002e      	movs	r6, r5
10005892:	4f13      	ldr	r7, [pc, #76]	@ (100058e0 <tud_cdc_n_write_flush+0x6c>)
10005894:	3624      	adds	r6, #36	@ 0x24
10005896:	19f6      	adds	r6, r6, r7
10005898:	0030      	movs	r0, r6
1000589a:	f000 fb03 	bl	10005ea4 <tu_fifo_count>
1000589e:	2800      	cmp	r0, #0
100058a0:	d0ee      	beq.n	10005880 <tud_cdc_n_write_flush+0xc>
100058a2:	197f      	adds	r7, r7, r5
100058a4:	2000      	movs	r0, #0
100058a6:	78b9      	ldrb	r1, [r7, #2]
100058a8:	f7ff fdfe 	bl	100054a8 <usbd_edpt_claim>
100058ac:	2800      	cmp	r0, #0
100058ae:	d0e7      	beq.n	10005880 <tud_cdc_n_write_flush+0xc>
100058b0:	4d0c      	ldr	r5, [pc, #48]	@ (100058e4 <tud_cdc_n_write_flush+0x70>)
100058b2:	01e4      	lsls	r4, r4, #7
100058b4:	1965      	adds	r5, r4, r5
100058b6:	0029      	movs	r1, r5
100058b8:	2240      	movs	r2, #64	@ 0x40
100058ba:	0030      	movs	r0, r6
100058bc:	f000 fb74 	bl	10005fa8 <tu_fifo_read_n>
100058c0:	78b9      	ldrb	r1, [r7, #2]
100058c2:	1e04      	subs	r4, r0, #0
100058c4:	d008      	beq.n	100058d8 <tud_cdc_n_write_flush+0x64>
100058c6:	0003      	movs	r3, r0
100058c8:	002a      	movs	r2, r5
100058ca:	2000      	movs	r0, #0
100058cc:	f7ff fe14 	bl	100054f8 <usbd_edpt_xfer>
100058d0:	2800      	cmp	r0, #0
100058d2:	d0d5      	beq.n	10005880 <tud_cdc_n_write_flush+0xc>
100058d4:	0020      	movs	r0, r4
100058d6:	e7d4      	b.n	10005882 <tud_cdc_n_write_flush+0xe>
100058d8:	2000      	movs	r0, #0
100058da:	f7ff fdf9 	bl	100054d0 <usbd_edpt_release>
100058de:	e7cf      	b.n	10005880 <tud_cdc_n_write_flush+0xc>
100058e0:	20001390 	.word	0x20001390
100058e4:	2000134c 	.word	0x2000134c

100058e8 <tud_cdc_n_write>:
100058e8:	b570      	push	{r4, r5, r6, lr}
100058ea:	24c8      	movs	r4, #200	@ 0xc8
100058ec:	4344      	muls	r4, r0
100058ee:	4b0c      	ldr	r3, [pc, #48]	@ (10005920 <tud_cdc_n_write+0x38>)
100058f0:	0005      	movs	r5, r0
100058f2:	18e4      	adds	r4, r4, r3
100058f4:	2380      	movs	r3, #128	@ 0x80
100058f6:	025b      	lsls	r3, r3, #9
100058f8:	429a      	cmp	r2, r3
100058fa:	d300      	bcc.n	100058fe <tud_cdc_n_write+0x16>
100058fc:	4a09      	ldr	r2, [pc, #36]	@ (10005924 <tud_cdc_n_write+0x3c>)
100058fe:	0020      	movs	r0, r4
10005900:	b292      	uxth	r2, r2
10005902:	f000 fc17 	bl	10006134 <tu_fifo_write_n>
10005906:	0006      	movs	r6, r0
10005908:	0020      	movs	r0, r4
1000590a:	f000 facb 	bl	10005ea4 <tu_fifo_count>
1000590e:	283f      	cmp	r0, #63	@ 0x3f
10005910:	d801      	bhi.n	10005916 <tud_cdc_n_write+0x2e>
10005912:	0030      	movs	r0, r6
10005914:	bd70      	pop	{r4, r5, r6, pc}
10005916:	0028      	movs	r0, r5
10005918:	f7ff ffac 	bl	10005874 <tud_cdc_n_write_flush>
1000591c:	e7f9      	b.n	10005912 <tud_cdc_n_write+0x2a>
1000591e:	46c0      	nop			@ (mov r8, r8)
10005920:	200013b4 	.word	0x200013b4
10005924:	0000ffff 	.word	0x0000ffff

10005928 <tud_cdc_n_write_available>:
10005928:	23c8      	movs	r3, #200	@ 0xc8
1000592a:	b510      	push	{r4, lr}
1000592c:	4343      	muls	r3, r0
1000592e:	4802      	ldr	r0, [pc, #8]	@ (10005938 <tud_cdc_n_write_available+0x10>)
10005930:	1818      	adds	r0, r3, r0
10005932:	f000 fad5 	bl	10005ee0 <tu_fifo_remaining>
10005936:	bd10      	pop	{r4, pc}
10005938:	200013b4 	.word	0x200013b4

1000593c <cdcd_init>:
1000593c:	b5f0      	push	{r4, r5, r6, r7, lr}
1000593e:	2500      	movs	r5, #0
10005940:	4c18      	ldr	r4, [pc, #96]	@ (100059a4 <cdcd_init+0x68>)
10005942:	b083      	sub	sp, #12
10005944:	22c8      	movs	r2, #200	@ 0xc8
10005946:	2100      	movs	r1, #0
10005948:	0020      	movs	r0, r4
1000594a:	f7fc fcbd 	bl	100022c8 <__wrap_memset>
1000594e:	4b16      	ldr	r3, [pc, #88]	@ (100059a8 <cdcd_init+0x6c>)
10005950:	0021      	movs	r1, r4
10005952:	701d      	strb	r5, [r3, #0]
10005954:	23ff      	movs	r3, #255	@ 0xff
10005956:	7163      	strb	r3, [r4, #5]
10005958:	23e1      	movs	r3, #225	@ 0xe1
1000595a:	025b      	lsls	r3, r3, #9
1000595c:	60a3      	str	r3, [r4, #8]
1000595e:	0020      	movs	r0, r4
10005960:	2308      	movs	r3, #8
10005962:	2240      	movs	r2, #64	@ 0x40
10005964:	73a3      	strb	r3, [r4, #14]
10005966:	3138      	adds	r1, #56	@ 0x38
10005968:	9500      	str	r5, [sp, #0]
1000596a:	3b07      	subs	r3, #7
1000596c:	3010      	adds	r0, #16
1000596e:	f000 fa63 	bl	10005e38 <tu_fifo_config>
10005972:	0027      	movs	r7, r4
10005974:	2301      	movs	r3, #1
10005976:	0021      	movs	r1, r4
10005978:	0020      	movs	r0, r4
1000597a:	0026      	movs	r6, r4
1000597c:	2240      	movs	r2, #64	@ 0x40
1000597e:	3178      	adds	r1, #120	@ 0x78
10005980:	9300      	str	r3, [sp, #0]
10005982:	37b8      	adds	r7, #184	@ 0xb8
10005984:	3024      	adds	r0, #36	@ 0x24
10005986:	f000 fa57 	bl	10005e38 <tu_fifo_config>
1000598a:	36c0      	adds	r6, #192	@ 0xc0
1000598c:	0038      	movs	r0, r7
1000598e:	f7fb f84b 	bl	10000a28 <mutex_init>
10005992:	0030      	movs	r0, r6
10005994:	f7fb f848 	bl	10000a28 <mutex_init>
10005998:	61e5      	str	r5, [r4, #28]
1000599a:	6227      	str	r7, [r4, #32]
1000599c:	6326      	str	r6, [r4, #48]	@ 0x30
1000599e:	6365      	str	r5, [r4, #52]	@ 0x34
100059a0:	b003      	add	sp, #12
100059a2:	bdf0      	pop	{r4, r5, r6, r7, pc}
100059a4:	20001390 	.word	0x20001390
100059a8:	2000138c 	.word	0x2000138c

100059ac <cdcd_deinit>:
100059ac:	4a0a      	ldr	r2, [pc, #40]	@ (100059d8 <cdcd_deinit+0x2c>)
100059ae:	6b11      	ldr	r1, [r2, #48]	@ 0x30
100059b0:	6a13      	ldr	r3, [r2, #32]
100059b2:	2900      	cmp	r1, #0
100059b4:	d00c      	beq.n	100059d0 <cdcd_deinit+0x24>
100059b6:	2b00      	cmp	r3, #0
100059b8:	d007      	beq.n	100059ca <cdcd_deinit+0x1e>
100059ba:	2300      	movs	r3, #0
100059bc:	61d3      	str	r3, [r2, #28]
100059be:	6353      	str	r3, [r2, #52]	@ 0x34
100059c0:	6313      	str	r3, [r2, #48]	@ 0x30
100059c2:	2300      	movs	r3, #0
100059c4:	6213      	str	r3, [r2, #32]
100059c6:	2001      	movs	r0, #1
100059c8:	4770      	bx	lr
100059ca:	6353      	str	r3, [r2, #52]	@ 0x34
100059cc:	6313      	str	r3, [r2, #48]	@ 0x30
100059ce:	e7fa      	b.n	100059c6 <cdcd_deinit+0x1a>
100059d0:	2b00      	cmp	r3, #0
100059d2:	d0f8      	beq.n	100059c6 <cdcd_deinit+0x1a>
100059d4:	61d1      	str	r1, [r2, #28]
100059d6:	e7f4      	b.n	100059c2 <cdcd_deinit+0x16>
100059d8:	20001390 	.word	0x20001390

100059dc <cdcd_reset>:
100059dc:	b570      	push	{r4, r5, r6, lr}
100059de:	4c0f      	ldr	r4, [pc, #60]	@ (10005a1c <cdcd_reset+0x40>)
100059e0:	2205      	movs	r2, #5
100059e2:	2100      	movs	r1, #0
100059e4:	0020      	movs	r0, r4
100059e6:	f7fc fc6f 	bl	100022c8 <__wrap_memset>
100059ea:	4d0d      	ldr	r5, [pc, #52]	@ (10005a20 <cdcd_reset+0x44>)
100059ec:	782b      	ldrb	r3, [r5, #0]
100059ee:	07da      	lsls	r2, r3, #31
100059f0:	d507      	bpl.n	10005a02 <cdcd_reset+0x26>
100059f2:	4c0c      	ldr	r4, [pc, #48]	@ (10005a24 <cdcd_reset+0x48>)
100059f4:	079b      	lsls	r3, r3, #30
100059f6:	d50c      	bpl.n	10005a12 <cdcd_reset+0x36>
100059f8:	2101      	movs	r1, #1
100059fa:	0020      	movs	r0, r4
100059fc:	f000 fc76 	bl	100062ec <tu_fifo_set_overwritable>
10005a00:	bd70      	pop	{r4, r5, r6, pc}
10005a02:	0020      	movs	r0, r4
10005a04:	3010      	adds	r0, #16
10005a06:	f000 fc51 	bl	100062ac <tu_fifo_clear>
10005a0a:	782b      	ldrb	r3, [r5, #0]
10005a0c:	4c05      	ldr	r4, [pc, #20]	@ (10005a24 <cdcd_reset+0x48>)
10005a0e:	079b      	lsls	r3, r3, #30
10005a10:	d4f2      	bmi.n	100059f8 <cdcd_reset+0x1c>
10005a12:	0020      	movs	r0, r4
10005a14:	f000 fc4a 	bl	100062ac <tu_fifo_clear>
10005a18:	e7ee      	b.n	100059f8 <cdcd_reset+0x1c>
10005a1a:	46c0      	nop			@ (mov r8, r8)
10005a1c:	20001390 	.word	0x20001390
10005a20:	2000138c 	.word	0x2000138c
10005a24:	200013b4 	.word	0x200013b4

10005a28 <cdcd_open>:
10005a28:	b5f0      	push	{r4, r5, r6, r7, lr}
10005a2a:	794b      	ldrb	r3, [r1, #5]
10005a2c:	0006      	movs	r6, r0
10005a2e:	b083      	sub	sp, #12
10005a30:	2b02      	cmp	r3, #2
10005a32:	d102      	bne.n	10005a3a <cdcd_open+0x12>
10005a34:	798b      	ldrb	r3, [r1, #6]
10005a36:	2b02      	cmp	r3, #2
10005a38:	d003      	beq.n	10005a42 <cdcd_open+0x1a>
10005a3a:	2500      	movs	r5, #0
10005a3c:	0028      	movs	r0, r5
10005a3e:	b003      	add	sp, #12
10005a40:	bdf0      	pop	{r4, r5, r6, r7, pc}
10005a42:	4f20      	ldr	r7, [pc, #128]	@ (10005ac4 <cdcd_open+0x9c>)
10005a44:	78bb      	ldrb	r3, [r7, #2]
10005a46:	2b00      	cmp	r3, #0
10005a48:	d1f7      	bne.n	10005a3a <cdcd_open+0x12>
10005a4a:	788b      	ldrb	r3, [r1, #2]
10005a4c:	2509      	movs	r5, #9
10005a4e:	703b      	strb	r3, [r7, #0]
10005a50:	780c      	ldrb	r4, [r1, #0]
10005a52:	190c      	adds	r4, r1, r4
10005a54:	7863      	ldrb	r3, [r4, #1]
10005a56:	2b24      	cmp	r3, #36	@ 0x24
10005a58:	d007      	beq.n	10005a6a <cdcd_open+0x42>
10005a5a:	e00c      	b.n	10005a76 <cdcd_open+0x4e>
10005a5c:	7823      	ldrb	r3, [r4, #0]
10005a5e:	18e4      	adds	r4, r4, r3
10005a60:	195d      	adds	r5, r3, r5
10005a62:	7863      	ldrb	r3, [r4, #1]
10005a64:	b2ad      	uxth	r5, r5
10005a66:	2b24      	cmp	r3, #36	@ 0x24
10005a68:	d105      	bne.n	10005a76 <cdcd_open+0x4e>
10005a6a:	4295      	cmp	r5, r2
10005a6c:	d9f6      	bls.n	10005a5c <cdcd_open+0x34>
10005a6e:	2000      	movs	r0, #0
10005a70:	f7ff fe66 	bl	10005740 <_prep_out_transaction.isra.0>
10005a74:	e7e2      	b.n	10005a3c <cdcd_open+0x14>
10005a76:	001a      	movs	r2, r3
10005a78:	2b05      	cmp	r3, #5
10005a7a:	d015      	beq.n	10005aa8 <cdcd_open+0x80>
10005a7c:	2a04      	cmp	r2, #4
10005a7e:	d1f6      	bne.n	10005a6e <cdcd_open+0x46>
10005a80:	7963      	ldrb	r3, [r4, #5]
10005a82:	2b0a      	cmp	r3, #10
10005a84:	d1f3      	bne.n	10005a6e <cdcd_open+0x46>
10005a86:	4b10      	ldr	r3, [pc, #64]	@ (10005ac8 <cdcd_open+0xa0>)
10005a88:	7827      	ldrb	r7, [r4, #0]
10005a8a:	9301      	str	r3, [sp, #4]
10005a8c:	3301      	adds	r3, #1
10005a8e:	9300      	str	r3, [sp, #0]
10005a90:	0030      	movs	r0, r6
10005a92:	2302      	movs	r3, #2
10005a94:	19e1      	adds	r1, r4, r7
10005a96:	3a02      	subs	r2, #2
10005a98:	f7ff fc9e 	bl	100053d8 <usbd_open_edpt_pair>
10005a9c:	2800      	cmp	r0, #0
10005a9e:	d0cc      	beq.n	10005a3a <cdcd_open+0x12>
10005aa0:	350e      	adds	r5, #14
10005aa2:	19ed      	adds	r5, r5, r7
10005aa4:	b2ad      	uxth	r5, r5
10005aa6:	e7e2      	b.n	10005a6e <cdcd_open+0x46>
10005aa8:	0021      	movs	r1, r4
10005aaa:	0030      	movs	r0, r6
10005aac:	f7ff fce2 	bl	10005474 <usbd_edpt_open>
10005ab0:	2800      	cmp	r0, #0
10005ab2:	d0c2      	beq.n	10005a3a <cdcd_open+0x12>
10005ab4:	78a3      	ldrb	r3, [r4, #2]
10005ab6:	707b      	strb	r3, [r7, #1]
10005ab8:	7823      	ldrb	r3, [r4, #0]
10005aba:	195d      	adds	r5, r3, r5
10005abc:	18e4      	adds	r4, r4, r3
10005abe:	7862      	ldrb	r2, [r4, #1]
10005ac0:	b2ad      	uxth	r5, r5
10005ac2:	e7db      	b.n	10005a7c <cdcd_open+0x54>
10005ac4:	20001390 	.word	0x20001390
10005ac8:	20001392 	.word	0x20001392

10005acc <cdcd_control_xfer_cb>:
10005acc:	b5f8      	push	{r3, r4, r5, r6, r7, lr}
10005ace:	2360      	movs	r3, #96	@ 0x60
10005ad0:	0014      	movs	r4, r2
10005ad2:	7812      	ldrb	r2, [r2, #0]
10005ad4:	0005      	movs	r5, r0
10005ad6:	4013      	ands	r3, r2
10005ad8:	2000      	movs	r0, #0
10005ada:	2b20      	cmp	r3, #32
10005adc:	d107      	bne.n	10005aee <cdcd_control_xfer_cb+0x22>
10005ade:	4a30      	ldr	r2, [pc, #192]	@ (10005ba0 <cdcd_control_xfer_cb+0xd4>)
10005ae0:	7963      	ldrb	r3, [r4, #5]
10005ae2:	7927      	ldrb	r7, [r4, #4]
10005ae4:	7816      	ldrb	r6, [r2, #0]
10005ae6:	021b      	lsls	r3, r3, #8
10005ae8:	433b      	orrs	r3, r7
10005aea:	429e      	cmp	r6, r3
10005aec:	d000      	beq.n	10005af0 <cdcd_control_xfer_cb+0x24>
10005aee:	bdf8      	pop	{r3, r4, r5, r6, r7, pc}
10005af0:	7863      	ldrb	r3, [r4, #1]
10005af2:	2b22      	cmp	r3, #34	@ 0x22
10005af4:	d01a      	beq.n	10005b2c <cdcd_control_xfer_cb+0x60>
10005af6:	d807      	bhi.n	10005b08 <cdcd_control_xfer_cb+0x3c>
10005af8:	2b20      	cmp	r3, #32
10005afa:	d034      	beq.n	10005b66 <cdcd_control_xfer_cb+0x9a>
10005afc:	2b21      	cmp	r3, #33	@ 0x21
10005afe:	d1f6      	bne.n	10005aee <cdcd_control_xfer_cb+0x22>
10005b00:	2901      	cmp	r1, #1
10005b02:	d03e      	beq.n	10005b82 <cdcd_control_xfer_cb+0xb6>
10005b04:	2001      	movs	r0, #1
10005b06:	e7f2      	b.n	10005aee <cdcd_control_xfer_cb+0x22>
10005b08:	2b23      	cmp	r3, #35	@ 0x23
10005b0a:	d1f0      	bne.n	10005aee <cdcd_control_xfer_cb+0x22>
10005b0c:	2901      	cmp	r1, #1
10005b0e:	d040      	beq.n	10005b92 <cdcd_control_xfer_cb+0xc6>
10005b10:	2903      	cmp	r1, #3
10005b12:	d1f7      	bne.n	10005b04 <cdcd_control_xfer_cb+0x38>
10005b14:	4b23      	ldr	r3, [pc, #140]	@ (10005ba4 <cdcd_control_xfer_cb+0xd8>)
10005b16:	2b00      	cmp	r3, #0
10005b18:	d0f4      	beq.n	10005b04 <cdcd_control_xfer_cb+0x38>
10005b1a:	78e1      	ldrb	r1, [r4, #3]
10005b1c:	78a3      	ldrb	r3, [r4, #2]
10005b1e:	0209      	lsls	r1, r1, #8
10005b20:	2000      	movs	r0, #0
10005b22:	4319      	orrs	r1, r3
10005b24:	e000      	b.n	10005b28 <cdcd_control_xfer_cb+0x5c>
10005b26:	bf00      	nop
10005b28:	2001      	movs	r0, #1
10005b2a:	e7e0      	b.n	10005aee <cdcd_control_xfer_cb+0x22>
10005b2c:	2901      	cmp	r1, #1
10005b2e:	d030      	beq.n	10005b92 <cdcd_control_xfer_cb+0xc6>
10005b30:	2903      	cmp	r1, #3
10005b32:	d1e7      	bne.n	10005b04 <cdcd_control_xfer_cb+0x38>
10005b34:	2501      	movs	r5, #1
10005b36:	002e      	movs	r6, r5
10005b38:	78a3      	ldrb	r3, [r4, #2]
10005b3a:	78e4      	ldrb	r4, [r4, #3]
10005b3c:	3902      	subs	r1, #2
10005b3e:	0224      	lsls	r4, r4, #8
10005b40:	431c      	orrs	r4, r3
10005b42:	7114      	strb	r4, [r2, #4]
10005b44:	4026      	ands	r6, r4
10005b46:	3224      	adds	r2, #36	@ 0x24
10005b48:	0010      	movs	r0, r2
10005b4a:	4071      	eors	r1, r6
10005b4c:	f000 fbce 	bl	100062ec <tu_fifo_set_overwritable>
10005b50:	4b15      	ldr	r3, [pc, #84]	@ (10005ba8 <cdcd_control_xfer_cb+0xdc>)
10005b52:	2b00      	cmp	r3, #0
10005b54:	d0d6      	beq.n	10005b04 <cdcd_control_xfer_cb+0x38>
10005b56:	0862      	lsrs	r2, r4, #1
10005b58:	2000      	movs	r0, #0
10005b5a:	0031      	movs	r1, r6
10005b5c:	402a      	ands	r2, r5
10005b5e:	e000      	b.n	10005b62 <cdcd_control_xfer_cb+0x96>
10005b60:	bf00      	nop
10005b62:	2001      	movs	r0, #1
10005b64:	e7c3      	b.n	10005aee <cdcd_control_xfer_cb+0x22>
10005b66:	2901      	cmp	r1, #1
10005b68:	d00b      	beq.n	10005b82 <cdcd_control_xfer_cb+0xb6>
10005b6a:	2903      	cmp	r1, #3
10005b6c:	d1ca      	bne.n	10005b04 <cdcd_control_xfer_cb+0x38>
10005b6e:	4b0f      	ldr	r3, [pc, #60]	@ (10005bac <cdcd_control_xfer_cb+0xe0>)
10005b70:	2b00      	cmp	r3, #0
10005b72:	d0c7      	beq.n	10005b04 <cdcd_control_xfer_cb+0x38>
10005b74:	3208      	adds	r2, #8
10005b76:	2000      	movs	r0, #0
10005b78:	0011      	movs	r1, r2
10005b7a:	f7fe fe19 	bl	100047b0 <tud_cdc_line_coding_cb>
10005b7e:	2001      	movs	r0, #1
10005b80:	e7b5      	b.n	10005aee <cdcd_control_xfer_cb+0x22>
10005b82:	2307      	movs	r3, #7
10005b84:	0021      	movs	r1, r4
10005b86:	0028      	movs	r0, r5
10005b88:	4a09      	ldr	r2, [pc, #36]	@ (10005bb0 <cdcd_control_xfer_cb+0xe4>)
10005b8a:	f7ff fcf1 	bl	10005570 <tud_control_xfer>
10005b8e:	2001      	movs	r0, #1
10005b90:	e7ad      	b.n	10005aee <cdcd_control_xfer_cb+0x22>
10005b92:	0021      	movs	r1, r4
10005b94:	0028      	movs	r0, r5
10005b96:	f7ff fcd5 	bl	10005544 <tud_control_status>
10005b9a:	2001      	movs	r0, #1
10005b9c:	e7a7      	b.n	10005aee <cdcd_control_xfer_cb+0x22>
10005b9e:	46c0      	nop			@ (mov r8, r8)
10005ba0:	20001390 	.word	0x20001390
	...
10005bac:	100047b1 	.word	0x100047b1
10005bb0:	20001398 	.word	0x20001398

10005bb4 <cdcd_xfer_cb>:
10005bb4:	b5f0      	push	{r4, r5, r6, r7, lr}
10005bb6:	464f      	mov	r7, r9
10005bb8:	4646      	mov	r6, r8
10005bba:	46d6      	mov	lr, sl
10005bbc:	b5c0      	push	{r6, r7, lr}
10005bbe:	4d36      	ldr	r5, [pc, #216]	@ (10005c98 <cdcd_xfer_cb+0xe4>)
10005bc0:	4680      	mov	r8, r0
10005bc2:	78ea      	ldrb	r2, [r5, #3]
10005bc4:	000c      	movs	r4, r1
10005bc6:	001f      	movs	r7, r3
10005bc8:	428a      	cmp	r2, r1
10005bca:	d03c      	beq.n	10005c46 <cdcd_xfer_cb+0x92>
10005bcc:	78ab      	ldrb	r3, [r5, #2]
10005bce:	428b      	cmp	r3, r1
10005bd0:	d010      	beq.n	10005bf4 <cdcd_xfer_cb+0x40>
10005bd2:	2000      	movs	r0, #0
10005bd4:	bce0      	pop	{r5, r6, r7}
10005bd6:	46ba      	mov	sl, r7
10005bd8:	46b1      	mov	r9, r6
10005bda:	46a8      	mov	r8, r5
10005bdc:	bdf0      	pop	{r4, r5, r6, r7, pc}
10005bde:	4b2f      	ldr	r3, [pc, #188]	@ (10005c9c <cdcd_xfer_cb+0xe8>)
10005be0:	2b00      	cmp	r3, #0
10005be2:	d004      	beq.n	10005bee <cdcd_xfer_cb+0x3a>
10005be4:	482e      	ldr	r0, [pc, #184]	@ (10005ca0 <cdcd_xfer_cb+0xec>)
10005be6:	f000 f973 	bl	10005ed0 <tu_fifo_empty>
10005bea:	2800      	cmp	r0, #0
10005bec:	d051      	beq.n	10005c92 <cdcd_xfer_cb+0xde>
10005bee:	2000      	movs	r0, #0
10005bf0:	f7ff fda6 	bl	10005740 <_prep_out_transaction.isra.0>
10005bf4:	78ab      	ldrb	r3, [r5, #2]
10005bf6:	42a3      	cmp	r3, r4
10005bf8:	d001      	beq.n	10005bfe <cdcd_xfer_cb+0x4a>
10005bfa:	2001      	movs	r0, #1
10005bfc:	e7ea      	b.n	10005bd4 <cdcd_xfer_cb+0x20>
10005bfe:	4b29      	ldr	r3, [pc, #164]	@ (10005ca4 <cdcd_xfer_cb+0xf0>)
10005c00:	2b00      	cmp	r3, #0
10005c02:	d002      	beq.n	10005c0a <cdcd_xfer_cb+0x56>
10005c04:	2000      	movs	r0, #0
10005c06:	e000      	b.n	10005c0a <cdcd_xfer_cb+0x56>
10005c08:	bf00      	nop
10005c0a:	2000      	movs	r0, #0
10005c0c:	f7ff fe32 	bl	10005874 <tud_cdc_n_write_flush>
10005c10:	2800      	cmp	r0, #0
10005c12:	d1f2      	bne.n	10005bfa <cdcd_xfer_cb+0x46>
10005c14:	4c24      	ldr	r4, [pc, #144]	@ (10005ca8 <cdcd_xfer_cb+0xf4>)
10005c16:	0020      	movs	r0, r4
10005c18:	f000 f944 	bl	10005ea4 <tu_fifo_count>
10005c1c:	2800      	cmp	r0, #0
10005c1e:	d1ec      	bne.n	10005bfa <cdcd_xfer_cb+0x46>
10005c20:	2f00      	cmp	r7, #0
10005c22:	d0ea      	beq.n	10005bfa <cdcd_xfer_cb+0x46>
10005c24:	06bf      	lsls	r7, r7, #26
10005c26:	d1e8      	bne.n	10005bfa <cdcd_xfer_cb+0x46>
10005c28:	3c24      	subs	r4, #36	@ 0x24
10005c2a:	4640      	mov	r0, r8
10005c2c:	78a1      	ldrb	r1, [r4, #2]
10005c2e:	f7ff fc3b 	bl	100054a8 <usbd_edpt_claim>
10005c32:	2800      	cmp	r0, #0
10005c34:	d0e1      	beq.n	10005bfa <cdcd_xfer_cb+0x46>
10005c36:	2300      	movs	r3, #0
10005c38:	2200      	movs	r2, #0
10005c3a:	4640      	mov	r0, r8
10005c3c:	78a1      	ldrb	r1, [r4, #2]
10005c3e:	f7ff fc5b 	bl	100054f8 <usbd_edpt_xfer>
10005c42:	2001      	movs	r0, #1
10005c44:	e7c6      	b.n	10005bd4 <cdcd_xfer_cb+0x20>
10005c46:	b29a      	uxth	r2, r3
10005c48:	2310      	movs	r3, #16
10005c4a:	469a      	mov	sl, r3
10005c4c:	4e17      	ldr	r6, [pc, #92]	@ (10005cac <cdcd_xfer_cb+0xf8>)
10005c4e:	44aa      	add	sl, r5
10005c50:	0031      	movs	r1, r6
10005c52:	4650      	mov	r0, sl
10005c54:	f000 fa6e 	bl	10006134 <tu_fifo_write_n>
10005c58:	4b15      	ldr	r3, [pc, #84]	@ (10005cb0 <cdcd_xfer_cb+0xfc>)
10005c5a:	2b00      	cmp	r3, #0
10005c5c:	d0bf      	beq.n	10005bde <cdcd_xfer_cb+0x2a>
10005c5e:	796b      	ldrb	r3, [r5, #5]
10005c60:	2bff      	cmp	r3, #255	@ 0xff
10005c62:	d0bc      	beq.n	10005bde <cdcd_xfer_cb+0x2a>
10005c64:	2f00      	cmp	r7, #0
10005c66:	d0ba      	beq.n	10005bde <cdcd_xfer_cb+0x2a>
10005c68:	19f2      	adds	r2, r6, r7
10005c6a:	4691      	mov	r9, r2
10005c6c:	e003      	b.n	10005c76 <cdcd_xfer_cb+0xc2>
10005c6e:	3601      	adds	r6, #1
10005c70:	454e      	cmp	r6, r9
10005c72:	d0b4      	beq.n	10005bde <cdcd_xfer_cb+0x2a>
10005c74:	796b      	ldrb	r3, [r5, #5]
10005c76:	7832      	ldrb	r2, [r6, #0]
10005c78:	429a      	cmp	r2, r3
10005c7a:	d1f8      	bne.n	10005c6e <cdcd_xfer_cb+0xba>
10005c7c:	4650      	mov	r0, sl
10005c7e:	f000 f927 	bl	10005ed0 <tu_fifo_empty>
10005c82:	2800      	cmp	r0, #0
10005c84:	d1f3      	bne.n	10005c6e <cdcd_xfer_cb+0xba>
10005c86:	4653      	mov	r3, sl
10005c88:	3b10      	subs	r3, #16
10005c8a:	7959      	ldrb	r1, [r3, #5]
10005c8c:	e000      	b.n	10005c90 <cdcd_xfer_cb+0xdc>
10005c8e:	bf00      	nop
10005c90:	e7ed      	b.n	10005c6e <cdcd_xfer_cb+0xba>
10005c92:	e000      	b.n	10005c96 <cdcd_xfer_cb+0xe2>
10005c94:	bf00      	nop
10005c96:	e7aa      	b.n	10005bee <cdcd_xfer_cb+0x3a>
10005c98:	20001390 	.word	0x20001390
10005c9c:	00000000 	.word	0x00000000
10005ca0:	200013a0 	.word	0x200013a0
10005ca4:	00000000 	.word	0x00000000
10005ca8:	200013b4 	.word	0x200013b4
10005cac:	2000130c 	.word	0x2000130c
10005cb0:	00000000 	.word	0x00000000

10005cb4 <tusb_rhport_init>:
10005cb4:	b500      	push	{lr}
10005cb6:	0003      	movs	r3, r0
10005cb8:	b083      	sub	sp, #12
10005cba:	2900      	cmp	r1, #0
10005cbc:	d010      	beq.n	10005ce0 <tusb_rhport_init+0x2c>
10005cbe:	2000      	movs	r0, #0
10005cc0:	2b01      	cmp	r3, #1
10005cc2:	d807      	bhi.n	10005cd4 <tusb_rhport_init+0x20>
10005cc4:	780a      	ldrb	r2, [r1, #0]
10005cc6:	2a00      	cmp	r2, #0
10005cc8:	d004      	beq.n	10005cd4 <tusb_rhport_init+0x20>
10005cca:	480c      	ldr	r0, [pc, #48]	@ (10005cfc <tusb_rhport_init+0x48>)
10005ccc:	54c2      	strb	r2, [r0, r3]
10005cce:	2001      	movs	r0, #1
10005cd0:	2a01      	cmp	r2, #1
10005cd2:	d001      	beq.n	10005cd8 <tusb_rhport_init+0x24>
10005cd4:	b003      	add	sp, #12
10005cd6:	bd00      	pop	{pc}
10005cd8:	0018      	movs	r0, r3
10005cda:	f7fe ff1b 	bl	10004b14 <tud_rhport_init>
10005cde:	e7f9      	b.n	10005cd4 <tusb_rhport_init+0x20>
10005ce0:	2301      	movs	r3, #1
10005ce2:	466a      	mov	r2, sp
10005ce4:	2000      	movs	r0, #0
10005ce6:	a901      	add	r1, sp, #4
10005ce8:	8093      	strh	r3, [r2, #4]
10005cea:	f7fe ff13 	bl	10004b14 <tud_rhport_init>
10005cee:	2800      	cmp	r0, #0
10005cf0:	d0f0      	beq.n	10005cd4 <tusb_rhport_init+0x20>
10005cf2:	2201      	movs	r2, #1
10005cf4:	4b01      	ldr	r3, [pc, #4]	@ (10005cfc <tusb_rhport_init+0x48>)
10005cf6:	701a      	strb	r2, [r3, #0]
10005cf8:	e7ec      	b.n	10005cd4 <tusb_rhport_init+0x20>
10005cfa:	46c0      	nop			@ (mov r8, r8)
10005cfc:	200014ac 	.word	0x200014ac

10005d00 <tu_edpt_claim>:
10005d00:	7803      	ldrb	r3, [r0, #0]
10005d02:	b570      	push	{r4, r5, r6, lr}
10005d04:	07db      	lsls	r3, r3, #31
10005d06:	0004      	movs	r4, r0
10005d08:	000e      	movs	r6, r1
10005d0a:	0fdd      	lsrs	r5, r3, #31
10005d0c:	2b00      	cmp	r3, #0
10005d0e:	d117      	bne.n	10005d40 <tu_edpt_claim+0x40>
10005d10:	7803      	ldrb	r3, [r0, #0]
10005d12:	075b      	lsls	r3, r3, #29
10005d14:	d501      	bpl.n	10005d1a <tu_edpt_claim+0x1a>
10005d16:	0028      	movs	r0, r5
10005d18:	bd70      	pop	{r4, r5, r6, pc}
10005d1a:	2101      	movs	r1, #1
10005d1c:	0030      	movs	r0, r6
10005d1e:	4249      	negs	r1, r1
10005d20:	f000 fb82 	bl	10006428 <__mutex_enter_timeout_ms_veneer>
10005d24:	7823      	ldrb	r3, [r4, #0]
10005d26:	07db      	lsls	r3, r3, #31
10005d28:	0fdd      	lsrs	r5, r3, #31
10005d2a:	2b00      	cmp	r3, #0
10005d2c:	d10a      	bne.n	10005d44 <tu_edpt_claim+0x44>
10005d2e:	7823      	ldrb	r3, [r4, #0]
10005d30:	075b      	lsls	r3, r3, #29
10005d32:	d408      	bmi.n	10005d46 <tu_edpt_claim+0x46>
10005d34:	2204      	movs	r2, #4
10005d36:	7823      	ldrb	r3, [r4, #0]
10005d38:	2501      	movs	r5, #1
10005d3a:	4313      	orrs	r3, r2
10005d3c:	7023      	strb	r3, [r4, #0]
10005d3e:	e002      	b.n	10005d46 <tu_edpt_claim+0x46>
10005d40:	2500      	movs	r5, #0
10005d42:	e7e8      	b.n	10005d16 <tu_edpt_claim+0x16>
10005d44:	2500      	movs	r5, #0
10005d46:	0030      	movs	r0, r6
10005d48:	f000 fb3e 	bl	100063c8 <__mutex_exit_veneer>
10005d4c:	e7e3      	b.n	10005d16 <tu_edpt_claim+0x16>
10005d4e:	46c0      	nop			@ (mov r8, r8)

10005d50 <tu_edpt_release>:
10005d50:	b570      	push	{r4, r5, r6, lr}
10005d52:	000c      	movs	r4, r1
10005d54:	2101      	movs	r1, #1
10005d56:	0006      	movs	r6, r0
10005d58:	4249      	negs	r1, r1
10005d5a:	0020      	movs	r0, r4
10005d5c:	f000 fb64 	bl	10006428 <__mutex_enter_timeout_ms_veneer>
10005d60:	7833      	ldrb	r3, [r6, #0]
10005d62:	075b      	lsls	r3, r3, #29
10005d64:	0fdd      	lsrs	r5, r3, #31
10005d66:	2b00      	cmp	r3, #0
10005d68:	db04      	blt.n	10005d74 <tu_edpt_release+0x24>
10005d6a:	0020      	movs	r0, r4
10005d6c:	f000 fb2c 	bl	100063c8 <__mutex_exit_veneer>
10005d70:	0028      	movs	r0, r5
10005d72:	bd70      	pop	{r4, r5, r6, pc}
10005d74:	7833      	ldrb	r3, [r6, #0]
10005d76:	07db      	lsls	r3, r3, #31
10005d78:	d404      	bmi.n	10005d84 <tu_edpt_release+0x34>
10005d7a:	2204      	movs	r2, #4
10005d7c:	7833      	ldrb	r3, [r6, #0]
10005d7e:	4393      	bics	r3, r2
10005d80:	7033      	strb	r3, [r6, #0]
10005d82:	e7f2      	b.n	10005d6a <tu_edpt_release+0x1a>
10005d84:	2500      	movs	r5, #0
10005d86:	e7f0      	b.n	10005d6a <tu_edpt_release+0x1a>

10005d88 <tu_edpt_validate>:
10005d88:	7943      	ldrb	r3, [r0, #5]
10005d8a:	7902      	ldrb	r2, [r0, #4]
10005d8c:	021b      	lsls	r3, r3, #8
10005d8e:	4313      	orrs	r3, r2
10005d90:	78c2      	ldrb	r2, [r0, #3]
10005d92:	055b      	lsls	r3, r3, #21
10005d94:	0792      	lsls	r2, r2, #30
10005d96:	0d5b      	lsrs	r3, r3, #21
10005d98:	0f92      	lsrs	r2, r2, #30
10005d9a:	2a02      	cmp	r2, #2
10005d9c:	d01d      	beq.n	10005dda <tu_edpt_validate+0x52>
10005d9e:	2a03      	cmp	r2, #3
10005da0:	d00c      	beq.n	10005dbc <tu_edpt_validate+0x34>
10005da2:	2000      	movs	r0, #0
10005da4:	2a01      	cmp	r2, #1
10005da6:	d108      	bne.n	10005dba <tu_edpt_validate+0x32>
10005da8:	3902      	subs	r1, #2
10005daa:	424a      	negs	r2, r1
10005dac:	4151      	adcs	r1, r2
10005dae:	4a12      	ldr	r2, [pc, #72]	@ (10005df8 <tu_edpt_validate+0x70>)
10005db0:	4694      	mov	ip, r2
10005db2:	4461      	add	r1, ip
10005db4:	4299      	cmp	r1, r3
10005db6:	4140      	adcs	r0, r0
10005db8:	b2c0      	uxtb	r0, r0
10005dba:	4770      	bx	lr
10005dbc:	3902      	subs	r1, #2
10005dbe:	1e4a      	subs	r2, r1, #1
10005dc0:	4191      	sbcs	r1, r2
10005dc2:	4a0e      	ldr	r2, [pc, #56]	@ (10005dfc <tu_edpt_validate+0x74>)
10005dc4:	4249      	negs	r1, r1
10005dc6:	4011      	ands	r1, r2
10005dc8:	2280      	movs	r2, #128	@ 0x80
10005dca:	00d2      	lsls	r2, r2, #3
10005dcc:	4694      	mov	ip, r2
10005dce:	2000      	movs	r0, #0
10005dd0:	4461      	add	r1, ip
10005dd2:	4299      	cmp	r1, r3
10005dd4:	4140      	adcs	r0, r0
10005dd6:	b2c0      	uxtb	r0, r0
10005dd8:	e7ef      	b.n	10005dba <tu_edpt_validate+0x32>
10005dda:	2902      	cmp	r1, #2
10005ddc:	d005      	beq.n	10005dea <tu_edpt_validate+0x62>
10005dde:	2000      	movs	r0, #0
10005de0:	2240      	movs	r2, #64	@ 0x40
10005de2:	429a      	cmp	r2, r3
10005de4:	4140      	adcs	r0, r0
10005de6:	b2c0      	uxtb	r0, r0
10005de8:	e7e7      	b.n	10005dba <tu_edpt_validate+0x32>
10005dea:	4a05      	ldr	r2, [pc, #20]	@ (10005e00 <tu_edpt_validate+0x78>)
10005dec:	1898      	adds	r0, r3, r2
10005dee:	4243      	negs	r3, r0
10005df0:	4158      	adcs	r0, r3
10005df2:	b2c0      	uxtb	r0, r0
10005df4:	e7e1      	b.n	10005dba <tu_edpt_validate+0x32>
10005df6:	46c0      	nop			@ (mov r8, r8)
10005df8:	000003ff 	.word	0x000003ff
10005dfc:	fffffc40 	.word	0xfffffc40
10005e00:	fffffe00 	.word	0xfffffe00

10005e04 <tu_edpt_bind_driver>:
10005e04:	188a      	adds	r2, r1, r2
10005e06:	b570      	push	{r4, r5, r6, lr}
10005e08:	4291      	cmp	r1, r2
10005e0a:	d207      	bcs.n	10005e1c <tu_edpt_bind_driver+0x18>
10005e0c:	267f      	movs	r6, #127	@ 0x7f
10005e0e:	784c      	ldrb	r4, [r1, #1]
10005e10:	2c05      	cmp	r4, #5
10005e12:	d004      	beq.n	10005e1e <tu_edpt_bind_driver+0x1a>
10005e14:	780c      	ldrb	r4, [r1, #0]
10005e16:	1909      	adds	r1, r1, r4
10005e18:	428a      	cmp	r2, r1
10005e1a:	d8f8      	bhi.n	10005e0e <tu_edpt_bind_driver+0xa>
10005e1c:	bd70      	pop	{r4, r5, r6, pc}
10005e1e:	0034      	movs	r4, r6
10005e20:	788d      	ldrb	r5, [r1, #2]
10005e22:	402c      	ands	r4, r5
10005e24:	0064      	lsls	r4, r4, #1
10005e26:	1904      	adds	r4, r0, r4
10005e28:	09ed      	lsrs	r5, r5, #7
10005e2a:	5563      	strb	r3, [r4, r5]
10005e2c:	780c      	ldrb	r4, [r1, #0]
10005e2e:	1909      	adds	r1, r1, r4
10005e30:	428a      	cmp	r2, r1
10005e32:	d8ec      	bhi.n	10005e0e <tu_edpt_bind_driver+0xa>
10005e34:	e7f2      	b.n	10005e1c <tu_edpt_bind_driver+0x18>
10005e36:	46c0      	nop			@ (mov r8, r8)

10005e38 <tu_fifo_config>:
10005e38:	b5f0      	push	{r4, r5, r6, r7, lr}
10005e3a:	46c6      	mov	lr, r8
10005e3c:	b500      	push	{lr}
10005e3e:	0004      	movs	r4, r0
10005e40:	4668      	mov	r0, sp
10005e42:	7e05      	ldrb	r5, [r0, #24]
10005e44:	2080      	movs	r0, #128	@ 0x80
10005e46:	4688      	mov	r8, r1
10005e48:	0017      	movs	r7, r2
10005e4a:	001e      	movs	r6, r3
10005e4c:	0200      	lsls	r0, r0, #8
10005e4e:	4282      	cmp	r2, r0
10005e50:	d826      	bhi.n	10005ea0 <tu_fifo_config+0x68>
10005e52:	68e0      	ldr	r0, [r4, #12]
10005e54:	2800      	cmp	r0, #0
10005e56:	d003      	beq.n	10005e60 <tu_fifo_config+0x28>
10005e58:	2101      	movs	r1, #1
10005e5a:	4249      	negs	r1, r1
10005e5c:	f000 fae4 	bl	10006428 <__mutex_enter_timeout_ms_veneer>
10005e60:	6920      	ldr	r0, [r4, #16]
10005e62:	2800      	cmp	r0, #0
10005e64:	d003      	beq.n	10005e6e <tu_fifo_config+0x36>
10005e66:	2101      	movs	r1, #1
10005e68:	4249      	negs	r1, r1
10005e6a:	f000 fadd 	bl	10006428 <__mutex_enter_timeout_ms_veneer>
10005e6e:	4643      	mov	r3, r8
10005e70:	6023      	str	r3, [r4, #0]
10005e72:	0473      	lsls	r3, r6, #17
10005e74:	0c5b      	lsrs	r3, r3, #17
10005e76:	03ed      	lsls	r5, r5, #15
10005e78:	431d      	orrs	r5, r3
10005e7a:	2300      	movs	r3, #0
10005e7c:	68e0      	ldr	r0, [r4, #12]
10005e7e:	8163      	strh	r3, [r4, #10]
10005e80:	80a7      	strh	r7, [r4, #4]
10005e82:	80e5      	strh	r5, [r4, #6]
10005e84:	8123      	strh	r3, [r4, #8]
10005e86:	2800      	cmp	r0, #0
10005e88:	d001      	beq.n	10005e8e <tu_fifo_config+0x56>
10005e8a:	f000 fa9d 	bl	100063c8 <__mutex_exit_veneer>
10005e8e:	6920      	ldr	r0, [r4, #16]
10005e90:	2800      	cmp	r0, #0
10005e92:	d001      	beq.n	10005e98 <tu_fifo_config+0x60>
10005e94:	f000 fa98 	bl	100063c8 <__mutex_exit_veneer>
10005e98:	2001      	movs	r0, #1
10005e9a:	bc80      	pop	{r7}
10005e9c:	46b8      	mov	r8, r7
10005e9e:	bdf0      	pop	{r4, r5, r6, r7, pc}
10005ea0:	2000      	movs	r0, #0
10005ea2:	e7fa      	b.n	10005e9a <tu_fifo_config+0x62>

10005ea4 <tu_fifo_count>:
10005ea4:	b510      	push	{r4, lr}
10005ea6:	8904      	ldrh	r4, [r0, #8]
10005ea8:	8941      	ldrh	r1, [r0, #10]
10005eaa:	8882      	ldrh	r2, [r0, #4]
10005eac:	b2a3      	uxth	r3, r4
10005eae:	b288      	uxth	r0, r1
10005eb0:	428c      	cmp	r4, r1
10005eb2:	d307      	bcc.n	10005ec4 <tu_fifo_count+0x20>
10005eb4:	1a1b      	subs	r3, r3, r0
10005eb6:	b29b      	uxth	r3, r3
10005eb8:	1c10      	adds	r0, r2, #0
10005eba:	429a      	cmp	r2, r3
10005ebc:	d900      	bls.n	10005ec0 <tu_fifo_count+0x1c>
10005ebe:	1c18      	adds	r0, r3, #0
10005ec0:	b280      	uxth	r0, r0
10005ec2:	bd10      	pop	{r4, pc}
10005ec4:	0051      	lsls	r1, r2, #1
10005ec6:	1a09      	subs	r1, r1, r0
10005ec8:	185b      	adds	r3, r3, r1
10005eca:	b29b      	uxth	r3, r3
10005ecc:	e7f4      	b.n	10005eb8 <tu_fifo_count+0x14>
10005ece:	46c0      	nop			@ (mov r8, r8)

10005ed0 <tu_fifo_empty>:
10005ed0:	8903      	ldrh	r3, [r0, #8]
10005ed2:	8940      	ldrh	r0, [r0, #10]
10005ed4:	1a18      	subs	r0, r3, r0
10005ed6:	4243      	negs	r3, r0
10005ed8:	4158      	adcs	r0, r3
10005eda:	b2c0      	uxtb	r0, r0
10005edc:	4770      	bx	lr
10005ede:	46c0      	nop			@ (mov r8, r8)

10005ee0 <tu_fifo_remaining>:
10005ee0:	b510      	push	{r4, lr}
10005ee2:	8904      	ldrh	r4, [r0, #8]
10005ee4:	8941      	ldrh	r1, [r0, #10]
10005ee6:	8882      	ldrh	r2, [r0, #4]
10005ee8:	b2a3      	uxth	r3, r4
10005eea:	b288      	uxth	r0, r1
10005eec:	428c      	cmp	r4, r1
10005eee:	d307      	bcc.n	10005f00 <tu_fifo_remaining+0x20>
10005ef0:	1a1b      	subs	r3, r3, r0
10005ef2:	b29b      	uxth	r3, r3
10005ef4:	2000      	movs	r0, #0
10005ef6:	429a      	cmp	r2, r3
10005ef8:	d901      	bls.n	10005efe <tu_fifo_remaining+0x1e>
10005efa:	1ad2      	subs	r2, r2, r3
10005efc:	b290      	uxth	r0, r2
10005efe:	bd10      	pop	{r4, pc}
10005f00:	0051      	lsls	r1, r2, #1
10005f02:	1a09      	subs	r1, r1, r0
10005f04:	185b      	adds	r3, r3, r1
10005f06:	b29b      	uxth	r3, r3
10005f08:	e7f4      	b.n	10005ef4 <tu_fifo_remaining+0x14>
10005f0a:	46c0      	nop			@ (mov r8, r8)

10005f0c <tu_fifo_read>:
10005f0c:	b570      	push	{r4, r5, r6, lr}
10005f0e:	0004      	movs	r4, r0
10005f10:	6900      	ldr	r0, [r0, #16]
10005f12:	000e      	movs	r6, r1
10005f14:	2800      	cmp	r0, #0
10005f16:	d003      	beq.n	10005f20 <tu_fifo_read+0x14>
10005f18:	2101      	movs	r1, #1
10005f1a:	4249      	negs	r1, r1
10005f1c:	f000 fa84 	bl	10006428 <__mutex_enter_timeout_ms_veneer>
10005f20:	8925      	ldrh	r5, [r4, #8]
10005f22:	8960      	ldrh	r0, [r4, #10]
10005f24:	88a2      	ldrh	r2, [r4, #4]
10005f26:	b2a9      	uxth	r1, r5
10005f28:	b283      	uxth	r3, r0
10005f2a:	4285      	cmp	r5, r0
10005f2c:	d332      	bcc.n	10005f94 <tu_fifo_read+0x88>
10005f2e:	1acd      	subs	r5, r1, r3
10005f30:	b2ad      	uxth	r5, r5
10005f32:	2d00      	cmp	r5, #0
10005f34:	d028      	beq.n	10005f88 <tu_fifo_read+0x7c>
10005f36:	42aa      	cmp	r2, r5
10005f38:	d208      	bcs.n	10005f4c <tu_fifo_read+0x40>
10005f3a:	4291      	cmp	r1, r2
10005f3c:	d32f      	bcc.n	10005f9e <tu_fifo_read+0x92>
10005f3e:	1a89      	subs	r1, r1, r2
10005f40:	b28b      	uxth	r3, r1
10005f42:	8163      	strh	r3, [r4, #10]
10005f44:	429a      	cmp	r2, r3
10005f46:	d803      	bhi.n	10005f50 <tu_fifo_read+0x44>
10005f48:	1a9b      	subs	r3, r3, r2
10005f4a:	b29b      	uxth	r3, r3
10005f4c:	429a      	cmp	r2, r3
10005f4e:	d9fb      	bls.n	10005f48 <tu_fifo_read+0x3c>
10005f50:	88e2      	ldrh	r2, [r4, #6]
10005f52:	6821      	ldr	r1, [r4, #0]
10005f54:	0452      	lsls	r2, r2, #17
10005f56:	0c52      	lsrs	r2, r2, #17
10005f58:	4353      	muls	r3, r2
10005f5a:	0030      	movs	r0, r6
10005f5c:	18c9      	adds	r1, r1, r3
10005f5e:	f7fc f9b9 	bl	100022d4 <__wrap___aeabi_memcpy>
10005f62:	8963      	ldrh	r3, [r4, #10]
10005f64:	2501      	movs	r5, #1
10005f66:	1c59      	adds	r1, r3, #1
10005f68:	b289      	uxth	r1, r1
10005f6a:	88a2      	ldrh	r2, [r4, #4]
10005f6c:	428b      	cmp	r3, r1
10005f6e:	d90d      	bls.n	10005f8c <tu_fifo_read+0x80>
10005f70:	2100      	movs	r1, #0
10005f72:	0052      	lsls	r2, r2, #1
10005f74:	1a89      	subs	r1, r1, r2
10005f76:	b289      	uxth	r1, r1
10005f78:	6920      	ldr	r0, [r4, #16]
10005f7a:	8161      	strh	r1, [r4, #10]
10005f7c:	2800      	cmp	r0, #0
10005f7e:	d001      	beq.n	10005f84 <tu_fifo_read+0x78>
10005f80:	f000 fa22 	bl	100063c8 <__mutex_exit_veneer>
10005f84:	0028      	movs	r0, r5
10005f86:	bd70      	pop	{r4, r5, r6, pc}
10005f88:	8961      	ldrh	r1, [r4, #10]
10005f8a:	b289      	uxth	r1, r1
10005f8c:	0052      	lsls	r2, r2, #1
10005f8e:	4291      	cmp	r1, r2
10005f90:	dbf2      	blt.n	10005f78 <tu_fifo_read+0x6c>
10005f92:	e7ef      	b.n	10005f74 <tu_fifo_read+0x68>
10005f94:	0055      	lsls	r5, r2, #1
10005f96:	1aed      	subs	r5, r5, r3
10005f98:	194d      	adds	r5, r1, r5
10005f9a:	b2ad      	uxth	r5, r5
10005f9c:	e7c9      	b.n	10005f32 <tu_fifo_read+0x26>
10005f9e:	1889      	adds	r1, r1, r2
10005fa0:	b28b      	uxth	r3, r1
10005fa2:	8163      	strh	r3, [r4, #10]
10005fa4:	e7ce      	b.n	10005f44 <tu_fifo_read+0x38>
10005fa6:	46c0      	nop			@ (mov r8, r8)

10005fa8 <tu_fifo_read_n>:
10005fa8:	b5f0      	push	{r4, r5, r6, r7, lr}
10005faa:	4646      	mov	r6, r8
10005fac:	464f      	mov	r7, r9
10005fae:	46d6      	mov	lr, sl
10005fb0:	b5c0      	push	{r6, r7, lr}
10005fb2:	0006      	movs	r6, r0
10005fb4:	6900      	ldr	r0, [r0, #16]
10005fb6:	4689      	mov	r9, r1
10005fb8:	4690      	mov	r8, r2
10005fba:	2800      	cmp	r0, #0
10005fbc:	d003      	beq.n	10005fc6 <tu_fifo_read_n+0x1e>
10005fbe:	2101      	movs	r1, #1
10005fc0:	4249      	negs	r1, r1
10005fc2:	f000 fa31 	bl	10006428 <__mutex_enter_timeout_ms_veneer>
10005fc6:	8931      	ldrh	r1, [r6, #8]
10005fc8:	8972      	ldrh	r2, [r6, #10]
10005fca:	88b5      	ldrh	r5, [r6, #4]
10005fcc:	b28b      	uxth	r3, r1
10005fce:	b294      	uxth	r4, r2
10005fd0:	4291      	cmp	r1, r2
10005fd2:	d354      	bcc.n	1000607e <tu_fifo_read_n+0xd6>
10005fd4:	1b1f      	subs	r7, r3, r4
10005fd6:	b2bf      	uxth	r7, r7
10005fd8:	2f00      	cmp	r7, #0
10005fda:	d04a      	beq.n	10006072 <tu_fifo_read_n+0xca>
10005fdc:	42bd      	cmp	r5, r7
10005fde:	d205      	bcs.n	10005fec <tu_fifo_read_n+0x44>
10005fe0:	42ab      	cmp	r3, r5
10005fe2:	d251      	bcs.n	10006088 <tu_fifo_read_n+0xe0>
10005fe4:	195b      	adds	r3, r3, r5
10005fe6:	b29c      	uxth	r4, r3
10005fe8:	002f      	movs	r7, r5
10005fea:	8174      	strh	r4, [r6, #10]
10005fec:	4643      	mov	r3, r8
10005fee:	45b8      	cmp	r8, r7
10005ff0:	d83d      	bhi.n	1000606e <tu_fifo_read_n+0xc6>
10005ff2:	b29f      	uxth	r7, r3
10005ff4:	42a5      	cmp	r5, r4
10005ff6:	d803      	bhi.n	10006000 <tu_fifo_read_n+0x58>
10005ff8:	1b64      	subs	r4, r4, r5
10005ffa:	b2a4      	uxth	r4, r4
10005ffc:	42a5      	cmp	r5, r4
10005ffe:	d9fb      	bls.n	10005ff8 <tu_fifo_read_n+0x50>
10006000:	88f2      	ldrh	r2, [r6, #6]
10006002:	6831      	ldr	r1, [r6, #0]
10006004:	0452      	lsls	r2, r2, #17
10006006:	0c52      	lsrs	r2, r2, #17
10006008:	4690      	mov	r8, r2
1000600a:	4362      	muls	r2, r4
1000600c:	1b2b      	subs	r3, r5, r4
1000600e:	b29b      	uxth	r3, r3
10006010:	1889      	adds	r1, r1, r2
10006012:	4642      	mov	r2, r8
10006014:	429f      	cmp	r7, r3
10006016:	d925      	bls.n	10006064 <tu_fifo_read_n+0xbc>
10006018:	4353      	muls	r3, r2
1000601a:	b29b      	uxth	r3, r3
1000601c:	001a      	movs	r2, r3
1000601e:	4648      	mov	r0, r9
10006020:	469a      	mov	sl, r3
10006022:	f7fc f957 	bl	100022d4 <__wrap___aeabi_memcpy>
10006026:	4643      	mov	r3, r8
10006028:	4648      	mov	r0, r9
1000602a:	1b7d      	subs	r5, r7, r5
1000602c:	1964      	adds	r4, r4, r5
1000602e:	435c      	muls	r4, r3
10006030:	6831      	ldr	r1, [r6, #0]
10006032:	4450      	add	r0, sl
10006034:	b2a2      	uxth	r2, r4
10006036:	f7fc f94d 	bl	100022d4 <__wrap___aeabi_memcpy>
1000603a:	8971      	ldrh	r1, [r6, #10]
1000603c:	88b5      	ldrh	r5, [r6, #4]
1000603e:	19cb      	adds	r3, r1, r7
10006040:	b29b      	uxth	r3, r3
10006042:	006a      	lsls	r2, r5, #1
10006044:	4299      	cmp	r1, r3
10006046:	d916      	bls.n	10006076 <tu_fifo_read_n+0xce>
10006048:	1a9b      	subs	r3, r3, r2
1000604a:	b29b      	uxth	r3, r3
1000604c:	6930      	ldr	r0, [r6, #16]
1000604e:	8173      	strh	r3, [r6, #10]
10006050:	2800      	cmp	r0, #0
10006052:	d001      	beq.n	10006058 <tu_fifo_read_n+0xb0>
10006054:	f000 f9b8 	bl	100063c8 <__mutex_exit_veneer>
10006058:	0038      	movs	r0, r7
1000605a:	bce0      	pop	{r5, r6, r7}
1000605c:	46ba      	mov	sl, r7
1000605e:	46b1      	mov	r9, r6
10006060:	46a8      	mov	r8, r5
10006062:	bdf0      	pop	{r4, r5, r6, r7, pc}
10006064:	4648      	mov	r0, r9
10006066:	437a      	muls	r2, r7
10006068:	f7fc f934 	bl	100022d4 <__wrap___aeabi_memcpy>
1000606c:	e7e5      	b.n	1000603a <tu_fifo_read_n+0x92>
1000606e:	1c3b      	adds	r3, r7, #0
10006070:	e7bf      	b.n	10005ff2 <tu_fifo_read_n+0x4a>
10006072:	8973      	ldrh	r3, [r6, #10]
10006074:	b29b      	uxth	r3, r3
10006076:	006a      	lsls	r2, r5, #1
10006078:	4293      	cmp	r3, r2
1000607a:	dbe7      	blt.n	1000604c <tu_fifo_read_n+0xa4>
1000607c:	e7e4      	b.n	10006048 <tu_fifo_read_n+0xa0>
1000607e:	006f      	lsls	r7, r5, #1
10006080:	1b3f      	subs	r7, r7, r4
10006082:	19df      	adds	r7, r3, r7
10006084:	b2bf      	uxth	r7, r7
10006086:	e7a7      	b.n	10005fd8 <tu_fifo_read_n+0x30>
10006088:	1b5b      	subs	r3, r3, r5
1000608a:	b29c      	uxth	r4, r3
1000608c:	e7ac      	b.n	10005fe8 <tu_fifo_read_n+0x40>
1000608e:	46c0      	nop			@ (mov r8, r8)

10006090 <tu_fifo_write>:
10006090:	b5f8      	push	{r3, r4, r5, r6, r7, lr}
10006092:	0004      	movs	r4, r0
10006094:	68c0      	ldr	r0, [r0, #12]
10006096:	000e      	movs	r6, r1
10006098:	2800      	cmp	r0, #0
1000609a:	d003      	beq.n	100060a4 <tu_fifo_write+0x14>
1000609c:	2101      	movs	r1, #1
1000609e:	4249      	negs	r1, r1
100060a0:	f000 f9c2 	bl	10006428 <__mutex_enter_timeout_ms_veneer>
100060a4:	8925      	ldrh	r5, [r4, #8]
100060a6:	8920      	ldrh	r0, [r4, #8]
100060a8:	8961      	ldrh	r1, [r4, #10]
100060aa:	88a2      	ldrh	r2, [r4, #4]
100060ac:	b2ad      	uxth	r5, r5
100060ae:	b283      	uxth	r3, r0
100060b0:	b28f      	uxth	r7, r1
100060b2:	4288      	cmp	r0, r1
100060b4:	d329      	bcc.n	1000610a <tu_fifo_write+0x7a>
100060b6:	1bdb      	subs	r3, r3, r7
100060b8:	b29b      	uxth	r3, r3
100060ba:	429a      	cmp	r2, r3
100060bc:	d809      	bhi.n	100060d2 <tu_fifo_write+0x42>
100060be:	79e7      	ldrb	r7, [r4, #7]
100060c0:	09ff      	lsrs	r7, r7, #7
100060c2:	d106      	bne.n	100060d2 <tu_fifo_write+0x42>
100060c4:	68e0      	ldr	r0, [r4, #12]
100060c6:	2800      	cmp	r0, #0
100060c8:	d001      	beq.n	100060ce <tu_fifo_write+0x3e>
100060ca:	f000 f97d 	bl	100063c8 <__mutex_exit_veneer>
100060ce:	0038      	movs	r0, r7
100060d0:	bdf8      	pop	{r3, r4, r5, r6, r7, pc}
100060d2:	002b      	movs	r3, r5
100060d4:	4295      	cmp	r5, r2
100060d6:	d31d      	bcc.n	10006114 <tu_fifo_write+0x84>
100060d8:	1a9b      	subs	r3, r3, r2
100060da:	b29b      	uxth	r3, r3
100060dc:	4293      	cmp	r3, r2
100060de:	d2fb      	bcs.n	100060d8 <tu_fifo_write+0x48>
100060e0:	88e2      	ldrh	r2, [r4, #6]
100060e2:	6820      	ldr	r0, [r4, #0]
100060e4:	0452      	lsls	r2, r2, #17
100060e6:	0c52      	lsrs	r2, r2, #17
100060e8:	4353      	muls	r3, r2
100060ea:	0031      	movs	r1, r6
100060ec:	18c0      	adds	r0, r0, r3
100060ee:	f7fc f8f1 	bl	100022d4 <__wrap___aeabi_memcpy>
100060f2:	1c6b      	adds	r3, r5, #1
100060f4:	b29b      	uxth	r3, r3
100060f6:	88a2      	ldrh	r2, [r4, #4]
100060f8:	429d      	cmp	r5, r3
100060fa:	d917      	bls.n	1000612c <tu_fifo_write+0x9c>
100060fc:	2300      	movs	r3, #0
100060fe:	0052      	lsls	r2, r2, #1
10006100:	1a9b      	subs	r3, r3, r2
10006102:	b29b      	uxth	r3, r3
10006104:	2701      	movs	r7, #1
10006106:	8123      	strh	r3, [r4, #8]
10006108:	e7dc      	b.n	100060c4 <tu_fifo_write+0x34>
1000610a:	0051      	lsls	r1, r2, #1
1000610c:	1bc9      	subs	r1, r1, r7
1000610e:	185b      	adds	r3, r3, r1
10006110:	b29b      	uxth	r3, r3
10006112:	e7d2      	b.n	100060ba <tu_fifo_write+0x2a>
10006114:	88e2      	ldrh	r2, [r4, #6]
10006116:	6820      	ldr	r0, [r4, #0]
10006118:	0452      	lsls	r2, r2, #17
1000611a:	0c52      	lsrs	r2, r2, #17
1000611c:	4353      	muls	r3, r2
1000611e:	0031      	movs	r1, r6
10006120:	18c0      	adds	r0, r0, r3
10006122:	f7fc f8d7 	bl	100022d4 <__wrap___aeabi_memcpy>
10006126:	3501      	adds	r5, #1
10006128:	88a2      	ldrh	r2, [r4, #4]
1000612a:	b2ab      	uxth	r3, r5
1000612c:	0052      	lsls	r2, r2, #1
1000612e:	4293      	cmp	r3, r2
10006130:	dbe8      	blt.n	10006104 <tu_fifo_write+0x74>
10006132:	e7e5      	b.n	10006100 <tu_fifo_write+0x70>

10006134 <tu_fifo_write_n>:
10006134:	b5f0      	push	{r4, r5, r6, r7, lr}
10006136:	464e      	mov	r6, r9
10006138:	4657      	mov	r7, sl
1000613a:	46de      	mov	lr, fp
1000613c:	4645      	mov	r5, r8
1000613e:	b5e0      	push	{r5, r6, r7, lr}
10006140:	4689      	mov	r9, r1
10006142:	0006      	movs	r6, r0
10006144:	0017      	movs	r7, r2
10006146:	b083      	sub	sp, #12
10006148:	2a00      	cmp	r2, #0
1000614a:	d067      	beq.n	1000621c <tu_fifo_write_n+0xe8>
1000614c:	68c0      	ldr	r0, [r0, #12]
1000614e:	2800      	cmp	r0, #0
10006150:	d003      	beq.n	1000615a <tu_fifo_write_n+0x26>
10006152:	2101      	movs	r1, #1
10006154:	4249      	negs	r1, r1
10006156:	f000 f967 	bl	10006428 <__mutex_enter_timeout_ms_veneer>
1000615a:	8933      	ldrh	r3, [r6, #8]
1000615c:	79f2      	ldrb	r2, [r6, #7]
1000615e:	b29b      	uxth	r3, r3
10006160:	4698      	mov	r8, r3
10006162:	8973      	ldrh	r3, [r6, #10]
10006164:	88b5      	ldrh	r5, [r6, #4]
10006166:	b29b      	uxth	r3, r3
10006168:	09d2      	lsrs	r2, r2, #7
1000616a:	d140      	bne.n	100061ee <tu_fifo_write_n+0xba>
1000616c:	4598      	cmp	r8, r3
1000616e:	d25e      	bcs.n	1000622e <tu_fifo_write_n+0xfa>
10006170:	006a      	lsls	r2, r5, #1
10006172:	1ad3      	subs	r3, r2, r3
10006174:	4443      	add	r3, r8
10006176:	b29b      	uxth	r3, r3
10006178:	42ab      	cmp	r3, r5
1000617a:	d25d      	bcs.n	10006238 <tu_fifo_write_n+0x104>
1000617c:	1aeb      	subs	r3, r5, r3
1000617e:	1c1a      	adds	r2, r3, #0
10006180:	b29b      	uxth	r3, r3
10006182:	42bb      	cmp	r3, r7
10006184:	d900      	bls.n	10006188 <tu_fifo_write_n+0x54>
10006186:	1c3a      	adds	r2, r7, #0
10006188:	b297      	uxth	r7, r2
1000618a:	1b7b      	subs	r3, r7, r5
1000618c:	b29b      	uxth	r3, r3
1000618e:	9301      	str	r3, [sp, #4]
10006190:	88f3      	ldrh	r3, [r6, #6]
10006192:	045b      	lsls	r3, r3, #17
10006194:	0c5b      	lsrs	r3, r3, #17
10006196:	469a      	mov	sl, r3
10006198:	4643      	mov	r3, r8
1000619a:	19db      	adds	r3, r3, r7
1000619c:	b29b      	uxth	r3, r3
1000619e:	469b      	mov	fp, r3
100061a0:	4644      	mov	r4, r8
100061a2:	45a8      	cmp	r8, r5
100061a4:	d303      	bcc.n	100061ae <tu_fifo_write_n+0x7a>
100061a6:	1b64      	subs	r4, r4, r5
100061a8:	b2a4      	uxth	r4, r4
100061aa:	42ac      	cmp	r4, r5
100061ac:	d2fb      	bcs.n	100061a6 <tu_fifo_write_n+0x72>
100061ae:	4653      	mov	r3, sl
100061b0:	4363      	muls	r3, r4
100061b2:	6830      	ldr	r0, [r6, #0]
100061b4:	1b2d      	subs	r5, r5, r4
100061b6:	b2ad      	uxth	r5, r5
100061b8:	18c0      	adds	r0, r0, r3
100061ba:	42bd      	cmp	r5, r7
100061bc:	d34b      	bcc.n	10006256 <tu_fifo_write_n+0x122>
100061be:	4652      	mov	r2, sl
100061c0:	4649      	mov	r1, r9
100061c2:	437a      	muls	r2, r7
100061c4:	f7fc f886 	bl	100022d4 <__wrap___aeabi_memcpy>
100061c8:	88b3      	ldrh	r3, [r6, #4]
100061ca:	005b      	lsls	r3, r3, #1
100061cc:	45d8      	cmp	r8, fp
100061ce:	d801      	bhi.n	100061d4 <tu_fifo_write_n+0xa0>
100061d0:	459b      	cmp	fp, r3
100061d2:	db03      	blt.n	100061dc <tu_fifo_write_n+0xa8>
100061d4:	465a      	mov	r2, fp
100061d6:	1ad3      	subs	r3, r2, r3
100061d8:	b29b      	uxth	r3, r3
100061da:	469b      	mov	fp, r3
100061dc:	465b      	mov	r3, fp
100061de:	003d      	movs	r5, r7
100061e0:	8133      	strh	r3, [r6, #8]
100061e2:	68f0      	ldr	r0, [r6, #12]
100061e4:	2800      	cmp	r0, #0
100061e6:	d01a      	beq.n	1000621e <tu_fifo_write_n+0xea>
100061e8:	f000 f8ee 	bl	100063c8 <__mutex_exit_veneer>
100061ec:	e017      	b.n	1000621e <tu_fifo_write_n+0xea>
100061ee:	88f2      	ldrh	r2, [r6, #6]
100061f0:	0452      	lsls	r2, r2, #17
100061f2:	0c52      	lsrs	r2, r2, #17
100061f4:	4692      	mov	sl, r2
100061f6:	42af      	cmp	r7, r5
100061f8:	d220      	bcs.n	1000623c <tu_fifo_write_n+0x108>
100061fa:	4598      	cmp	r8, r3
100061fc:	d34d      	bcc.n	1000629a <tu_fifo_write_n+0x166>
100061fe:	4642      	mov	r2, r8
10006200:	1ad2      	subs	r2, r2, r3
10006202:	b292      	uxth	r2, r2
10006204:	0069      	lsls	r1, r5, #1
10006206:	1b78      	subs	r0, r7, r5
10006208:	b280      	uxth	r0, r0
1000620a:	19d2      	adds	r2, r2, r7
1000620c:	9001      	str	r0, [sp, #4]
1000620e:	428a      	cmp	r2, r1
10006210:	da33      	bge.n	1000627a <tu_fifo_write_n+0x146>
10006212:	4643      	mov	r3, r8
10006214:	18fb      	adds	r3, r7, r3
10006216:	b29b      	uxth	r3, r3
10006218:	469b      	mov	fp, r3
1000621a:	e7c1      	b.n	100061a0 <tu_fifo_write_n+0x6c>
1000621c:	2500      	movs	r5, #0
1000621e:	0028      	movs	r0, r5
10006220:	b003      	add	sp, #12
10006222:	bcf0      	pop	{r4, r5, r6, r7}
10006224:	46bb      	mov	fp, r7
10006226:	46b2      	mov	sl, r6
10006228:	46a9      	mov	r9, r5
1000622a:	46a0      	mov	r8, r4
1000622c:	bdf0      	pop	{r4, r5, r6, r7, pc}
1000622e:	4642      	mov	r2, r8
10006230:	1ad3      	subs	r3, r2, r3
10006232:	b29b      	uxth	r3, r3
10006234:	42ab      	cmp	r3, r5
10006236:	d3a1      	bcc.n	1000617c <tu_fifo_write_n+0x48>
10006238:	2500      	movs	r5, #0
1000623a:	e7d2      	b.n	100061e2 <tu_fifo_write_n+0xae>
1000623c:	2d00      	cmp	r5, #0
1000623e:	d0d0      	beq.n	100061e2 <tu_fifo_write_n+0xae>
10006240:	1b7f      	subs	r7, r7, r5
10006242:	4357      	muls	r7, r2
10006244:	4698      	mov	r8, r3
10006246:	195a      	adds	r2, r3, r5
10006248:	2300      	movs	r3, #0
1000624a:	b292      	uxth	r2, r2
1000624c:	44b9      	add	r9, r7
1000624e:	4693      	mov	fp, r2
10006250:	002f      	movs	r7, r5
10006252:	9301      	str	r3, [sp, #4]
10006254:	e7a4      	b.n	100061a0 <tu_fifo_write_n+0x6c>
10006256:	4653      	mov	r3, sl
10006258:	435d      	muls	r5, r3
1000625a:	b2ad      	uxth	r5, r5
1000625c:	002a      	movs	r2, r5
1000625e:	4649      	mov	r1, r9
10006260:	f7fc f838 	bl	100022d4 <__wrap___aeabi_memcpy>
10006264:	9b01      	ldr	r3, [sp, #4]
10006266:	0029      	movs	r1, r5
10006268:	18e2      	adds	r2, r4, r3
1000626a:	4653      	mov	r3, sl
1000626c:	435a      	muls	r2, r3
1000626e:	6830      	ldr	r0, [r6, #0]
10006270:	b292      	uxth	r2, r2
10006272:	4449      	add	r1, r9
10006274:	f7fc f82e 	bl	100022d4 <__wrap___aeabi_memcpy>
10006278:	e7a6      	b.n	100061c8 <tu_fifo_write_n+0x94>
1000627a:	195a      	adds	r2, r3, r5
1000627c:	b292      	uxth	r2, r2
1000627e:	4693      	mov	fp, r2
10006280:	1bd2      	subs	r2, r2, r7
10006282:	b292      	uxth	r2, r2
10006284:	4690      	mov	r8, r2
10006286:	4293      	cmp	r3, r2
10006288:	d90c      	bls.n	100062a4 <tu_fifo_write_n+0x170>
1000628a:	4643      	mov	r3, r8
1000628c:	1a59      	subs	r1, r3, r1
1000628e:	b28b      	uxth	r3, r1
10006290:	4698      	mov	r8, r3
10006292:	18fb      	adds	r3, r7, r3
10006294:	b29b      	uxth	r3, r3
10006296:	469b      	mov	fp, r3
10006298:	e782      	b.n	100061a0 <tu_fifo_write_n+0x6c>
1000629a:	0069      	lsls	r1, r5, #1
1000629c:	1aca      	subs	r2, r1, r3
1000629e:	4442      	add	r2, r8
100062a0:	b292      	uxth	r2, r2
100062a2:	e7b0      	b.n	10006206 <tu_fifo_write_n+0xd2>
100062a4:	4291      	cmp	r1, r2
100062a6:	dd00      	ble.n	100062aa <tu_fifo_write_n+0x176>
100062a8:	e77a      	b.n	100061a0 <tu_fifo_write_n+0x6c>
100062aa:	e7ee      	b.n	1000628a <tu_fifo_write_n+0x156>

100062ac <tu_fifo_clear>:
100062ac:	b510      	push	{r4, lr}
100062ae:	0004      	movs	r4, r0
100062b0:	68c0      	ldr	r0, [r0, #12]
100062b2:	2800      	cmp	r0, #0
100062b4:	d003      	beq.n	100062be <tu_fifo_clear+0x12>
100062b6:	2101      	movs	r1, #1
100062b8:	4249      	negs	r1, r1
100062ba:	f000 f8b5 	bl	10006428 <__mutex_enter_timeout_ms_veneer>
100062be:	6920      	ldr	r0, [r4, #16]
100062c0:	2800      	cmp	r0, #0
100062c2:	d003      	beq.n	100062cc <tu_fifo_clear+0x20>
100062c4:	2101      	movs	r1, #1
100062c6:	4249      	negs	r1, r1
100062c8:	f000 f8ae 	bl	10006428 <__mutex_enter_timeout_ms_veneer>
100062cc:	2300      	movs	r3, #0
100062ce:	68e0      	ldr	r0, [r4, #12]
100062d0:	8163      	strh	r3, [r4, #10]
100062d2:	8123      	strh	r3, [r4, #8]
100062d4:	2800      	cmp	r0, #0
100062d6:	d001      	beq.n	100062dc <tu_fifo_clear+0x30>
100062d8:	f000 f876 	bl	100063c8 <__mutex_exit_veneer>
100062dc:	6920      	ldr	r0, [r4, #16]
100062de:	2800      	cmp	r0, #0
100062e0:	d001      	beq.n	100062e6 <tu_fifo_clear+0x3a>
100062e2:	f000 f871 	bl	100063c8 <__mutex_exit_veneer>
100062e6:	2001      	movs	r0, #1
100062e8:	bd10      	pop	{r4, pc}
100062ea:	46c0      	nop			@ (mov r8, r8)

100062ec <tu_fifo_set_overwritable>:
100062ec:	b570      	push	{r4, r5, r6, lr}
100062ee:	0004      	movs	r4, r0
100062f0:	68c0      	ldr	r0, [r0, #12]
100062f2:	000d      	movs	r5, r1
100062f4:	2800      	cmp	r0, #0
100062f6:	d003      	beq.n	10006300 <tu_fifo_set_overwritable+0x14>
100062f8:	2101      	movs	r1, #1
100062fa:	4249      	negs	r1, r1
100062fc:	f000 f894 	bl	10006428 <__mutex_enter_timeout_ms_veneer>
10006300:	6920      	ldr	r0, [r4, #16]
10006302:	2800      	cmp	r0, #0
10006304:	d003      	beq.n	1000630e <tu_fifo_set_overwritable+0x22>
10006306:	2101      	movs	r1, #1
10006308:	4249      	negs	r1, r1
1000630a:	f000 f88d 	bl	10006428 <__mutex_enter_timeout_ms_veneer>
1000630e:	217f      	movs	r1, #127	@ 0x7f
10006310:	79e3      	ldrb	r3, [r4, #7]
10006312:	01ed      	lsls	r5, r5, #7
10006314:	4019      	ands	r1, r3
10006316:	68e0      	ldr	r0, [r4, #12]
10006318:	4329      	orrs	r1, r5
1000631a:	71e1      	strb	r1, [r4, #7]
1000631c:	2800      	cmp	r0, #0
1000631e:	d001      	beq.n	10006324 <tu_fifo_set_overwritable+0x38>
10006320:	f000 f852 	bl	100063c8 <__mutex_exit_veneer>
10006324:	6920      	ldr	r0, [r4, #16]
10006326:	2800      	cmp	r0, #0
10006328:	d001      	beq.n	1000632e <tu_fifo_set_overwritable+0x42>
1000632a:	f000 f84d 	bl	100063c8 <__mutex_exit_veneer>
1000632e:	2001      	movs	r0, #1
10006330:	bd70      	pop	{r4, r5, r6, pc}
10006332:	46c0      	nop			@ (mov r8, r8)

10006334 <adc_init>:
10006334:	2301      	movs	r3, #1
10006336:	2101      	movs	r1, #1
10006338:	4a08      	ldr	r2, [pc, #32]	@ (1000635c <adc_init+0x28>)
1000633a:	6013      	str	r3, [r2, #0]
1000633c:	4a08      	ldr	r2, [pc, #32]	@ (10006360 <adc_init+0x2c>)
1000633e:	6013      	str	r3, [r2, #0]
10006340:	4a08      	ldr	r2, [pc, #32]	@ (10006364 <adc_init+0x30>)
10006342:	0008      	movs	r0, r1
10006344:	6813      	ldr	r3, [r2, #0]
10006346:	4398      	bics	r0, r3
10006348:	d1fb      	bne.n	10006342 <adc_init+0xe>
1000634a:	4a07      	ldr	r2, [pc, #28]	@ (10006368 <adc_init+0x34>)
1000634c:	6011      	str	r1, [r2, #0]
1000634e:	2180      	movs	r1, #128	@ 0x80
10006350:	0049      	lsls	r1, r1, #1
10006352:	6813      	ldr	r3, [r2, #0]
10006354:	420b      	tst	r3, r1
10006356:	d0fc      	beq.n	10006352 <adc_init+0x1e>
10006358:	4770      	bx	lr
1000635a:	46c0      	nop			@ (mov r8, r8)
1000635c:	4000e000 	.word	0x4000e000
10006360:	4000f000 	.word	0x4000f000
10006364:	4000c008 	.word	0x4000c008
10006368:	4004c000 	.word	0x4004c000

1000636c <strlen>:
1000636c:	b510      	push	{r4, lr}
1000636e:	0783      	lsls	r3, r0, #30
10006370:	d00a      	beq.n	10006388 <strlen+0x1c>
10006372:	0003      	movs	r3, r0
10006374:	2103      	movs	r1, #3
10006376:	e002      	b.n	1000637e <strlen+0x12>
10006378:	3301      	adds	r3, #1
1000637a:	420b      	tst	r3, r1
1000637c:	d005      	beq.n	1000638a <strlen+0x1e>
1000637e:	781a      	ldrb	r2, [r3, #0]
10006380:	2a00      	cmp	r2, #0
10006382:	d1f9      	bne.n	10006378 <strlen+0xc>
10006384:	1a18      	subs	r0, r3, r0
10006386:	bd10      	pop	{r4, pc}
10006388:	0003      	movs	r3, r0
1000638a:	6819      	ldr	r1, [r3, #0]
1000638c:	4a0c      	ldr	r2, [pc, #48]	@ (100063c0 <strlen+0x54>)
1000638e:	4c0d      	ldr	r4, [pc, #52]	@ (100063c4 <strlen+0x58>)
10006390:	188a      	adds	r2, r1, r2
10006392:	438a      	bics	r2, r1
10006394:	4222      	tst	r2, r4
10006396:	d10f      	bne.n	100063b8 <strlen+0x4c>
10006398:	6859      	ldr	r1, [r3, #4]
1000639a:	4a09      	ldr	r2, [pc, #36]	@ (100063c0 <strlen+0x54>)
1000639c:	3304      	adds	r3, #4
1000639e:	188a      	adds	r2, r1, r2
100063a0:	438a      	bics	r2, r1
100063a2:	4222      	tst	r2, r4
100063a4:	d108      	bne.n	100063b8 <strlen+0x4c>
100063a6:	6859      	ldr	r1, [r3, #4]
100063a8:	4a05      	ldr	r2, [pc, #20]	@ (100063c0 <strlen+0x54>)
100063aa:	3304      	adds	r3, #4
100063ac:	188a      	adds	r2, r1, r2
100063ae:	438a      	bics	r2, r1
100063b0:	4222      	tst	r2, r4
100063b2:	d0f1      	beq.n	10006398 <strlen+0x2c>
100063b4:	e000      	b.n	100063b8 <strlen+0x4c>
100063b6:	3301      	adds	r3, #1
100063b8:	781a      	ldrb	r2, [r3, #0]
100063ba:	2a00      	cmp	r2, #0
100063bc:	d1fb      	bne.n	100063b6 <strlen+0x4a>
100063be:	e7e1      	b.n	10006384 <strlen+0x18>
100063c0:	fefefeff 	.word	0xfefefeff
100063c4:	80808080 	.word	0x80808080

100063c8 <__mutex_exit_veneer>:
100063c8:	b401      	push	{r0}
100063ca:	4802      	ldr	r0, [pc, #8]	@ (100063d4 <__mutex_exit_veneer+0xc>)
100063cc:	4684      	mov	ip, r0
100063ce:	bc01      	pop	{r0}
100063d0:	4760      	bx	ip
100063d2:	bf00      	nop
100063d4:	200001e1 	.word	0x200001e1

100063d8 <___hw_endpoint_buffer_control_update32_veneer>:
100063d8:	b401      	push	{r0}
100063da:	4802      	ldr	r0, [pc, #8]	@ (100063e4 <___hw_endpoint_buffer_control_update32_veneer+0xc>)
100063dc:	4684      	mov	ip, r0
100063de:	bc01      	pop	{r0}
100063e0:	4760      	bx	ip
100063e2:	bf00      	nop
100063e4:	20000c39 	.word	0x20000c39

100063e8 <__reset_non_control_endpoints_veneer>:
100063e8:	b401      	push	{r0}
100063ea:	4802      	ldr	r0, [pc, #8]	@ (100063f4 <__reset_non_control_endpoints_veneer+0xc>)
100063ec:	4684      	mov	ip, r0
100063ee:	bc01      	pop	{r0}
100063f0:	4760      	bx	ip
100063f2:	bf00      	nop
100063f4:	200003f5 	.word	0x200003f5

100063f8 <__mutex_try_enter_veneer>:
100063f8:	b401      	push	{r0}
100063fa:	4802      	ldr	r0, [pc, #8]	@ (10006404 <__mutex_try_enter_veneer+0xc>)
100063fc:	4684      	mov	ip, r0
100063fe:	bc01      	pop	{r0}
10006400:	4760      	bx	ip
10006402:	bf00      	nop
10006404:	200000c1 	.word	0x200000c1

10006408 <____aeabi_ldiv0_veneer>:
10006408:	b401      	push	{r0}
1000640a:	4802      	ldr	r0, [pc, #8]	@ (10006414 <____aeabi_ldiv0_veneer+0xc>)
1000640c:	4684      	mov	ip, r0
1000640e:	bc01      	pop	{r0}
10006410:	4760      	bx	ip
10006412:	bf00      	nop
10006414:	20000f11 	.word	0x20000f11

10006418 <____aeabi_idiv0_veneer>:
10006418:	b401      	push	{r0}
1000641a:	4802      	ldr	r0, [pc, #8]	@ (10006424 <____aeabi_idiv0_veneer+0xc>)
1000641c:	4684      	mov	ip, r0
1000641e:	bc01      	pop	{r0}
10006420:	4760      	bx	ip
10006422:	bf00      	nop
10006424:	20000f11 	.word	0x20000f11

10006428 <__mutex_enter_timeout_ms_veneer>:
10006428:	b401      	push	{r0}
1000642a:	4802      	ldr	r0, [pc, #8]	@ (10006434 <__mutex_enter_timeout_ms_veneer+0xc>)
1000642c:	4684      	mov	ip, r0
1000642e:	bc01      	pop	{r0}
10006430:	4760      	bx	ip
10006432:	bf00      	nop
10006434:	200001a5 	.word	0x200001a5

10006438 <__e15_is_critical_frame_period_veneer>:
10006438:	b401      	push	{r0}
1000643a:	4802      	ldr	r0, [pc, #8]	@ (10006444 <__e15_is_critical_frame_period_veneer+0xc>)
1000643c:	4684      	mov	ip, r0
1000643e:	bc01      	pop	{r0}
10006440:	4760      	bx	ip
10006442:	bf00      	nop
10006444:	20000bf9 	.word	0x20000bf9

10006448 <__mutex_try_enter_block_until_veneer>:
10006448:	b401      	push	{r0}
1000644a:	4802      	ldr	r0, [pc, #8]	@ (10006454 <__mutex_try_enter_block_until_veneer+0xc>)
1000644c:	4684      	mov	ip, r0
1000644e:	bc01      	pop	{r0}
10006450:	4760      	bx	ip
10006452:	bf00      	nop
10006454:	20000171 	.word	0x20000171

10006458 <__hw_endpoint_start_next_buffer_veneer>:
10006458:	b401      	push	{r0}
1000645a:	4802      	ldr	r0, [pc, #8]	@ (10006464 <__hw_endpoint_start_next_buffer_veneer+0xc>)
1000645c:	4684      	mov	ip, r0
1000645e:	bc01      	pop	{r0}
10006460:	4760      	bx	ip
10006462:	bf00      	nop
10006464:	20000c89 	.word	0x20000c89

10006468 <__flash_do_cmd_cs_veneer>:
10006468:	b401      	push	{r0}
1000646a:	4802      	ldr	r0, [pc, #8]	@ (10006474 <__flash_do_cmd_cs_veneer+0xc>)
1000646c:	4684      	mov	ip, r0
1000646e:	bc01      	pop	{r0}
10006470:	4760      	bx	ip
10006472:	bf00      	nop
10006474:	20000295 	.word	0x20000295

10006478 <__e15_is_bulkin_ep_veneer>:
10006478:	b401      	push	{r0}
1000647a:	4802      	ldr	r0, [pc, #8]	@ (10006484 <__e15_is_bulkin_ep_veneer+0xc>)
1000647c:	4684      	mov	ip, r0
1000647e:	bc01      	pop	{r0}
10006480:	4760      	bx	ip
10006482:	bf00      	nop
10006484:	20000bd1 	.word	0x20000bd1

10006488 <__pre_init_runtime_init_early_resets>:
10006488:	100018b9                                ....

1000648c <__pre_init_runtime_init_usb_power_down>:
1000648c:	100018e5 10001ac9 100022b9 10002151     ........."..Q!..
1000649c:	1000225d                                ]"..

100064a0 <__pre_init_runtime_init_clocks>:
100064a0:	100019f1                                ....

100064a4 <__pre_init_runtime_init_post_clock_resets>:
100064a4:	10001901                                ....

100064a8 <__pre_init_runtime_init_rp2040_gpio_ie_disable>:
100064a8:	10001921                                !...

100064ac <__pre_init_runtime_init_spin_locks_reset>:
100064ac:	10001935                                5...

100064b0 <__pre_init_runtime_init_mutex>:
100064b0:	100009d9                                ....

100064b4 <__pre_init_runtime_init_install_ram_vector_table>:
100064b4:	1000193d                                =...

100064b8 <__pre_init_runtime_init_default_alarm_pool>:
100064b8:	10000da5                                ....

100064bc <__pre_init_first_per_core_initializer>:
100064bc:	10001881                                ....

100064c0 <__pre_init_runtime_init_per_core_irq_priorities>:
100064c0:	10000611                                ....

100064c4 <__init_array_start>:
100064c4:	100044d9 	.word	0x100044d9

Disassembly of section .data:

200000c0 <mutex_try_enter>:
200000c0:	0003      	movs	r3, r0
200000c2:	6800      	ldr	r0, [r0, #0]
200000c4:	f3ef 8c10 	mrs	ip, PRIMASK
200000c8:	b672      	cpsid	i
200000ca:	6802      	ldr	r2, [r0, #0]
200000cc:	2a00      	cmp	r2, #0
200000ce:	d0fc      	beq.n	200000ca <mutex_try_enter+0xa>
200000d0:	f3bf 8f5f 	dmb	sy
200000d4:	2204      	movs	r2, #4
200000d6:	569a      	ldrsb	r2, [r3, r2]
200000d8:	2a00      	cmp	r2, #0
200000da:	db0b      	blt.n	200000f4 <mutex_try_enter+0x34>
200000dc:	2900      	cmp	r1, #0
200000de:	d000      	beq.n	200000e2 <mutex_try_enter+0x22>
200000e0:	600a      	str	r2, [r1, #0]
200000e2:	2000      	movs	r0, #0
200000e4:	681b      	ldr	r3, [r3, #0]
200000e6:	f3bf 8f5f 	dmb	sy
200000ea:	2200      	movs	r2, #0
200000ec:	601a      	str	r2, [r3, #0]
200000ee:	f38c 8810 	msr	PRIMASK, ip
200000f2:	4770      	bx	lr
200000f4:	22d0      	movs	r2, #208	@ 0xd0
200000f6:	0612      	lsls	r2, r2, #24
200000f8:	6812      	ldr	r2, [r2, #0]
200000fa:	2001      	movs	r0, #1
200000fc:	711a      	strb	r2, [r3, #4]
200000fe:	e7f1      	b.n	200000e4 <mutex_try_enter+0x24>

20000100 <mutex_enter_block_until>:
20000100:	b5f0      	push	{r4, r5, r6, r7, lr}
20000102:	464f      	mov	r7, r9
20000104:	46d6      	mov	lr, sl
20000106:	4646      	mov	r6, r8
20000108:	b5c0      	push	{r6, r7, lr}
2000010a:	001f      	movs	r7, r3
2000010c:	23d0      	movs	r3, #208	@ 0xd0
2000010e:	061b      	lsls	r3, r3, #24
20000110:	681b      	ldr	r3, [r3, #0]
20000112:	0004      	movs	r4, r0
20000114:	469a      	mov	sl, r3
20000116:	2300      	movs	r3, #0
20000118:	4690      	mov	r8, r2
2000011a:	4699      	mov	r9, r3
2000011c:	e00b      	b.n	20000136 <mutex_enter_block_until+0x36>
2000011e:	f3bf 8f5f 	dmb	sy
20000122:	4649      	mov	r1, r9
20000124:	6011      	str	r1, [r2, #0]
20000126:	f383 8810 	msr	PRIMASK, r3
2000012a:	4640      	mov	r0, r8
2000012c:	0039      	movs	r1, r7
2000012e:	f000 ff2b 	bl	20000f88 <__best_effort_wfe_or_timeout_veneer>
20000132:	2800      	cmp	r0, #0
20000134:	d11a      	bne.n	2000016c <mutex_enter_block_until+0x6c>
20000136:	6826      	ldr	r6, [r4, #0]
20000138:	f3ef 8310 	mrs	r3, PRIMASK
2000013c:	b672      	cpsid	i
2000013e:	6835      	ldr	r5, [r6, #0]
20000140:	2d00      	cmp	r5, #0
20000142:	d0fc      	beq.n	2000013e <mutex_enter_block_until+0x3e>
20000144:	f3bf 8f5f 	dmb	sy
20000148:	7925      	ldrb	r5, [r4, #4]
2000014a:	6822      	ldr	r2, [r4, #0]
2000014c:	2d7f      	cmp	r5, #127	@ 0x7f
2000014e:	d9e6      	bls.n	2000011e <mutex_enter_block_until+0x1e>
20000150:	4651      	mov	r1, sl
20000152:	7121      	strb	r1, [r4, #4]
20000154:	f3bf 8f5f 	dmb	sy
20000158:	2100      	movs	r1, #0
2000015a:	6011      	str	r1, [r2, #0]
2000015c:	f383 8810 	msr	PRIMASK, r3
20000160:	2001      	movs	r0, #1
20000162:	bce0      	pop	{r5, r6, r7}
20000164:	46ba      	mov	sl, r7
20000166:	46b1      	mov	r9, r6
20000168:	46a8      	mov	r8, r5
2000016a:	bdf0      	pop	{r4, r5, r6, r7, pc}
2000016c:	2000      	movs	r0, #0
2000016e:	e7f8      	b.n	20000162 <mutex_enter_block_until+0x62>

20000170 <mutex_try_enter_block_until>:
20000170:	b570      	push	{r4, r5, r6, lr}
20000172:	b082      	sub	sp, #8
20000174:	a901      	add	r1, sp, #4
20000176:	0004      	movs	r4, r0
20000178:	0016      	movs	r6, r2
2000017a:	001d      	movs	r5, r3
2000017c:	f7ff ffa0 	bl	200000c0 <mutex_try_enter>
20000180:	2800      	cmp	r0, #0
20000182:	d107      	bne.n	20000194 <mutex_try_enter_block_until+0x24>
20000184:	23d0      	movs	r3, #208	@ 0xd0
20000186:	061b      	lsls	r3, r3, #24
20000188:	9901      	ldr	r1, [sp, #4]
2000018a:	781b      	ldrb	r3, [r3, #0]
2000018c:	b249      	sxtb	r1, r1
2000018e:	b25b      	sxtb	r3, r3
20000190:	4299      	cmp	r1, r3
20000192:	d101      	bne.n	20000198 <mutex_try_enter_block_until+0x28>
20000194:	b002      	add	sp, #8
20000196:	bd70      	pop	{r4, r5, r6, pc}
20000198:	0032      	movs	r2, r6
2000019a:	002b      	movs	r3, r5
2000019c:	0020      	movs	r0, r4
2000019e:	f7ff ffaf 	bl	20000100 <mutex_enter_block_until>
200001a2:	e7f7      	b.n	20000194 <mutex_try_enter_block_until+0x24>

200001a4 <mutex_enter_timeout_ms>:
200001a4:	b5f8      	push	{r3, r4, r5, r6, r7, lr}
200001a6:	000f      	movs	r7, r1
200001a8:	0006      	movs	r6, r0
200001aa:	f000 feb5 	bl	20000f18 <__time_us_64_veneer>
200001ae:	22fa      	movs	r2, #250	@ 0xfa
200001b0:	0004      	movs	r4, r0
200001b2:	000d      	movs	r5, r1
200001b4:	2300      	movs	r3, #0
200001b6:	0092      	lsls	r2, r2, #2
200001b8:	0038      	movs	r0, r7
200001ba:	2100      	movs	r1, #0
200001bc:	f000 fecc 	bl	20000f58 <____wrap___aeabi_lmul_veneer>
200001c0:	0002      	movs	r2, r0
200001c2:	000b      	movs	r3, r1
200001c4:	1912      	adds	r2, r2, r4
200001c6:	416b      	adcs	r3, r5
200001c8:	2b00      	cmp	r3, #0
200001ca:	da02      	bge.n	200001d2 <mutex_enter_timeout_ms+0x2e>
200001cc:	2201      	movs	r2, #1
200001ce:	4b03      	ldr	r3, [pc, #12]	@ (200001dc <mutex_enter_timeout_ms+0x38>)
200001d0:	4252      	negs	r2, r2
200001d2:	0030      	movs	r0, r6
200001d4:	f7ff ff94 	bl	20000100 <mutex_enter_block_until>
200001d8:	bdf8      	pop	{r3, r4, r5, r6, r7, pc}
200001da:	46c0      	nop			@ (mov r8, r8)
200001dc:	7fffffff 	.word	0x7fffffff

200001e0 <mutex_exit>:
200001e0:	6802      	ldr	r2, [r0, #0]
200001e2:	f3ef 8110 	mrs	r1, PRIMASK
200001e6:	b672      	cpsid	i
200001e8:	6813      	ldr	r3, [r2, #0]
200001ea:	2b00      	cmp	r3, #0
200001ec:	d0fc      	beq.n	200001e8 <mutex_exit+0x8>
200001ee:	f3bf 8f5f 	dmb	sy
200001f2:	23ff      	movs	r3, #255	@ 0xff
200001f4:	7103      	strb	r3, [r0, #4]
200001f6:	6803      	ldr	r3, [r0, #0]
200001f8:	f3bf 8f5f 	dmb	sy
200001fc:	2200      	movs	r2, #0
200001fe:	601a      	str	r2, [r3, #0]
20000200:	f381 8810 	msr	PRIMASK, r1
20000204:	bf40      	sev
20000206:	4770      	bx	lr

20000208 <flash_init_boot2_copyout>:
20000208:	b510      	push	{r4, lr}
2000020a:	4c08      	ldr	r4, [pc, #32]	@ (2000022c <flash_init_boot2_copyout+0x24>)
2000020c:	7823      	ldrb	r3, [r4, #0]
2000020e:	2b00      	cmp	r3, #0
20000210:	d10a      	bne.n	20000228 <flash_init_boot2_copyout+0x20>
20000212:	2380      	movs	r3, #128	@ 0x80
20000214:	4806      	ldr	r0, [pc, #24]	@ (20000230 <flash_init_boot2_copyout+0x28>)
20000216:	4907      	ldr	r1, [pc, #28]	@ (20000234 <flash_init_boot2_copyout+0x2c>)
20000218:	055b      	lsls	r3, r3, #21
2000021a:	681a      	ldr	r2, [r3, #0]
2000021c:	50c2      	str	r2, [r0, r3]
2000021e:	3304      	adds	r3, #4
20000220:	428b      	cmp	r3, r1
20000222:	d1fa      	bne.n	2000021a <flash_init_boot2_copyout+0x12>
20000224:	2301      	movs	r3, #1
20000226:	7023      	strb	r3, [r4, #0]
20000228:	bd10      	pop	{r4, pc}
2000022a:	46c0      	nop			@ (mov r8, r8)
2000022c:	20001c94 	.word	0x20001c94
20000230:	100015d4 	.word	0x100015d4
20000234:	10000100 	.word	0x10000100

20000238 <flash_enable_xip_via_boot2>:
20000238:	b510      	push	{r4, lr}
2000023a:	4b01      	ldr	r3, [pc, #4]	@ (20000240 <flash_enable_xip_via_boot2+0x8>)
2000023c:	4798      	blx	r3
2000023e:	bd10      	pop	{r4, pc}
20000240:	200015d5 	.word	0x200015d5

20000244 <flash_save_hardware_state>:
20000244:	4b08      	ldr	r3, [pc, #32]	@ (20000268 <flash_save_hardware_state+0x24>)
20000246:	685a      	ldr	r2, [r3, #4]
20000248:	6042      	str	r2, [r0, #4]
2000024a:	689a      	ldr	r2, [r3, #8]
2000024c:	6082      	str	r2, [r0, #8]
2000024e:	68da      	ldr	r2, [r3, #12]
20000250:	60c2      	str	r2, [r0, #12]
20000252:	691a      	ldr	r2, [r3, #16]
20000254:	6102      	str	r2, [r0, #16]
20000256:	695a      	ldr	r2, [r3, #20]
20000258:	6142      	str	r2, [r0, #20]
2000025a:	699b      	ldr	r3, [r3, #24]
2000025c:	6183      	str	r3, [r0, #24]
2000025e:	23a0      	movs	r3, #160	@ 0xa0
20000260:	055b      	lsls	r3, r3, #21
20000262:	681b      	ldr	r3, [r3, #0]
20000264:	6003      	str	r3, [r0, #0]
20000266:	4770      	bx	lr
20000268:	40020000 	.word	0x40020000

2000026c <flash_restore_hardware_state>:
2000026c:	6842      	ldr	r2, [r0, #4]
2000026e:	4b08      	ldr	r3, [pc, #32]	@ (20000290 <flash_restore_hardware_state+0x24>)
20000270:	605a      	str	r2, [r3, #4]
20000272:	6882      	ldr	r2, [r0, #8]
20000274:	609a      	str	r2, [r3, #8]
20000276:	68c2      	ldr	r2, [r0, #12]
20000278:	60da      	str	r2, [r3, #12]
2000027a:	6902      	ldr	r2, [r0, #16]
2000027c:	611a      	str	r2, [r3, #16]
2000027e:	6942      	ldr	r2, [r0, #20]
20000280:	615a      	str	r2, [r3, #20]
20000282:	6982      	ldr	r2, [r0, #24]
20000284:	619a      	str	r2, [r3, #24]
20000286:	23a0      	movs	r3, #160	@ 0xa0
20000288:	6802      	ldr	r2, [r0, #0]
2000028a:	055b      	lsls	r3, r3, #21
2000028c:	601a      	str	r2, [r3, #0]
2000028e:	4770      	bx	lr
20000290:	40020000 	.word	0x40020000

20000294 <flash_do_cmd_cs>:
20000294:	2300      	movs	r3, #0
20000296:	b5f0      	push	{r4, r5, r6, r7, lr}
20000298:	46de      	mov	lr, fp
2000029a:	4657      	mov	r7, sl
2000029c:	464e      	mov	r6, r9
2000029e:	4645      	mov	r5, r8
200002a0:	469a      	mov	sl, r3
200002a2:	b5e0      	push	{r5, r6, r7, lr}
200002a4:	b08b      	sub	sp, #44	@ 0x2c
200002a6:	9001      	str	r0, [sp, #4]
200002a8:	000e      	movs	r6, r1
200002aa:	8a98      	ldrh	r0, [r3, #20]
200002ac:	494c      	ldr	r1, [pc, #304]	@ (200003e0 <flash_do_cmd_cs+0x14c>)
200002ae:	8b1b      	ldrh	r3, [r3, #24]
200002b0:	0014      	movs	r4, r2
200002b2:	4798      	blx	r3
200002b4:	4653      	mov	r3, sl
200002b6:	4681      	mov	r9, r0
200002b8:	494a      	ldr	r1, [pc, #296]	@ (200003e4 <flash_do_cmd_cs+0x150>)
200002ba:	8a98      	ldrh	r0, [r3, #20]
200002bc:	8b1b      	ldrh	r3, [r3, #24]
200002be:	4798      	blx	r3
200002c0:	4653      	mov	r3, sl
200002c2:	4949      	ldr	r1, [pc, #292]	@ (200003e8 <flash_do_cmd_cs+0x154>)
200002c4:	0005      	movs	r5, r0
200002c6:	8a98      	ldrh	r0, [r3, #20]
200002c8:	8b1b      	ldrh	r3, [r3, #24]
200002ca:	4798      	blx	r3
200002cc:	4680      	mov	r8, r0
200002ce:	f7ff ff9b 	bl	20000208 <flash_init_boot2_copyout>
200002d2:	a803      	add	r0, sp, #12
200002d4:	f7ff ffb6 	bl	20000244 <flash_save_hardware_state>
200002d8:	47c8      	blx	r9
200002da:	47a8      	blx	r5
200002dc:	4b43      	ldr	r3, [pc, #268]	@ (200003ec <flash_do_cmd_cs+0x158>)
200002de:	0025      	movs	r5, r4
200002e0:	681a      	ldr	r2, [r3, #0]
200002e2:	2380      	movs	r3, #128	@ 0x80
200002e4:	009b      	lsls	r3, r3, #2
200002e6:	4053      	eors	r3, r2
200002e8:	22c0      	movs	r2, #192	@ 0xc0
200002ea:	0092      	lsls	r2, r2, #2
200002ec:	4013      	ands	r3, r2
200002ee:	4a40      	ldr	r2, [pc, #256]	@ (200003f0 <flash_do_cmd_cs+0x15c>)
200002f0:	6013      	str	r3, [r2, #0]
200002f2:	2c00      	cmp	r4, #0
200002f4:	d022      	beq.n	2000033c <flash_do_cmd_cs+0xa8>
200002f6:	2308      	movs	r3, #8
200002f8:	21c0      	movs	r1, #192	@ 0xc0
200002fa:	469c      	mov	ip, r3
200002fc:	2002      	movs	r0, #2
200002fe:	0549      	lsls	r1, r1, #21
20000300:	4662      	mov	r2, ip
20000302:	6a8b      	ldr	r3, [r1, #40]	@ 0x28
20000304:	401a      	ands	r2, r3
20000306:	4218      	tst	r0, r3
20000308:	d044      	beq.n	20000394 <flash_do_cmd_cs+0x100>
2000030a:	1b63      	subs	r3, r4, r5
2000030c:	2d00      	cmp	r5, #0
2000030e:	d134      	bne.n	2000037a <flash_do_cmd_cs+0xe6>
20000310:	2a00      	cmp	r2, #0
20000312:	d111      	bne.n	20000338 <flash_do_cmd_cs+0xa4>
20000314:	2c00      	cmp	r4, #0
20000316:	d011      	beq.n	2000033c <flash_do_cmd_cs+0xa8>
20000318:	23c0      	movs	r3, #192	@ 0xc0
2000031a:	055b      	lsls	r3, r3, #21
2000031c:	469b      	mov	fp, r3
2000031e:	2302      	movs	r3, #2
20000320:	469a      	mov	sl, r3
20000322:	3306      	adds	r3, #6
20000324:	4699      	mov	r9, r3
20000326:	465b      	mov	r3, fp
20000328:	464a      	mov	r2, r9
2000032a:	4657      	mov	r7, sl
2000032c:	6a9b      	ldr	r3, [r3, #40]	@ 0x28
2000032e:	401a      	ands	r2, r3
20000330:	421f      	tst	r7, r3
20000332:	d047      	beq.n	200003c4 <flash_do_cmd_cs+0x130>
20000334:	2a00      	cmp	r2, #0
20000336:	d0f6      	beq.n	20000326 <flash_do_cmd_cs+0x92>
20000338:	2c00      	cmp	r4, #0
2000033a:	d135      	bne.n	200003a8 <flash_do_cmd_cs+0x114>
2000033c:	4b2b      	ldr	r3, [pc, #172]	@ (200003ec <flash_do_cmd_cs+0x158>)
2000033e:	681a      	ldr	r2, [r3, #0]
20000340:	23c0      	movs	r3, #192	@ 0xc0
20000342:	009b      	lsls	r3, r3, #2
20000344:	4393      	bics	r3, r2
20000346:	4a2a      	ldr	r2, [pc, #168]	@ (200003f0 <flash_do_cmd_cs+0x15c>)
20000348:	6013      	str	r3, [r2, #0]
2000034a:	47c0      	blx	r8
2000034c:	f7ff ff74 	bl	20000238 <flash_enable_xip_via_boot2>
20000350:	a803      	add	r0, sp, #12
20000352:	f7ff ff8b 	bl	2000026c <flash_restore_hardware_state>
20000356:	b00b      	add	sp, #44	@ 0x2c
20000358:	bcf0      	pop	{r4, r5, r6, r7}
2000035a:	46bb      	mov	fp, r7
2000035c:	46b2      	mov	sl, r6
2000035e:	46a9      	mov	r9, r5
20000360:	46a0      	mov	r8, r4
20000362:	bdf0      	pop	{r4, r5, r6, r7, pc}
20000364:	2c00      	cmp	r4, #0
20000366:	d12f      	bne.n	200003c8 <flash_do_cmd_cs+0x134>
20000368:	22c0      	movs	r2, #192	@ 0xc0
2000036a:	0552      	lsls	r2, r2, #21
2000036c:	6a92      	ldr	r2, [r2, #40]	@ 0x28
2000036e:	4691      	mov	r9, r2
20000370:	2208      	movs	r2, #8
20000372:	464f      	mov	r7, r9
20000374:	403a      	ands	r2, r7
20000376:	07bf      	lsls	r7, r7, #30
20000378:	d52d      	bpl.n	200003d6 <flash_do_cmd_cs+0x142>
2000037a:	2b0d      	cmp	r3, #13
2000037c:	d91b      	bls.n	200003b6 <flash_do_cmd_cs+0x122>
2000037e:	2a00      	cmp	r2, #0
20000380:	d1f0      	bne.n	20000364 <flash_do_cmd_cs+0xd0>
20000382:	22c0      	movs	r2, #192	@ 0xc0
20000384:	0552      	lsls	r2, r2, #21
20000386:	6a92      	ldr	r2, [r2, #40]	@ 0x28
20000388:	4691      	mov	r9, r2
2000038a:	2208      	movs	r2, #8
2000038c:	464f      	mov	r7, r9
2000038e:	403a      	ands	r2, r7
20000390:	07bf      	lsls	r7, r7, #30
20000392:	d4f2      	bmi.n	2000037a <flash_do_cmd_cs+0xe6>
20000394:	2a00      	cmp	r2, #0
20000396:	d104      	bne.n	200003a2 <flash_do_cmd_cs+0x10e>
20000398:	002b      	movs	r3, r5
2000039a:	4323      	orrs	r3, r4
2000039c:	2b00      	cmp	r3, #0
2000039e:	d1af      	bne.n	20000300 <flash_do_cmd_cs+0x6c>
200003a0:	e7cc      	b.n	2000033c <flash_do_cmd_cs+0xa8>
200003a2:	002b      	movs	r3, r5
200003a4:	2c00      	cmp	r4, #0
200003a6:	d0f9      	beq.n	2000039c <flash_do_cmd_cs+0x108>
200003a8:	6e0b      	ldr	r3, [r1, #96]	@ 0x60
200003aa:	3c01      	subs	r4, #1
200003ac:	7033      	strb	r3, [r6, #0]
200003ae:	0023      	movs	r3, r4
200003b0:	3601      	adds	r6, #1
200003b2:	432b      	orrs	r3, r5
200003b4:	e7f2      	b.n	2000039c <flash_do_cmd_cs+0x108>
200003b6:	9f01      	ldr	r7, [sp, #4]
200003b8:	3d01      	subs	r5, #1
200003ba:	783b      	ldrb	r3, [r7, #0]
200003bc:	3701      	adds	r7, #1
200003be:	660b      	str	r3, [r1, #96]	@ 0x60
200003c0:	9701      	str	r7, [sp, #4]
200003c2:	e7e7      	b.n	20000394 <flash_do_cmd_cs+0x100>
200003c4:	2500      	movs	r5, #0
200003c6:	e7e5      	b.n	20000394 <flash_do_cmd_cs+0x100>
200003c8:	23c0      	movs	r3, #192	@ 0xc0
200003ca:	055b      	lsls	r3, r3, #21
200003cc:	6e1b      	ldr	r3, [r3, #96]	@ 0x60
200003ce:	3c01      	subs	r4, #1
200003d0:	7033      	strb	r3, [r6, #0]
200003d2:	3601      	adds	r6, #1
200003d4:	e794      	b.n	20000300 <flash_do_cmd_cs+0x6c>
200003d6:	002b      	movs	r3, r5
200003d8:	2a00      	cmp	r2, #0
200003da:	d1df      	bne.n	2000039c <flash_do_cmd_cs+0x108>
200003dc:	e7dc      	b.n	20000398 <flash_do_cmd_cs+0x104>
200003de:	46c0      	nop			@ (mov r8, r8)
200003e0:	00004649 	.word	0x00004649
200003e4:	00005845 	.word	0x00005845
200003e8:	00004346 	.word	0x00004346
200003ec:	4001800c 	.word	0x4001800c
200003f0:	4001900c 	.word	0x4001900c

200003f4 <reset_non_control_endpoints>:
200003f4:	2200      	movs	r2, #0
200003f6:	4b15      	ldr	r3, [pc, #84]	@ (2000044c <reset_non_control_endpoints+0x58>)
200003f8:	b510      	push	{r4, lr}
200003fa:	609a      	str	r2, [r3, #8]
200003fc:	60da      	str	r2, [r3, #12]
200003fe:	611a      	str	r2, [r3, #16]
20000400:	615a      	str	r2, [r3, #20]
20000402:	619a      	str	r2, [r3, #24]
20000404:	61da      	str	r2, [r3, #28]
20000406:	621a      	str	r2, [r3, #32]
20000408:	625a      	str	r2, [r3, #36]	@ 0x24
2000040a:	629a      	str	r2, [r3, #40]	@ 0x28
2000040c:	62da      	str	r2, [r3, #44]	@ 0x2c
2000040e:	631a      	str	r2, [r3, #48]	@ 0x30
20000410:	635a      	str	r2, [r3, #52]	@ 0x34
20000412:	639a      	str	r2, [r3, #56]	@ 0x38
20000414:	63da      	str	r2, [r3, #60]	@ 0x3c
20000416:	641a      	str	r2, [r3, #64]	@ 0x40
20000418:	645a      	str	r2, [r3, #68]	@ 0x44
2000041a:	649a      	str	r2, [r3, #72]	@ 0x48
2000041c:	64da      	str	r2, [r3, #76]	@ 0x4c
2000041e:	651a      	str	r2, [r3, #80]	@ 0x50
20000420:	655a      	str	r2, [r3, #84]	@ 0x54
20000422:	659a      	str	r2, [r3, #88]	@ 0x58
20000424:	65da      	str	r2, [r3, #92]	@ 0x5c
20000426:	661a      	str	r2, [r3, #96]	@ 0x60
20000428:	665a      	str	r2, [r3, #100]	@ 0x64
2000042a:	669a      	str	r2, [r3, #104]	@ 0x68
2000042c:	66da      	str	r2, [r3, #108]	@ 0x6c
2000042e:	671a      	str	r2, [r3, #112]	@ 0x70
20000430:	675a      	str	r2, [r3, #116]	@ 0x74
20000432:	679a      	str	r2, [r3, #120]	@ 0x78
20000434:	67da      	str	r2, [r3, #124]	@ 0x7c
20000436:	32f0      	adds	r2, #240	@ 0xf0
20000438:	0092      	lsls	r2, r2, #2
2000043a:	2100      	movs	r1, #0
2000043c:	4804      	ldr	r0, [pc, #16]	@ (20000450 <reset_non_control_endpoints+0x5c>)
2000043e:	f000 fd93 	bl	20000f68 <____wrap_memset_veneer>
20000442:	4b04      	ldr	r3, [pc, #16]	@ (20000454 <reset_non_control_endpoints+0x60>)
20000444:	4a04      	ldr	r2, [pc, #16]	@ (20000458 <reset_non_control_endpoints+0x64>)
20000446:	601a      	str	r2, [r3, #0]
20000448:	bd10      	pop	{r4, pc}
2000044a:	46c0      	nop			@ (mov r8, r8)
2000044c:	50100000 	.word	0x50100000
20000450:	20001780 	.word	0x20001780
20000454:	20001b48 	.word	0x20001b48
20000458:	50100180 	.word	0x50100180

2000045c <hw_handle_buff_status>:
2000045c:	b5f0      	push	{r4, r5, r6, r7, lr}
2000045e:	464e      	mov	r6, r9
20000460:	4645      	mov	r5, r8
20000462:	46de      	mov	lr, fp
20000464:	4657      	mov	r7, sl
20000466:	b5e0      	push	{r5, r6, r7, lr}
20000468:	4b21      	ldr	r3, [pc, #132]	@ (200004f0 <hw_handle_buff_status+0x94>)
2000046a:	2400      	movs	r4, #0
2000046c:	6d9e      	ldr	r6, [r3, #88]	@ 0x58
2000046e:	2501      	movs	r5, #1
20000470:	b085      	sub	sp, #20
20000472:	2e00      	cmp	r6, #0
20000474:	d022      	beq.n	200004bc <hw_handle_buff_status+0x60>
20000476:	4b1f      	ldr	r3, [pc, #124]	@ (200004f4 <hw_handle_buff_status+0x98>)
20000478:	469a      	mov	sl, r3
2000047a:	2301      	movs	r3, #1
2000047c:	4699      	mov	r9, r3
2000047e:	4b1e      	ldr	r3, [pc, #120]	@ (200004f8 <hw_handle_buff_status+0x9c>)
20000480:	4698      	mov	r8, r3
20000482:	e001      	b.n	20000488 <hw_handle_buff_status+0x2c>
20000484:	2c20      	cmp	r4, #32
20000486:	d019      	beq.n	200004bc <hw_handle_buff_status+0x60>
20000488:	002a      	movs	r2, r5
2000048a:	0023      	movs	r3, r4
2000048c:	3401      	adds	r4, #1
2000048e:	002f      	movs	r7, r5
20000490:	4032      	ands	r2, r6
20000492:	b2e4      	uxtb	r4, r4
20000494:	006d      	lsls	r5, r5, #1
20000496:	2a00      	cmp	r2, #0
20000498:	d0f4      	beq.n	20000484 <hw_handle_buff_status+0x28>
2000049a:	4652      	mov	r2, sl
2000049c:	6597      	str	r7, [r2, #88]	@ 0x58
2000049e:	464a      	mov	r2, r9
200004a0:	085b      	lsrs	r3, r3, #1
200004a2:	005b      	lsls	r3, r3, #1
200004a4:	4022      	ands	r2, r4
200004a6:	189b      	adds	r3, r3, r2
200004a8:	015b      	lsls	r3, r3, #5
200004aa:	4443      	add	r3, r8
200004ac:	0018      	movs	r0, r3
200004ae:	469b      	mov	fp, r3
200004b0:	f000 fc1e 	bl	20000cf0 <hw_endpoint_xfer_continue>
200004b4:	2800      	cmp	r0, #0
200004b6:	d108      	bne.n	200004ca <hw_handle_buff_status+0x6e>
200004b8:	43be      	bics	r6, r7
200004ba:	d1e3      	bne.n	20000484 <hw_handle_buff_status+0x28>
200004bc:	b005      	add	sp, #20
200004be:	bcf0      	pop	{r4, r5, r6, r7}
200004c0:	46bb      	mov	fp, r7
200004c2:	46b2      	mov	sl, r6
200004c4:	46a9      	mov	r9, r5
200004c6:	46a0      	mov	r8, r4
200004c8:	bdf0      	pop	{r4, r5, r6, r7, pc}
200004ca:	465b      	mov	r3, fp
200004cc:	21e0      	movs	r1, #224	@ 0xe0
200004ce:	789a      	ldrb	r2, [r3, #2]
200004d0:	8adb      	ldrh	r3, [r3, #22]
200004d2:	a801      	add	r0, sp, #4
200004d4:	6083      	str	r3, [r0, #8]
200004d6:	2300      	movs	r3, #0
200004d8:	00c9      	lsls	r1, r1, #3
200004da:	8001      	strh	r1, [r0, #0]
200004dc:	2101      	movs	r1, #1
200004de:	7102      	strb	r2, [r0, #4]
200004e0:	7143      	strb	r3, [r0, #5]
200004e2:	f000 fc25 	bl	20000d30 <dcd_event_handler>
200004e6:	4658      	mov	r0, fp
200004e8:	f000 fba0 	bl	20000c2c <hw_endpoint_reset_transfer>
200004ec:	e7e4      	b.n	200004b8 <hw_handle_buff_status+0x5c>
200004ee:	46c0      	nop			@ (mov r8, r8)
200004f0:	50110000 	.word	0x50110000
200004f4:	50113000 	.word	0x50113000
200004f8:	20001740 	.word	0x20001740

200004fc <dcd_rp2040_irq>:
200004fc:	2398      	movs	r3, #152	@ 0x98
200004fe:	b5f0      	push	{r4, r5, r6, r7, lr}
20000500:	46c6      	mov	lr, r8
20000502:	4ac8      	ldr	r2, [pc, #800]	@ (20000824 <dcd_rp2040_irq+0x328>)
20000504:	b500      	push	{lr}
20000506:	58d5      	ldr	r5, [r2, r3]
20000508:	2380      	movs	r3, #128	@ 0x80
2000050a:	002e      	movs	r6, r5
2000050c:	029b      	lsls	r3, r3, #10
2000050e:	2410      	movs	r4, #16
20000510:	b084      	sub	sp, #16
20000512:	401e      	ands	r6, r3
20000514:	421d      	tst	r5, r3
20000516:	d074      	beq.n	20000602 <dcd_rp2040_irq+0x106>
20000518:	4bc3      	ldr	r3, [pc, #780]	@ (20000828 <dcd_rp2040_irq+0x32c>)
2000051a:	4cc4      	ldr	r4, [pc, #784]	@ (2000082c <dcd_rp2040_irq+0x330>)
2000051c:	6a9a      	ldr	r2, [r3, #40]	@ 0x28
2000051e:	4bc4      	ldr	r3, [pc, #784]	@ (20000830 <dcd_rp2040_irq+0x334>)
20000520:	2600      	movs	r6, #0
20000522:	601a      	str	r2, [r3, #0]
20000524:	233b      	movs	r3, #59	@ 0x3b
20000526:	5ce3      	ldrb	r3, [r4, r3]
20000528:	2b02      	cmp	r3, #2
2000052a:	d100      	bne.n	2000052e <dcd_rp2040_irq+0x32>
2000052c:	e14f      	b.n	200007ce <dcd_rp2040_irq+0x2d2>
2000052e:	237b      	movs	r3, #123	@ 0x7b
20000530:	5ce3      	ldrb	r3, [r4, r3]
20000532:	2b02      	cmp	r3, #2
20000534:	d100      	bne.n	20000538 <dcd_rp2040_irq+0x3c>
20000536:	e0f3      	b.n	20000720 <dcd_rp2040_irq+0x224>
20000538:	23bb      	movs	r3, #187	@ 0xbb
2000053a:	5ce3      	ldrb	r3, [r4, r3]
2000053c:	2b02      	cmp	r3, #2
2000053e:	d100      	bne.n	20000542 <dcd_rp2040_irq+0x46>
20000540:	e0fa      	b.n	20000738 <dcd_rp2040_irq+0x23c>
20000542:	23fb      	movs	r3, #251	@ 0xfb
20000544:	5ce3      	ldrb	r3, [r4, r3]
20000546:	2b02      	cmp	r3, #2
20000548:	d100      	bne.n	2000054c <dcd_rp2040_irq+0x50>
2000054a:	e101      	b.n	20000750 <dcd_rp2040_irq+0x254>
2000054c:	233c      	movs	r3, #60	@ 0x3c
2000054e:	33ff      	adds	r3, #255	@ 0xff
20000550:	5ce3      	ldrb	r3, [r4, r3]
20000552:	2b02      	cmp	r3, #2
20000554:	d100      	bne.n	20000558 <dcd_rp2040_irq+0x5c>
20000556:	e12d      	b.n	200007b4 <dcd_rp2040_irq+0x2b8>
20000558:	237c      	movs	r3, #124	@ 0x7c
2000055a:	33ff      	adds	r3, #255	@ 0xff
2000055c:	5ce3      	ldrb	r3, [r4, r3]
2000055e:	2b02      	cmp	r3, #2
20000560:	d100      	bne.n	20000564 <dcd_rp2040_irq+0x68>
20000562:	e10e      	b.n	20000782 <dcd_rp2040_irq+0x286>
20000564:	23bc      	movs	r3, #188	@ 0xbc
20000566:	33ff      	adds	r3, #255	@ 0xff
20000568:	5ce3      	ldrb	r3, [r4, r3]
2000056a:	2b02      	cmp	r3, #2
2000056c:	d100      	bne.n	20000570 <dcd_rp2040_irq+0x74>
2000056e:	e13f      	b.n	200007f0 <dcd_rp2040_irq+0x2f4>
20000570:	23fc      	movs	r3, #252	@ 0xfc
20000572:	33ff      	adds	r3, #255	@ 0xff
20000574:	5ce3      	ldrb	r3, [r4, r3]
20000576:	2b02      	cmp	r3, #2
20000578:	d100      	bne.n	2000057c <dcd_rp2040_irq+0x80>
2000057a:	e0f5      	b.n	20000768 <dcd_rp2040_irq+0x26c>
2000057c:	4bad      	ldr	r3, [pc, #692]	@ (20000834 <dcd_rp2040_irq+0x338>)
2000057e:	5ce3      	ldrb	r3, [r4, r3]
20000580:	2b02      	cmp	r3, #2
20000582:	d100      	bne.n	20000586 <dcd_rp2040_irq+0x8a>
20000584:	e174      	b.n	20000870 <dcd_rp2040_irq+0x374>
20000586:	4bac      	ldr	r3, [pc, #688]	@ (20000838 <dcd_rp2040_irq+0x33c>)
20000588:	5ce3      	ldrb	r3, [r4, r3]
2000058a:	2b02      	cmp	r3, #2
2000058c:	d100      	bne.n	20000590 <dcd_rp2040_irq+0x94>
2000058e:	e105      	b.n	2000079c <dcd_rp2040_irq+0x2a0>
20000590:	4baa      	ldr	r3, [pc, #680]	@ (2000083c <dcd_rp2040_irq+0x340>)
20000592:	5ce3      	ldrb	r3, [r4, r3]
20000594:	2b02      	cmp	r3, #2
20000596:	d100      	bne.n	2000059a <dcd_rp2040_irq+0x9e>
20000598:	e175      	b.n	20000886 <dcd_rp2040_irq+0x38a>
2000059a:	4ba9      	ldr	r3, [pc, #676]	@ (20000840 <dcd_rp2040_irq+0x344>)
2000059c:	5ce3      	ldrb	r3, [r4, r3]
2000059e:	2b02      	cmp	r3, #2
200005a0:	d100      	bne.n	200005a4 <dcd_rp2040_irq+0xa8>
200005a2:	e132      	b.n	2000080a <dcd_rp2040_irq+0x30e>
200005a4:	4ba7      	ldr	r3, [pc, #668]	@ (20000844 <dcd_rp2040_irq+0x348>)
200005a6:	5ce3      	ldrb	r3, [r4, r3]
200005a8:	2b02      	cmp	r3, #2
200005aa:	d100      	bne.n	200005ae <dcd_rp2040_irq+0xb2>
200005ac:	e1a0      	b.n	200008f0 <dcd_rp2040_irq+0x3f4>
200005ae:	4ba6      	ldr	r3, [pc, #664]	@ (20000848 <dcd_rp2040_irq+0x34c>)
200005b0:	5ce3      	ldrb	r3, [r4, r3]
200005b2:	2b02      	cmp	r3, #2
200005b4:	d100      	bne.n	200005b8 <dcd_rp2040_irq+0xbc>
200005b6:	e171      	b.n	2000089c <dcd_rp2040_irq+0x3a0>
200005b8:	4ba4      	ldr	r3, [pc, #656]	@ (2000084c <dcd_rp2040_irq+0x350>)
200005ba:	5ce3      	ldrb	r3, [r4, r3]
200005bc:	2b02      	cmp	r3, #2
200005be:	d100      	bne.n	200005c2 <dcd_rp2040_irq+0xc6>
200005c0:	e1a1      	b.n	20000906 <dcd_rp2040_irq+0x40a>
200005c2:	4ba3      	ldr	r3, [pc, #652]	@ (20000850 <dcd_rp2040_irq+0x354>)
200005c4:	5ce3      	ldrb	r3, [r4, r3]
200005c6:	2b02      	cmp	r3, #2
200005c8:	d100      	bne.n	200005cc <dcd_rp2040_irq+0xd0>
200005ca:	e17f      	b.n	200008cc <dcd_rp2040_irq+0x3d0>
200005cc:	2e00      	cmp	r6, #0
200005ce:	d108      	bne.n	200005e2 <dcd_rp2040_irq+0xe6>
200005d0:	4ba0      	ldr	r3, [pc, #640]	@ (20000854 <dcd_rp2040_irq+0x358>)
200005d2:	781b      	ldrb	r3, [r3, #0]
200005d4:	2b00      	cmp	r3, #0
200005d6:	d104      	bne.n	200005e2 <dcd_rp2040_irq+0xe6>
200005d8:	2180      	movs	r1, #128	@ 0x80
200005da:	4a9f      	ldr	r2, [pc, #636]	@ (20000858 <dcd_rp2040_irq+0x35c>)
200005dc:	3390      	adds	r3, #144	@ 0x90
200005de:	0289      	lsls	r1, r1, #10
200005e0:	50d1      	str	r1, [r2, r3]
200005e2:	22c0      	movs	r2, #192	@ 0xc0
200005e4:	4669      	mov	r1, sp
200005e6:	4b8f      	ldr	r3, [pc, #572]	@ (20000824 <dcd_rp2040_irq+0x328>)
200005e8:	0092      	lsls	r2, r2, #2
200005ea:	6c9b      	ldr	r3, [r3, #72]	@ 0x48
200005ec:	2680      	movs	r6, #128	@ 0x80
200005ee:	055b      	lsls	r3, r3, #21
200005f0:	808a      	strh	r2, [r1, #4]
200005f2:	0d5b      	lsrs	r3, r3, #21
200005f4:	2101      	movs	r1, #1
200005f6:	a801      	add	r0, sp, #4
200005f8:	9302      	str	r3, [sp, #8]
200005fa:	f000 fb99 	bl	20000d30 <dcd_event_handler>
200005fe:	4c97      	ldr	r4, [pc, #604]	@ (2000085c <dcd_rp2040_irq+0x360>)
20000600:	02b6      	lsls	r6, r6, #10
20000602:	06eb      	lsls	r3, r5, #27
20000604:	d500      	bpl.n	20000608 <dcd_rp2040_irq+0x10c>
20000606:	e07f      	b.n	20000708 <dcd_rp2040_irq+0x20c>
20000608:	2380      	movs	r3, #128	@ 0x80
2000060a:	025b      	lsls	r3, r3, #9
2000060c:	421d      	tst	r5, r3
2000060e:	d031      	beq.n	20000674 <dcd_rp2040_irq+0x178>
20000610:	431e      	orrs	r6, r3
20000612:	2301      	movs	r3, #1
20000614:	2402      	movs	r4, #2
20000616:	4698      	mov	r8, r3
20000618:	4f84      	ldr	r7, [pc, #528]	@ (2000082c <dcd_rp2040_irq+0x330>)
2000061a:	7ebb      	ldrb	r3, [r7, #26]
2000061c:	2b00      	cmp	r3, #0
2000061e:	d014      	beq.n	2000064a <dcd_rp2040_irq+0x14e>
20000620:	f000 fc8a 	bl	20000f38 <__rp2040_chip_version_veneer>
20000624:	2801      	cmp	r0, #1
20000626:	d900      	bls.n	2000062a <dcd_rp2040_irq+0x12e>
20000628:	e072      	b.n	20000710 <dcd_rp2040_irq+0x214>
2000062a:	22c0      	movs	r2, #192	@ 0xc0
2000062c:	2100      	movs	r1, #0
2000062e:	0038      	movs	r0, r7
20000630:	0192      	lsls	r2, r2, #6
20000632:	f000 fb01 	bl	20000c38 <_hw_endpoint_buffer_control_update32>
20000636:	0038      	movs	r0, r7
20000638:	f000 faf8 	bl	20000c2c <hw_endpoint_reset_transfer>
2000063c:	f000 fc7c 	bl	20000f38 <__rp2040_chip_version_veneer>
20000640:	2801      	cmp	r0, #1
20000642:	d902      	bls.n	2000064a <dcd_rp2040_irq+0x14e>
20000644:	4b84      	ldr	r3, [pc, #528]	@ (20000858 <dcd_rp2040_irq+0x35c>)
20000646:	665c      	str	r4, [r3, #100]	@ 0x64
20000648:	661c      	str	r4, [r3, #96]	@ 0x60
2000064a:	4643      	mov	r3, r8
2000064c:	70fb      	strb	r3, [r7, #3]
2000064e:	3720      	adds	r7, #32
20000650:	2c01      	cmp	r4, #1
20000652:	d122      	bne.n	2000069a <dcd_rp2040_irq+0x19e>
20000654:	23c0      	movs	r3, #192	@ 0xc0
20000656:	466a      	mov	r2, sp
20000658:	00db      	lsls	r3, r3, #3
2000065a:	8093      	strh	r3, [r2, #4]
2000065c:	4a80      	ldr	r2, [pc, #512]	@ (20000860 <dcd_rp2040_irq+0x364>)
2000065e:	ab02      	add	r3, sp, #8
20000660:	ca03      	ldmia	r2!, {r0, r1}
20000662:	c303      	stmia	r3!, {r0, r1}
20000664:	2101      	movs	r1, #1
20000666:	a801      	add	r0, sp, #4
20000668:	f000 fb62 	bl	20000d30 <dcd_event_handler>
2000066c:	2280      	movs	r2, #128	@ 0x80
2000066e:	4b7a      	ldr	r3, [pc, #488]	@ (20000858 <dcd_rp2040_irq+0x35c>)
20000670:	0292      	lsls	r2, r2, #10
20000672:	651a      	str	r2, [r3, #80]	@ 0x50
20000674:	2380      	movs	r3, #128	@ 0x80
20000676:	015b      	lsls	r3, r3, #5
20000678:	421d      	tst	r5, r3
2000067a:	d110      	bne.n	2000069e <dcd_rp2040_irq+0x1a2>
2000067c:	2380      	movs	r3, #128	@ 0x80
2000067e:	01db      	lsls	r3, r3, #7
20000680:	421d      	tst	r5, r3
20000682:	d123      	bne.n	200006cc <dcd_rp2040_irq+0x1d0>
20000684:	2380      	movs	r3, #128	@ 0x80
20000686:	021b      	lsls	r3, r3, #8
20000688:	421d      	tst	r5, r3
2000068a:	d12f      	bne.n	200006ec <dcd_rp2040_irq+0x1f0>
2000068c:	42ae      	cmp	r6, r5
2000068e:	d000      	beq.n	20000692 <dcd_rp2040_irq+0x196>
20000690:	e1c0      	b.n	20000a14 <dcd_rp2040_irq+0x518>
20000692:	b004      	add	sp, #16
20000694:	bc80      	pop	{r7}
20000696:	46b8      	mov	r8, r7
20000698:	bdf0      	pop	{r4, r5, r6, r7, pc}
2000069a:	2401      	movs	r4, #1
2000069c:	e7bd      	b.n	2000061a <dcd_rp2040_irq+0x11e>
2000069e:	2400      	movs	r4, #0
200006a0:	431e      	orrs	r6, r3
200006a2:	4b60      	ldr	r3, [pc, #384]	@ (20000824 <dcd_rp2040_irq+0x328>)
200006a4:	601c      	str	r4, [r3, #0]
200006a6:	f7ff fea5 	bl	200003f4 <reset_non_control_endpoints>
200006aa:	2380      	movs	r3, #128	@ 0x80
200006ac:	466a      	mov	r2, sp
200006ae:	005b      	lsls	r3, r3, #1
200006b0:	8093      	strh	r3, [r2, #4]
200006b2:	7214      	strb	r4, [r2, #8]
200006b4:	2101      	movs	r1, #1
200006b6:	a801      	add	r0, sp, #4
200006b8:	f000 fb3a 	bl	20000d30 <dcd_event_handler>
200006bc:	2280      	movs	r2, #128	@ 0x80
200006be:	4b66      	ldr	r3, [pc, #408]	@ (20000858 <dcd_rp2040_irq+0x35c>)
200006c0:	0312      	lsls	r2, r2, #12
200006c2:	651a      	str	r2, [r3, #80]	@ 0x50
200006c4:	2380      	movs	r3, #128	@ 0x80
200006c6:	01db      	lsls	r3, r3, #7
200006c8:	421d      	tst	r5, r3
200006ca:	d0db      	beq.n	20000684 <dcd_rp2040_irq+0x188>
200006cc:	431e      	orrs	r6, r3
200006ce:	2380      	movs	r3, #128	@ 0x80
200006d0:	466a      	mov	r2, sp
200006d2:	00db      	lsls	r3, r3, #3
200006d4:	8093      	strh	r3, [r2, #4]
200006d6:	2101      	movs	r1, #1
200006d8:	a801      	add	r0, sp, #4
200006da:	f000 fb29 	bl	20000d30 <dcd_event_handler>
200006de:	2210      	movs	r2, #16
200006e0:	4b5d      	ldr	r3, [pc, #372]	@ (20000858 <dcd_rp2040_irq+0x35c>)
200006e2:	651a      	str	r2, [r3, #80]	@ 0x50
200006e4:	2380      	movs	r3, #128	@ 0x80
200006e6:	021b      	lsls	r3, r3, #8
200006e8:	421d      	tst	r5, r3
200006ea:	d0cf      	beq.n	2000068c <dcd_rp2040_irq+0x190>
200006ec:	431e      	orrs	r6, r3
200006ee:	23a0      	movs	r3, #160	@ 0xa0
200006f0:	466a      	mov	r2, sp
200006f2:	00db      	lsls	r3, r3, #3
200006f4:	8093      	strh	r3, [r2, #4]
200006f6:	2101      	movs	r1, #1
200006f8:	a801      	add	r0, sp, #4
200006fa:	f000 fb19 	bl	20000d30 <dcd_event_handler>
200006fe:	2280      	movs	r2, #128	@ 0x80
20000700:	4b55      	ldr	r3, [pc, #340]	@ (20000858 <dcd_rp2040_irq+0x35c>)
20000702:	0112      	lsls	r2, r2, #4
20000704:	651a      	str	r2, [r3, #80]	@ 0x50
20000706:	e7c1      	b.n	2000068c <dcd_rp2040_irq+0x190>
20000708:	f7ff fea8 	bl	2000045c <hw_handle_buff_status>
2000070c:	0026      	movs	r6, r4
2000070e:	e77b      	b.n	20000608 <dcd_rp2040_irq+0x10c>
20000710:	4b54      	ldr	r3, [pc, #336]	@ (20000864 <dcd_rp2040_irq+0x368>)
20000712:	4a44      	ldr	r2, [pc, #272]	@ (20000824 <dcd_rp2040_irq+0x328>)
20000714:	661c      	str	r4, [r3, #96]	@ 0x60
20000716:	6e53      	ldr	r3, [r2, #100]	@ 0x64
20000718:	4023      	ands	r3, r4
2000071a:	42a3      	cmp	r3, r4
2000071c:	d1fb      	bne.n	20000716 <dcd_rp2040_irq+0x21a>
2000071e:	e784      	b.n	2000062a <dcd_rp2040_irq+0x12e>
20000720:	3378      	adds	r3, #120	@ 0x78
20000722:	5ce7      	ldrb	r7, [r4, r3]
20000724:	2f00      	cmp	r7, #0
20000726:	d100      	bne.n	2000072a <dcd_rp2040_irq+0x22e>
20000728:	e706      	b.n	20000538 <dcd_rp2040_irq+0x3c>
2000072a:	3302      	adds	r3, #2
2000072c:	5ce2      	ldrb	r2, [r4, r3]
2000072e:	2a00      	cmp	r2, #0
20000730:	d000      	beq.n	20000734 <dcd_rp2040_irq+0x238>
20000732:	e10d      	b.n	20000950 <dcd_rp2040_irq+0x454>
20000734:	003e      	movs	r6, r7
20000736:	e6ff      	b.n	20000538 <dcd_rp2040_irq+0x3c>
20000738:	33b8      	adds	r3, #184	@ 0xb8
2000073a:	5ce7      	ldrb	r7, [r4, r3]
2000073c:	2f00      	cmp	r7, #0
2000073e:	d100      	bne.n	20000742 <dcd_rp2040_irq+0x246>
20000740:	e6ff      	b.n	20000542 <dcd_rp2040_irq+0x46>
20000742:	3302      	adds	r3, #2
20000744:	5ce2      	ldrb	r2, [r4, r3]
20000746:	2a00      	cmp	r2, #0
20000748:	d000      	beq.n	2000074c <dcd_rp2040_irq+0x250>
2000074a:	e0f9      	b.n	20000940 <dcd_rp2040_irq+0x444>
2000074c:	003e      	movs	r6, r7
2000074e:	e6f8      	b.n	20000542 <dcd_rp2040_irq+0x46>
20000750:	33f8      	adds	r3, #248	@ 0xf8
20000752:	5ce7      	ldrb	r7, [r4, r3]
20000754:	2f00      	cmp	r7, #0
20000756:	d100      	bne.n	2000075a <dcd_rp2040_irq+0x25e>
20000758:	e6f8      	b.n	2000054c <dcd_rp2040_irq+0x50>
2000075a:	3302      	adds	r3, #2
2000075c:	5ce2      	ldrb	r2, [r4, r3]
2000075e:	2a00      	cmp	r2, #0
20000760:	d000      	beq.n	20000764 <dcd_rp2040_irq+0x268>
20000762:	e141      	b.n	200009e8 <dcd_rp2040_irq+0x4ec>
20000764:	003e      	movs	r6, r7
20000766:	e6f1      	b.n	2000054c <dcd_rp2040_irq+0x50>
20000768:	33f9      	adds	r3, #249	@ 0xf9
2000076a:	33ff      	adds	r3, #255	@ 0xff
2000076c:	5ce7      	ldrb	r7, [r4, r3]
2000076e:	2f00      	cmp	r7, #0
20000770:	d100      	bne.n	20000774 <dcd_rp2040_irq+0x278>
20000772:	e703      	b.n	2000057c <dcd_rp2040_irq+0x80>
20000774:	3302      	adds	r3, #2
20000776:	5ce2      	ldrb	r2, [r4, r3]
20000778:	2a00      	cmp	r2, #0
2000077a:	d000      	beq.n	2000077e <dcd_rp2040_irq+0x282>
2000077c:	e12b      	b.n	200009d6 <dcd_rp2040_irq+0x4da>
2000077e:	003e      	movs	r6, r7
20000780:	e6fc      	b.n	2000057c <dcd_rp2040_irq+0x80>
20000782:	3379      	adds	r3, #121	@ 0x79
20000784:	33ff      	adds	r3, #255	@ 0xff
20000786:	5ce7      	ldrb	r7, [r4, r3]
20000788:	2f00      	cmp	r7, #0
2000078a:	d100      	bne.n	2000078e <dcd_rp2040_irq+0x292>
2000078c:	e6ea      	b.n	20000564 <dcd_rp2040_irq+0x68>
2000078e:	3302      	adds	r3, #2
20000790:	5ce2      	ldrb	r2, [r4, r3]
20000792:	2a00      	cmp	r2, #0
20000794:	d000      	beq.n	20000798 <dcd_rp2040_irq+0x29c>
20000796:	e115      	b.n	200009c4 <dcd_rp2040_irq+0x4c8>
20000798:	003e      	movs	r6, r7
2000079a:	e6e3      	b.n	20000564 <dcd_rp2040_irq+0x68>
2000079c:	4b32      	ldr	r3, [pc, #200]	@ (20000868 <dcd_rp2040_irq+0x36c>)
2000079e:	5ce7      	ldrb	r7, [r4, r3]
200007a0:	2f00      	cmp	r7, #0
200007a2:	d100      	bne.n	200007a6 <dcd_rp2040_irq+0x2aa>
200007a4:	e6f4      	b.n	20000590 <dcd_rp2040_irq+0x94>
200007a6:	3302      	adds	r3, #2
200007a8:	5ce2      	ldrb	r2, [r4, r3]
200007aa:	2a00      	cmp	r2, #0
200007ac:	d000      	beq.n	200007b0 <dcd_rp2040_irq+0x2b4>
200007ae:	e101      	b.n	200009b4 <dcd_rp2040_irq+0x4b8>
200007b0:	003e      	movs	r6, r7
200007b2:	e6ed      	b.n	20000590 <dcd_rp2040_irq+0x94>
200007b4:	3339      	adds	r3, #57	@ 0x39
200007b6:	33ff      	adds	r3, #255	@ 0xff
200007b8:	5ce7      	ldrb	r7, [r4, r3]
200007ba:	2f00      	cmp	r7, #0
200007bc:	d100      	bne.n	200007c0 <dcd_rp2040_irq+0x2c4>
200007be:	e6cb      	b.n	20000558 <dcd_rp2040_irq+0x5c>
200007c0:	3302      	adds	r3, #2
200007c2:	5ce2      	ldrb	r2, [r4, r3]
200007c4:	2a00      	cmp	r2, #0
200007c6:	d000      	beq.n	200007ca <dcd_rp2040_irq+0x2ce>
200007c8:	e0eb      	b.n	200009a2 <dcd_rp2040_irq+0x4a6>
200007ca:	003e      	movs	r6, r7
200007cc:	e6c4      	b.n	20000558 <dcd_rp2040_irq+0x5c>
200007ce:	3338      	adds	r3, #56	@ 0x38
200007d0:	5ce6      	ldrb	r6, [r4, r3]
200007d2:	2e00      	cmp	r6, #0
200007d4:	d100      	bne.n	200007d8 <dcd_rp2040_irq+0x2dc>
200007d6:	e6aa      	b.n	2000052e <dcd_rp2040_irq+0x32>
200007d8:	3302      	adds	r3, #2
200007da:	5ce2      	ldrb	r2, [r4, r3]
200007dc:	2a00      	cmp	r2, #0
200007de:	d100      	bne.n	200007e2 <dcd_rp2040_irq+0x2e6>
200007e0:	e6a5      	b.n	2000052e <dcd_rp2040_irq+0x32>
200007e2:	0020      	movs	r0, r4
200007e4:	2200      	movs	r2, #0
200007e6:	3020      	adds	r0, #32
200007e8:	54e2      	strb	r2, [r4, r3]
200007ea:	f000 fa4d 	bl	20000c88 <hw_endpoint_start_next_buffer>
200007ee:	e69e      	b.n	2000052e <dcd_rp2040_irq+0x32>
200007f0:	33b9      	adds	r3, #185	@ 0xb9
200007f2:	33ff      	adds	r3, #255	@ 0xff
200007f4:	5ce7      	ldrb	r7, [r4, r3]
200007f6:	2f00      	cmp	r7, #0
200007f8:	d100      	bne.n	200007fc <dcd_rp2040_irq+0x300>
200007fa:	e6b9      	b.n	20000570 <dcd_rp2040_irq+0x74>
200007fc:	3302      	adds	r3, #2
200007fe:	5ce2      	ldrb	r2, [r4, r3]
20000800:	2a00      	cmp	r2, #0
20000802:	d000      	beq.n	20000806 <dcd_rp2040_irq+0x30a>
20000804:	e0c4      	b.n	20000990 <dcd_rp2040_irq+0x494>
20000806:	003e      	movs	r6, r7
20000808:	e6b2      	b.n	20000570 <dcd_rp2040_irq+0x74>
2000080a:	4b18      	ldr	r3, [pc, #96]	@ (2000086c <dcd_rp2040_irq+0x370>)
2000080c:	5ce7      	ldrb	r7, [r4, r3]
2000080e:	2f00      	cmp	r7, #0
20000810:	d100      	bne.n	20000814 <dcd_rp2040_irq+0x318>
20000812:	e6c7      	b.n	200005a4 <dcd_rp2040_irq+0xa8>
20000814:	3302      	adds	r3, #2
20000816:	5ce2      	ldrb	r2, [r4, r3]
20000818:	2a00      	cmp	r2, #0
2000081a:	d000      	beq.n	2000081e <dcd_rp2040_irq+0x322>
2000081c:	e0b0      	b.n	20000980 <dcd_rp2040_irq+0x484>
2000081e:	003e      	movs	r6, r7
20000820:	e6c0      	b.n	200005a4 <dcd_rp2040_irq+0xa8>
20000822:	46c0      	nop			@ (mov r8, r8)
20000824:	50110000 	.word	0x50110000
20000828:	40054000 	.word	0x40054000
2000082c:	20001740 	.word	0x20001740
20000830:	20001738 	.word	0x20001738
20000834:	0000023b 	.word	0x0000023b
20000838:	0000027b 	.word	0x0000027b
2000083c:	000002bb 	.word	0x000002bb
20000840:	000002fb 	.word	0x000002fb
20000844:	0000033b 	.word	0x0000033b
20000848:	0000037b 	.word	0x0000037b
2000084c:	000003bb 	.word	0x000003bb
20000850:	000003fb 	.word	0x000003fb
20000854:	20001c92 	.word	0x20001c92
20000858:	50113000 	.word	0x50113000
2000085c:	00020010 	.word	0x00020010
20000860:	50100000 	.word	0x50100000
20000864:	50112000 	.word	0x50112000
20000868:	0000027a 	.word	0x0000027a
2000086c:	000002fa 	.word	0x000002fa
20000870:	4b6b      	ldr	r3, [pc, #428]	@ (20000a20 <dcd_rp2040_irq+0x524>)
20000872:	5ce7      	ldrb	r7, [r4, r3]
20000874:	2f00      	cmp	r7, #0
20000876:	d100      	bne.n	2000087a <dcd_rp2040_irq+0x37e>
20000878:	e685      	b.n	20000586 <dcd_rp2040_irq+0x8a>
2000087a:	3302      	adds	r3, #2
2000087c:	5ce2      	ldrb	r2, [r4, r3]
2000087e:	2a00      	cmp	r2, #0
20000880:	d176      	bne.n	20000970 <dcd_rp2040_irq+0x474>
20000882:	003e      	movs	r6, r7
20000884:	e67f      	b.n	20000586 <dcd_rp2040_irq+0x8a>
20000886:	4b67      	ldr	r3, [pc, #412]	@ (20000a24 <dcd_rp2040_irq+0x528>)
20000888:	5ce7      	ldrb	r7, [r4, r3]
2000088a:	2f00      	cmp	r7, #0
2000088c:	d100      	bne.n	20000890 <dcd_rp2040_irq+0x394>
2000088e:	e684      	b.n	2000059a <dcd_rp2040_irq+0x9e>
20000890:	3302      	adds	r3, #2
20000892:	5ce2      	ldrb	r2, [r4, r3]
20000894:	2a00      	cmp	r2, #0
20000896:	d163      	bne.n	20000960 <dcd_rp2040_irq+0x464>
20000898:	003e      	movs	r6, r7
2000089a:	e67e      	b.n	2000059a <dcd_rp2040_irq+0x9e>
2000089c:	4b62      	ldr	r3, [pc, #392]	@ (20000a28 <dcd_rp2040_irq+0x52c>)
2000089e:	5ce7      	ldrb	r7, [r4, r3]
200008a0:	2f00      	cmp	r7, #0
200008a2:	d100      	bne.n	200008a6 <dcd_rp2040_irq+0x3aa>
200008a4:	e688      	b.n	200005b8 <dcd_rp2040_irq+0xbc>
200008a6:	3302      	adds	r3, #2
200008a8:	5ce2      	ldrb	r2, [r4, r3]
200008aa:	2a00      	cmp	r2, #0
200008ac:	d000      	beq.n	200008b0 <dcd_rp2040_irq+0x3b4>
200008ae:	e0a3      	b.n	200009f8 <dcd_rp2040_irq+0x4fc>
200008b0:	4b5e      	ldr	r3, [pc, #376]	@ (20000a2c <dcd_rp2040_irq+0x530>)
200008b2:	5ce3      	ldrb	r3, [r4, r3]
200008b4:	2b02      	cmp	r3, #2
200008b6:	d130      	bne.n	2000091a <dcd_rp2040_irq+0x41e>
200008b8:	4b5d      	ldr	r3, [pc, #372]	@ (20000a30 <dcd_rp2040_irq+0x534>)
200008ba:	5ce3      	ldrb	r3, [r4, r3]
200008bc:	2b00      	cmp	r3, #0
200008be:	d127      	bne.n	20000910 <dcd_rp2040_irq+0x414>
200008c0:	4b5c      	ldr	r3, [pc, #368]	@ (20000a34 <dcd_rp2040_irq+0x538>)
200008c2:	5ce3      	ldrb	r3, [r4, r3]
200008c4:	2b02      	cmp	r3, #2
200008c6:	d000      	beq.n	200008ca <dcd_rp2040_irq+0x3ce>
200008c8:	e68b      	b.n	200005e2 <dcd_rp2040_irq+0xe6>
200008ca:	003e      	movs	r6, r7
200008cc:	4b5a      	ldr	r3, [pc, #360]	@ (20000a38 <dcd_rp2040_irq+0x53c>)
200008ce:	5ce3      	ldrb	r3, [r4, r3]
200008d0:	2b00      	cmp	r3, #0
200008d2:	d100      	bne.n	200008d6 <dcd_rp2040_irq+0x3da>
200008d4:	e67a      	b.n	200005cc <dcd_rp2040_irq+0xd0>
200008d6:	23ff      	movs	r3, #255	@ 0xff
200008d8:	009b      	lsls	r3, r3, #2
200008da:	5ce2      	ldrb	r2, [r4, r3]
200008dc:	2a00      	cmp	r2, #0
200008de:	d100      	bne.n	200008e2 <dcd_rp2040_irq+0x3e6>
200008e0:	e67f      	b.n	200005e2 <dcd_rp2040_irq+0xe6>
200008e2:	2200      	movs	r2, #0
200008e4:	54e2      	strb	r2, [r4, r3]
200008e6:	3b1c      	subs	r3, #28
200008e8:	18e0      	adds	r0, r4, r3
200008ea:	f000 f9cd 	bl	20000c88 <hw_endpoint_start_next_buffer>
200008ee:	e678      	b.n	200005e2 <dcd_rp2040_irq+0xe6>
200008f0:	4b52      	ldr	r3, [pc, #328]	@ (20000a3c <dcd_rp2040_irq+0x540>)
200008f2:	5ce7      	ldrb	r7, [r4, r3]
200008f4:	2f00      	cmp	r7, #0
200008f6:	d100      	bne.n	200008fa <dcd_rp2040_irq+0x3fe>
200008f8:	e659      	b.n	200005ae <dcd_rp2040_irq+0xb2>
200008fa:	3302      	adds	r3, #2
200008fc:	5ce2      	ldrb	r2, [r4, r3]
200008fe:	2a00      	cmp	r2, #0
20000900:	d116      	bne.n	20000930 <dcd_rp2040_irq+0x434>
20000902:	003e      	movs	r6, r7
20000904:	e653      	b.n	200005ae <dcd_rp2040_irq+0xb2>
20000906:	4b4a      	ldr	r3, [pc, #296]	@ (20000a30 <dcd_rp2040_irq+0x534>)
20000908:	5ce3      	ldrb	r3, [r4, r3]
2000090a:	2b00      	cmp	r3, #0
2000090c:	d100      	bne.n	20000910 <dcd_rp2040_irq+0x414>
2000090e:	e658      	b.n	200005c2 <dcd_rp2040_irq+0xc6>
20000910:	23ef      	movs	r3, #239	@ 0xef
20000912:	009b      	lsls	r3, r3, #2
20000914:	5ce2      	ldrb	r2, [r4, r3]
20000916:	2a00      	cmp	r2, #0
20000918:	d175      	bne.n	20000a06 <dcd_rp2040_irq+0x50a>
2000091a:	4b46      	ldr	r3, [pc, #280]	@ (20000a34 <dcd_rp2040_irq+0x538>)
2000091c:	5ce3      	ldrb	r3, [r4, r3]
2000091e:	2b02      	cmp	r3, #2
20000920:	d000      	beq.n	20000924 <dcd_rp2040_irq+0x428>
20000922:	e65e      	b.n	200005e2 <dcd_rp2040_irq+0xe6>
20000924:	4b44      	ldr	r3, [pc, #272]	@ (20000a38 <dcd_rp2040_irq+0x53c>)
20000926:	5ce3      	ldrb	r3, [r4, r3]
20000928:	2b00      	cmp	r3, #0
2000092a:	d100      	bne.n	2000092e <dcd_rp2040_irq+0x432>
2000092c:	e659      	b.n	200005e2 <dcd_rp2040_irq+0xe6>
2000092e:	e7d2      	b.n	200008d6 <dcd_rp2040_irq+0x3da>
20000930:	2200      	movs	r2, #0
20000932:	54e2      	strb	r2, [r4, r3]
20000934:	3b1c      	subs	r3, #28
20000936:	18e0      	adds	r0, r4, r3
20000938:	f000 f9a6 	bl	20000c88 <hw_endpoint_start_next_buffer>
2000093c:	003e      	movs	r6, r7
2000093e:	e636      	b.n	200005ae <dcd_rp2040_irq+0xb2>
20000940:	0020      	movs	r0, r4
20000942:	2200      	movs	r2, #0
20000944:	30a0      	adds	r0, #160	@ 0xa0
20000946:	54e2      	strb	r2, [r4, r3]
20000948:	003e      	movs	r6, r7
2000094a:	f000 f99d 	bl	20000c88 <hw_endpoint_start_next_buffer>
2000094e:	e5f8      	b.n	20000542 <dcd_rp2040_irq+0x46>
20000950:	0020      	movs	r0, r4
20000952:	2200      	movs	r2, #0
20000954:	3060      	adds	r0, #96	@ 0x60
20000956:	54e2      	strb	r2, [r4, r3]
20000958:	003e      	movs	r6, r7
2000095a:	f000 f995 	bl	20000c88 <hw_endpoint_start_next_buffer>
2000095e:	e5eb      	b.n	20000538 <dcd_rp2040_irq+0x3c>
20000960:	2200      	movs	r2, #0
20000962:	54e2      	strb	r2, [r4, r3]
20000964:	3b1c      	subs	r3, #28
20000966:	18e0      	adds	r0, r4, r3
20000968:	f000 f98e 	bl	20000c88 <hw_endpoint_start_next_buffer>
2000096c:	003e      	movs	r6, r7
2000096e:	e614      	b.n	2000059a <dcd_rp2040_irq+0x9e>
20000970:	2200      	movs	r2, #0
20000972:	54e2      	strb	r2, [r4, r3]
20000974:	3b1c      	subs	r3, #28
20000976:	18e0      	adds	r0, r4, r3
20000978:	f000 f986 	bl	20000c88 <hw_endpoint_start_next_buffer>
2000097c:	003e      	movs	r6, r7
2000097e:	e602      	b.n	20000586 <dcd_rp2040_irq+0x8a>
20000980:	2200      	movs	r2, #0
20000982:	54e2      	strb	r2, [r4, r3]
20000984:	3b1c      	subs	r3, #28
20000986:	18e0      	adds	r0, r4, r3
20000988:	f000 f97e 	bl	20000c88 <hw_endpoint_start_next_buffer>
2000098c:	003e      	movs	r6, r7
2000098e:	e609      	b.n	200005a4 <dcd_rp2040_irq+0xa8>
20000990:	0020      	movs	r0, r4
20000992:	2200      	movs	r2, #0
20000994:	30a1      	adds	r0, #161	@ 0xa1
20000996:	30ff      	adds	r0, #255	@ 0xff
20000998:	54e2      	strb	r2, [r4, r3]
2000099a:	003e      	movs	r6, r7
2000099c:	f000 f974 	bl	20000c88 <hw_endpoint_start_next_buffer>
200009a0:	e5e6      	b.n	20000570 <dcd_rp2040_irq+0x74>
200009a2:	0020      	movs	r0, r4
200009a4:	2200      	movs	r2, #0
200009a6:	3021      	adds	r0, #33	@ 0x21
200009a8:	30ff      	adds	r0, #255	@ 0xff
200009aa:	54e2      	strb	r2, [r4, r3]
200009ac:	003e      	movs	r6, r7
200009ae:	f000 f96b 	bl	20000c88 <hw_endpoint_start_next_buffer>
200009b2:	e5d1      	b.n	20000558 <dcd_rp2040_irq+0x5c>
200009b4:	2200      	movs	r2, #0
200009b6:	54e2      	strb	r2, [r4, r3]
200009b8:	3b1c      	subs	r3, #28
200009ba:	18e0      	adds	r0, r4, r3
200009bc:	f000 f964 	bl	20000c88 <hw_endpoint_start_next_buffer>
200009c0:	003e      	movs	r6, r7
200009c2:	e5e5      	b.n	20000590 <dcd_rp2040_irq+0x94>
200009c4:	0020      	movs	r0, r4
200009c6:	2200      	movs	r2, #0
200009c8:	3061      	adds	r0, #97	@ 0x61
200009ca:	30ff      	adds	r0, #255	@ 0xff
200009cc:	54e2      	strb	r2, [r4, r3]
200009ce:	003e      	movs	r6, r7
200009d0:	f000 f95a 	bl	20000c88 <hw_endpoint_start_next_buffer>
200009d4:	e5c6      	b.n	20000564 <dcd_rp2040_irq+0x68>
200009d6:	0020      	movs	r0, r4
200009d8:	2200      	movs	r2, #0
200009da:	30e1      	adds	r0, #225	@ 0xe1
200009dc:	30ff      	adds	r0, #255	@ 0xff
200009de:	54e2      	strb	r2, [r4, r3]
200009e0:	003e      	movs	r6, r7
200009e2:	f000 f951 	bl	20000c88 <hw_endpoint_start_next_buffer>
200009e6:	e5c9      	b.n	2000057c <dcd_rp2040_irq+0x80>
200009e8:	0020      	movs	r0, r4
200009ea:	2200      	movs	r2, #0
200009ec:	30e0      	adds	r0, #224	@ 0xe0
200009ee:	54e2      	strb	r2, [r4, r3]
200009f0:	003e      	movs	r6, r7
200009f2:	f000 f949 	bl	20000c88 <hw_endpoint_start_next_buffer>
200009f6:	e5a9      	b.n	2000054c <dcd_rp2040_irq+0x50>
200009f8:	2200      	movs	r2, #0
200009fa:	54e2      	strb	r2, [r4, r3]
200009fc:	3b1c      	subs	r3, #28
200009fe:	18e0      	adds	r0, r4, r3
20000a00:	f000 f942 	bl	20000c88 <hw_endpoint_start_next_buffer>
20000a04:	e754      	b.n	200008b0 <dcd_rp2040_irq+0x3b4>
20000a06:	2200      	movs	r2, #0
20000a08:	54e2      	strb	r2, [r4, r3]
20000a0a:	3b1c      	subs	r3, #28
20000a0c:	18e0      	adds	r0, r4, r3
20000a0e:	f000 f93b 	bl	20000c88 <hw_endpoint_start_next_buffer>
20000a12:	e782      	b.n	2000091a <dcd_rp2040_irq+0x41e>
20000a14:	0031      	movs	r1, r6
20000a16:	480a      	ldr	r0, [pc, #40]	@ (20000a40 <dcd_rp2040_irq+0x544>)
20000a18:	4069      	eors	r1, r5
20000a1a:	f000 fa85 	bl	20000f28 <__panic_veneer>
20000a1e:	46c0      	nop			@ (mov r8, r8)
20000a20:	0000023a 	.word	0x0000023a
20000a24:	000002ba 	.word	0x000002ba
20000a28:	0000037a 	.word	0x0000037a
20000a2c:	000003bb 	.word	0x000003bb
20000a30:	000003ba 	.word	0x000003ba
20000a34:	000003fb 	.word	0x000003fb
20000a38:	000003fa 	.word	0x000003fa
20000a3c:	0000033a 	.word	0x0000033a
20000a40:	1000663c 	.word	0x1000663c

20000a44 <prepare_ep_buffer>:
20000a44:	b5f0      	push	{r4, r5, r6, r7, lr}
20000a46:	46c6      	mov	lr, r8
20000a48:	b500      	push	{lr}
20000a4a:	0002      	movs	r2, r0
20000a4c:	8a83      	ldrh	r3, [r0, #20]
20000a4e:	8b00      	ldrh	r0, [r0, #24]
20000a50:	468c      	mov	ip, r1
20000a52:	1c01      	adds	r1, r0, #0
20000a54:	4298      	cmp	r0, r3
20000a56:	d900      	bls.n	20000a5a <prepare_ep_buffer+0x16>
20000a58:	1c19      	adds	r1, r3, #0
20000a5a:	78d4      	ldrb	r4, [r2, #3]
20000a5c:	2580      	movs	r5, #128	@ 0x80
20000a5e:	0020      	movs	r0, r4
20000a60:	1e46      	subs	r6, r0, #1
20000a62:	41b0      	sbcs	r0, r6
20000a64:	b289      	uxth	r1, r1
20000a66:	00ed      	lsls	r5, r5, #3
20000a68:	430d      	orrs	r5, r1
20000a6a:	0340      	lsls	r0, r0, #13
20000a6c:	4328      	orrs	r0, r5
20000a6e:	2501      	movs	r5, #1
20000a70:	406c      	eors	r4, r5
20000a72:	1a5b      	subs	r3, r3, r1
20000a74:	70d4      	strb	r4, [r2, #3]
20000a76:	7854      	ldrb	r4, [r2, #1]
20000a78:	b29b      	uxth	r3, r3
20000a7a:	8293      	strh	r3, [r2, #20]
20000a7c:	2c00      	cmp	r4, #0
20000a7e:	d131      	bne.n	20000ae4 <prepare_ep_buffer+0xa0>
20000a80:	4664      	mov	r4, ip
20000a82:	68d5      	ldr	r5, [r2, #12]
20000a84:	01a4      	lsls	r4, r4, #6
20000a86:	1e4e      	subs	r6, r1, #1
20000a88:	192d      	adds	r5, r5, r4
20000a8a:	46b0      	mov	r8, r6
20000a8c:	6914      	ldr	r4, [r2, #16]
20000a8e:	2900      	cmp	r1, #0
20000a90:	d023      	beq.n	20000ada <prepare_ep_buffer+0x96>
20000a92:	2e06      	cmp	r6, #6
20000a94:	d932      	bls.n	20000afc <prepare_ep_buffer+0xb8>
20000a96:	002b      	movs	r3, r5
20000a98:	4323      	orrs	r3, r4
20000a9a:	079b      	lsls	r3, r3, #30
20000a9c:	d12e      	bne.n	20000afc <prepare_ep_buffer+0xb8>
20000a9e:	1c63      	adds	r3, r4, #1
20000aa0:	1aeb      	subs	r3, r5, r3
20000aa2:	2b02      	cmp	r3, #2
20000aa4:	d92a      	bls.n	20000afc <prepare_ep_buffer+0xb8>
20000aa6:	2300      	movs	r3, #0
20000aa8:	088f      	lsrs	r7, r1, #2
20000aaa:	00bf      	lsls	r7, r7, #2
20000aac:	58e6      	ldr	r6, [r4, r3]
20000aae:	50ee      	str	r6, [r5, r3]
20000ab0:	3304      	adds	r3, #4
20000ab2:	429f      	cmp	r7, r3
20000ab4:	d1fa      	bne.n	20000aac <prepare_ep_buffer+0x68>
20000ab6:	4643      	mov	r3, r8
20000ab8:	19ed      	adds	r5, r5, r7
20000aba:	1bdb      	subs	r3, r3, r7
20000abc:	19e4      	adds	r4, r4, r7
20000abe:	42b9      	cmp	r1, r7
20000ac0:	d009      	beq.n	20000ad6 <prepare_ep_buffer+0x92>
20000ac2:	7826      	ldrb	r6, [r4, #0]
20000ac4:	702e      	strb	r6, [r5, #0]
20000ac6:	2b00      	cmp	r3, #0
20000ac8:	d005      	beq.n	20000ad6 <prepare_ep_buffer+0x92>
20000aca:	7866      	ldrb	r6, [r4, #1]
20000acc:	706e      	strb	r6, [r5, #1]
20000ace:	2b01      	cmp	r3, #1
20000ad0:	d001      	beq.n	20000ad6 <prepare_ep_buffer+0x92>
20000ad2:	78a3      	ldrb	r3, [r4, #2]
20000ad4:	70ab      	strb	r3, [r5, #2]
20000ad6:	6914      	ldr	r4, [r2, #16]
20000ad8:	8a93      	ldrh	r3, [r2, #20]
20000ada:	1864      	adds	r4, r4, r1
20000adc:	6114      	str	r4, [r2, #16]
20000ade:	2280      	movs	r2, #128	@ 0x80
20000ae0:	0212      	lsls	r2, r2, #8
20000ae2:	4310      	orrs	r0, r2
20000ae4:	2b00      	cmp	r3, #0
20000ae6:	d102      	bne.n	20000aee <prepare_ep_buffer+0xaa>
20000ae8:	2380      	movs	r3, #128	@ 0x80
20000aea:	01db      	lsls	r3, r3, #7
20000aec:	4318      	orrs	r0, r3
20000aee:	4663      	mov	r3, ip
20000af0:	2b00      	cmp	r3, #0
20000af2:	d000      	beq.n	20000af6 <prepare_ep_buffer+0xb2>
20000af4:	0400      	lsls	r0, r0, #16
20000af6:	bc80      	pop	{r7}
20000af8:	46b8      	mov	r8, r7
20000afa:	bdf0      	pop	{r4, r5, r6, r7, pc}
20000afc:	2300      	movs	r3, #0
20000afe:	5ce6      	ldrb	r6, [r4, r3]
20000b00:	54ee      	strb	r6, [r5, r3]
20000b02:	3301      	adds	r3, #1
20000b04:	4299      	cmp	r1, r3
20000b06:	d1fa      	bne.n	20000afe <prepare_ep_buffer+0xba>
20000b08:	e7e5      	b.n	20000ad6 <prepare_ep_buffer+0x92>
20000b0a:	46c0      	nop			@ (mov r8, r8)

20000b0c <sync_ep_buffer>:
20000b0c:	6883      	ldr	r3, [r0, #8]
20000b0e:	b5f0      	push	{r4, r5, r6, r7, lr}
20000b10:	681a      	ldr	r2, [r3, #0]
20000b12:	0004      	movs	r4, r0
20000b14:	2900      	cmp	r1, #0
20000b16:	d000      	beq.n	20000b1a <sync_ep_buffer+0xe>
20000b18:	0c12      	lsrs	r2, r2, #16
20000b1a:	7863      	ldrb	r3, [r4, #1]
20000b1c:	0592      	lsls	r2, r2, #22
20000b1e:	0d90      	lsrs	r0, r2, #22
20000b20:	2b00      	cmp	r3, #0
20000b22:	d108      	bne.n	20000b36 <sync_ep_buffer+0x2a>
20000b24:	8ae3      	ldrh	r3, [r4, #22]
20000b26:	18c3      	adds	r3, r0, r3
20000b28:	82e3      	strh	r3, [r4, #22]
20000b2a:	8b23      	ldrh	r3, [r4, #24]
20000b2c:	4283      	cmp	r3, r0
20000b2e:	d901      	bls.n	20000b34 <sync_ep_buffer+0x28>
20000b30:	2300      	movs	r3, #0
20000b32:	82a3      	strh	r3, [r4, #20]
20000b34:	bdf0      	pop	{r4, r5, r6, r7, pc}
20000b36:	68e3      	ldr	r3, [r4, #12]
20000b38:	0189      	lsls	r1, r1, #6
20000b3a:	6925      	ldr	r5, [r4, #16]
20000b3c:	185e      	adds	r6, r3, r1
20000b3e:	1e47      	subs	r7, r0, #1
20000b40:	2800      	cmp	r0, #0
20000b42:	d022      	beq.n	20000b8a <sync_ep_buffer+0x7e>
20000b44:	2f06      	cmp	r7, #6
20000b46:	d926      	bls.n	20000b96 <sync_ep_buffer+0x8a>
20000b48:	3101      	adds	r1, #1
20000b4a:	185b      	adds	r3, r3, r1
20000b4c:	1aeb      	subs	r3, r5, r3
20000b4e:	2b02      	cmp	r3, #2
20000b50:	d921      	bls.n	20000b96 <sync_ep_buffer+0x8a>
20000b52:	002b      	movs	r3, r5
20000b54:	4333      	orrs	r3, r6
20000b56:	079b      	lsls	r3, r3, #30
20000b58:	d11d      	bne.n	20000b96 <sync_ep_buffer+0x8a>
20000b5a:	2300      	movs	r3, #0
20000b5c:	0e12      	lsrs	r2, r2, #24
20000b5e:	0092      	lsls	r2, r2, #2
20000b60:	58f1      	ldr	r1, [r6, r3]
20000b62:	50e9      	str	r1, [r5, r3]
20000b64:	3304      	adds	r3, #4
20000b66:	429a      	cmp	r2, r3
20000b68:	d1fa      	bne.n	20000b60 <sync_ep_buffer+0x54>
20000b6a:	1abf      	subs	r7, r7, r2
20000b6c:	18ad      	adds	r5, r5, r2
20000b6e:	18b6      	adds	r6, r6, r2
20000b70:	4290      	cmp	r0, r2
20000b72:	d009      	beq.n	20000b88 <sync_ep_buffer+0x7c>
20000b74:	7832      	ldrb	r2, [r6, #0]
20000b76:	702a      	strb	r2, [r5, #0]
20000b78:	2f00      	cmp	r7, #0
20000b7a:	d005      	beq.n	20000b88 <sync_ep_buffer+0x7c>
20000b7c:	7872      	ldrb	r2, [r6, #1]
20000b7e:	706a      	strb	r2, [r5, #1]
20000b80:	2f01      	cmp	r7, #1
20000b82:	d001      	beq.n	20000b88 <sync_ep_buffer+0x7c>
20000b84:	78b2      	ldrb	r2, [r6, #2]
20000b86:	70aa      	strb	r2, [r5, #2]
20000b88:	6925      	ldr	r5, [r4, #16]
20000b8a:	8ae3      	ldrh	r3, [r4, #22]
20000b8c:	182d      	adds	r5, r5, r0
20000b8e:	18c3      	adds	r3, r0, r3
20000b90:	82e3      	strh	r3, [r4, #22]
20000b92:	6125      	str	r5, [r4, #16]
20000b94:	e7c9      	b.n	20000b2a <sync_ep_buffer+0x1e>
20000b96:	2200      	movs	r2, #0
20000b98:	5cb3      	ldrb	r3, [r6, r2]
20000b9a:	54ab      	strb	r3, [r5, r2]
20000b9c:	3201      	adds	r2, #1
20000b9e:	4290      	cmp	r0, r2
20000ba0:	d1fa      	bne.n	20000b98 <sync_ep_buffer+0x8c>
20000ba2:	6925      	ldr	r5, [r4, #16]
20000ba4:	e7f1      	b.n	20000b8a <sync_ep_buffer+0x7e>
20000ba6:	46c0      	nop			@ (mov r8, r8)

20000ba8 <_hw_endpoint_xfer_sync>:
20000ba8:	b510      	push	{r4, lr}
20000baa:	0004      	movs	r4, r0
20000bac:	6883      	ldr	r3, [r0, #8]
20000bae:	2100      	movs	r1, #0
20000bb0:	681b      	ldr	r3, [r3, #0]
20000bb2:	f7ff ffab 	bl	20000b0c <sync_ep_buffer>
20000bb6:	6863      	ldr	r3, [r4, #4]
20000bb8:	681b      	ldr	r3, [r3, #0]
20000bba:	005b      	lsls	r3, r3, #1
20000bbc:	d502      	bpl.n	20000bc4 <_hw_endpoint_xfer_sync+0x1c>
20000bbe:	8b23      	ldrh	r3, [r4, #24]
20000bc0:	4283      	cmp	r3, r0
20000bc2:	d000      	beq.n	20000bc6 <_hw_endpoint_xfer_sync+0x1e>
20000bc4:	bd10      	pop	{r4, pc}
20000bc6:	2101      	movs	r1, #1
20000bc8:	0020      	movs	r0, r4
20000bca:	f7ff ff9f 	bl	20000b0c <sync_ep_buffer>
20000bce:	e7f9      	b.n	20000bc4 <_hw_endpoint_xfer_sync+0x1c>

20000bd0 <e15_is_bulkin_ep>:
20000bd0:	4a08      	ldr	r2, [pc, #32]	@ (20000bf4 <e15_is_bulkin_ep+0x24>)
20000bd2:	0003      	movs	r3, r0
20000bd4:	6c12      	ldr	r2, [r2, #64]	@ 0x40
20000bd6:	2000      	movs	r0, #0
20000bd8:	0792      	lsls	r2, r2, #30
20000bda:	d403      	bmi.n	20000be4 <e15_is_bulkin_ep+0x14>
20000bdc:	789a      	ldrb	r2, [r3, #2]
20000bde:	09d2      	lsrs	r2, r2, #7
20000be0:	2a01      	cmp	r2, #1
20000be2:	d000      	beq.n	20000be6 <e15_is_bulkin_ep+0x16>
20000be4:	4770      	bx	lr
20000be6:	7ed8      	ldrb	r0, [r3, #27]
20000be8:	3802      	subs	r0, #2
20000bea:	4243      	negs	r3, r0
20000bec:	4158      	adcs	r0, r3
20000bee:	b2c0      	uxtb	r0, r0
20000bf0:	e7f8      	b.n	20000be4 <e15_is_bulkin_ep+0x14>
20000bf2:	46c0      	nop			@ (mov r8, r8)
20000bf4:	50110000 	.word	0x50110000

20000bf8 <e15_is_critical_frame_period>:
20000bf8:	b510      	push	{r4, lr}
20000bfa:	f7ff ffe9 	bl	20000bd0 <e15_is_bulkin_ep>
20000bfe:	2800      	cmp	r0, #0
20000c00:	d00c      	beq.n	20000c1c <e15_is_critical_frame_period+0x24>
20000c02:	4907      	ldr	r1, [pc, #28]	@ (20000c20 <e15_is_critical_frame_period+0x28>)
20000c04:	4b07      	ldr	r3, [pc, #28]	@ (20000c24 <e15_is_critical_frame_period+0x2c>)
20000c06:	468c      	mov	ip, r1
20000c08:	4a07      	ldr	r2, [pc, #28]	@ (20000c28 <e15_is_critical_frame_period+0x30>)
20000c0a:	6a9b      	ldr	r3, [r3, #40]	@ 0x28
20000c0c:	6812      	ldr	r2, [r2, #0]
20000c0e:	4463      	add	r3, ip
20000c10:	1a9b      	subs	r3, r3, r2
20000c12:	2000      	movs	r0, #0
20000c14:	22c6      	movs	r2, #198	@ 0xc6
20000c16:	429a      	cmp	r2, r3
20000c18:	4140      	adcs	r0, r0
20000c1a:	b2c0      	uxtb	r0, r0
20000c1c:	bd10      	pop	{r4, pc}
20000c1e:	46c0      	nop			@ (mov r8, r8)
20000c20:	fffffce0 	.word	0xfffffce0
20000c24:	40054000 	.word	0x40054000
20000c28:	20001738 	.word	0x20001738

20000c2c <hw_endpoint_reset_transfer>:
20000c2c:	2300      	movs	r3, #0
20000c2e:	7683      	strb	r3, [r0, #26]
20000c30:	6143      	str	r3, [r0, #20]
20000c32:	6103      	str	r3, [r0, #16]
20000c34:	4770      	bx	lr
20000c36:	46c0      	nop			@ (mov r8, r8)

20000c38 <_hw_endpoint_buffer_control_update32>:
20000c38:	b510      	push	{r4, lr}
20000c3a:	6883      	ldr	r3, [r0, #8]
20000c3c:	2900      	cmp	r1, #0
20000c3e:	d001      	beq.n	20000c44 <_hw_endpoint_buffer_control_update32+0xc>
20000c40:	681c      	ldr	r4, [r3, #0]
20000c42:	4021      	ands	r1, r4
20000c44:	2a00      	cmp	r2, #0
20000c46:	d012      	beq.n	20000c6e <_hw_endpoint_buffer_control_update32+0x36>
20000c48:	2480      	movs	r4, #128	@ 0x80
20000c4a:	00e4      	lsls	r4, r4, #3
20000c4c:	4311      	orrs	r1, r2
20000c4e:	4222      	tst	r2, r4
20000c50:	d00d      	beq.n	20000c6e <_hw_endpoint_buffer_control_update32+0x36>
20000c52:	681a      	ldr	r2, [r3, #0]
20000c54:	4222      	tst	r2, r4
20000c56:	d10c      	bne.n	20000c72 <_hw_endpoint_buffer_control_update32+0x3a>
20000c58:	4a08      	ldr	r2, [pc, #32]	@ (20000c7c <_hw_endpoint_buffer_control_update32+0x44>)
20000c5a:	400a      	ands	r2, r1
20000c5c:	601a      	str	r2, [r3, #0]
20000c5e:	4a08      	ldr	r2, [pc, #32]	@ (20000c80 <_hw_endpoint_buffer_control_update32+0x48>)
20000c60:	6c12      	ldr	r2, [r2, #64]	@ 0x40
20000c62:	0792      	lsls	r2, r2, #30
20000c64:	d403      	bmi.n	20000c6e <_hw_endpoint_buffer_control_update32+0x36>
20000c66:	230c      	movs	r3, #12
20000c68:	3b03      	subs	r3, #3
20000c6a:	d2fd      	bcs.n	20000c68 <_hw_endpoint_buffer_control_update32+0x30>
20000c6c:	6883      	ldr	r3, [r0, #8]
20000c6e:	6019      	str	r1, [r3, #0]
20000c70:	bd10      	pop	{r4, pc}
20000c72:	7881      	ldrb	r1, [r0, #2]
20000c74:	4803      	ldr	r0, [pc, #12]	@ (20000c84 <_hw_endpoint_buffer_control_update32+0x4c>)
20000c76:	f000 f957 	bl	20000f28 <__panic_veneer>
20000c7a:	46c0      	nop			@ (mov r8, r8)
20000c7c:	fffffbff 	.word	0xfffffbff
20000c80:	50110000 	.word	0x50110000
20000c84:	10006650 	.word	0x10006650

20000c88 <hw_endpoint_start_next_buffer>:
20000c88:	6843      	ldr	r3, [r0, #4]
20000c8a:	b570      	push	{r4, r5, r6, lr}
20000c8c:	2100      	movs	r1, #0
20000c8e:	2580      	movs	r5, #128	@ 0x80
20000c90:	0004      	movs	r4, r0
20000c92:	681e      	ldr	r6, [r3, #0]
20000c94:	f7ff fed6 	bl	20000a44 <prepare_ep_buffer>
20000c98:	4b12      	ldr	r3, [pc, #72]	@ (20000ce4 <hw_endpoint_start_next_buffer+0x5c>)
20000c9a:	016d      	lsls	r5, r5, #5
20000c9c:	6c1a      	ldr	r2, [r3, #64]	@ 0x40
20000c9e:	4305      	orrs	r5, r0
20000ca0:	78a3      	ldrb	r3, [r4, #2]
20000ca2:	0792      	lsls	r2, r2, #30
20000ca4:	d50e      	bpl.n	20000cc4 <hw_endpoint_start_next_buffer+0x3c>
20000ca6:	065b      	lsls	r3, r3, #25
20000ca8:	d00e      	beq.n	20000cc8 <hw_endpoint_start_next_buffer+0x40>
20000caa:	4b0f      	ldr	r3, [pc, #60]	@ (20000ce8 <hw_endpoint_start_next_buffer+0x60>)
20000cac:	401e      	ands	r6, r3
20000cae:	2380      	movs	r3, #128	@ 0x80
20000cb0:	059b      	lsls	r3, r3, #22
20000cb2:	4333      	orrs	r3, r6
20000cb4:	6862      	ldr	r2, [r4, #4]
20000cb6:	2100      	movs	r1, #0
20000cb8:	6013      	str	r3, [r2, #0]
20000cba:	0020      	movs	r0, r4
20000cbc:	002a      	movs	r2, r5
20000cbe:	f7ff ffbb 	bl	20000c38 <_hw_endpoint_buffer_control_update32>
20000cc2:	bd70      	pop	{r4, r5, r6, pc}
20000cc4:	09db      	lsrs	r3, r3, #7
20000cc6:	d0f0      	beq.n	20000caa <hw_endpoint_start_next_buffer+0x22>
20000cc8:	8aa3      	ldrh	r3, [r4, #20]
20000cca:	2b00      	cmp	r3, #0
20000ccc:	d0ed      	beq.n	20000caa <hw_endpoint_start_next_buffer+0x22>
20000cce:	2101      	movs	r1, #1
20000cd0:	0020      	movs	r0, r4
20000cd2:	f7ff feb7 	bl	20000a44 <prepare_ep_buffer>
20000cd6:	23a0      	movs	r3, #160	@ 0xa0
20000cd8:	4a04      	ldr	r2, [pc, #16]	@ (20000cec <hw_endpoint_start_next_buffer+0x64>)
20000cda:	05db      	lsls	r3, r3, #23
20000cdc:	4032      	ands	r2, r6
20000cde:	4305      	orrs	r5, r0
20000ce0:	4313      	orrs	r3, r2
20000ce2:	e7e7      	b.n	20000cb4 <hw_endpoint_start_next_buffer+0x2c>
20000ce4:	50110000 	.word	0x50110000
20000ce8:	afffffff 	.word	0xafffffff
20000cec:	dfffffff 	.word	0xdfffffff

20000cf0 <hw_endpoint_xfer_continue>:
20000cf0:	b570      	push	{r4, r5, r6, lr}
20000cf2:	7e85      	ldrb	r5, [r0, #26]
20000cf4:	0004      	movs	r4, r0
20000cf6:	2d00      	cmp	r5, #0
20000cf8:	d014      	beq.n	20000d24 <hw_endpoint_xfer_continue+0x34>
20000cfa:	f7ff ff55 	bl	20000ba8 <_hw_endpoint_xfer_sync>
20000cfe:	8aa3      	ldrh	r3, [r4, #20]
20000d00:	2b00      	cmp	r3, #0
20000d02:	d101      	bne.n	20000d08 <hw_endpoint_xfer_continue+0x18>
20000d04:	0028      	movs	r0, r5
20000d06:	bd70      	pop	{r4, r5, r6, pc}
20000d08:	0020      	movs	r0, r4
20000d0a:	f7ff ff75 	bl	20000bf8 <e15_is_critical_frame_period>
20000d0e:	2800      	cmp	r0, #0
20000d10:	d003      	beq.n	20000d1a <hw_endpoint_xfer_continue+0x2a>
20000d12:	2301      	movs	r3, #1
20000d14:	2500      	movs	r5, #0
20000d16:	7723      	strb	r3, [r4, #28]
20000d18:	e7f4      	b.n	20000d04 <hw_endpoint_xfer_continue+0x14>
20000d1a:	0020      	movs	r0, r4
20000d1c:	f7ff ffb4 	bl	20000c88 <hw_endpoint_start_next_buffer>
20000d20:	2500      	movs	r5, #0
20000d22:	e7ef      	b.n	20000d04 <hw_endpoint_xfer_continue+0x14>
20000d24:	7881      	ldrb	r1, [r0, #2]
20000d26:	4801      	ldr	r0, [pc, #4]	@ (20000d2c <hw_endpoint_xfer_continue+0x3c>)
20000d28:	f000 f8fe 	bl	20000f28 <__panic_veneer>
20000d2c:	10006670 	.word	0x10006670

20000d30 <dcd_event_handler>:
20000d30:	b5f0      	push	{r4, r5, r6, r7, lr}
20000d32:	46ce      	mov	lr, r9
20000d34:	4647      	mov	r7, r8
20000d36:	b580      	push	{r7, lr}
20000d38:	7843      	ldrb	r3, [r0, #1]
20000d3a:	0005      	movs	r5, r0
20000d3c:	000e      	movs	r6, r1
20000d3e:	b085      	sub	sp, #20
20000d40:	2b06      	cmp	r3, #6
20000d42:	d808      	bhi.n	20000d56 <dcd_event_handler+0x26>
20000d44:	4a6b      	ldr	r2, [pc, #428]	@ (20000ef4 <dcd_event_handler+0x1c4>)
20000d46:	009b      	lsls	r3, r3, #2
20000d48:	58d3      	ldr	r3, [r2, r3]
20000d4a:	469f      	mov	pc, r3
20000d4c:	4a6a      	ldr	r2, [pc, #424]	@ (20000ef8 <dcd_event_handler+0x1c8>)
20000d4e:	7813      	ldrb	r3, [r2, #0]
20000d50:	3301      	adds	r3, #1
20000d52:	b2db      	uxtb	r3, r3
20000d54:	7013      	strb	r3, [r2, #0]
20000d56:	4b69      	ldr	r3, [pc, #420]	@ (20000efc <dcd_event_handler+0x1cc>)
20000d58:	681c      	ldr	r4, [r3, #0]
20000d5a:	6962      	ldr	r2, [r4, #20]
20000d5c:	f3ef 8110 	mrs	r1, PRIMASK
20000d60:	b672      	cpsid	i
20000d62:	6813      	ldr	r3, [r2, #0]
20000d64:	2b00      	cmp	r3, #0
20000d66:	d0fc      	beq.n	20000d62 <dcd_event_handler+0x32>
20000d68:	f3bf 8f5f 	dmb	sy
20000d6c:	61a1      	str	r1, [r4, #24]
20000d6e:	0020      	movs	r0, r4
20000d70:	0029      	movs	r1, r5
20000d72:	f000 f8e9 	bl	20000f48 <__tu_fifo_write_veneer>
20000d76:	6962      	ldr	r2, [r4, #20]
20000d78:	69a3      	ldr	r3, [r4, #24]
20000d7a:	f3bf 8f5f 	dmb	sy
20000d7e:	2100      	movs	r1, #0
20000d80:	6011      	str	r1, [r2, #0]
20000d82:	f383 8810 	msr	PRIMASK, r3
20000d86:	2800      	cmp	r0, #0
20000d88:	d104      	bne.n	20000d94 <dcd_event_handler+0x64>
20000d8a:	b005      	add	sp, #20
20000d8c:	bcc0      	pop	{r6, r7}
20000d8e:	46b9      	mov	r9, r7
20000d90:	46b0      	mov	r8, r6
20000d92:	bdf0      	pop	{r4, r5, r6, r7, pc}
20000d94:	0032      	movs	r2, r6
20000d96:	7869      	ldrb	r1, [r5, #1]
20000d98:	7828      	ldrb	r0, [r5, #0]
20000d9a:	f000 f8ed 	bl	20000f78 <__tud_event_hook_cb_veneer>
20000d9e:	e7f4      	b.n	20000d8a <dcd_event_handler+0x5a>
20000da0:	2101      	movs	r1, #1
20000da2:	4b57      	ldr	r3, [pc, #348]	@ (20000f00 <dcd_event_handler+0x1d0>)
20000da4:	781a      	ldrb	r2, [r3, #0]
20000da6:	438a      	bics	r2, r1
20000da8:	701a      	strb	r2, [r3, #0]
20000daa:	781a      	ldrb	r2, [r3, #0]
20000dac:	3101      	adds	r1, #1
20000dae:	438a      	bics	r2, r1
20000db0:	701a      	strb	r2, [r3, #0]
20000db2:	2200      	movs	r2, #0
20000db4:	705a      	strb	r2, [r3, #1]
20000db6:	781a      	ldrb	r2, [r3, #0]
20000db8:	3102      	adds	r1, #2
20000dba:	438a      	bics	r2, r1
20000dbc:	701a      	strb	r2, [r3, #0]
20000dbe:	e7ca      	b.n	20000d56 <dcd_event_handler+0x26>
20000dc0:	4b50      	ldr	r3, [pc, #320]	@ (20000f04 <dcd_event_handler+0x1d4>)
20000dc2:	4f51      	ldr	r7, [pc, #324]	@ (20000f08 <dcd_event_handler+0x1d8>)
20000dc4:	4699      	mov	r9, r3
20000dc6:	4b51      	ldr	r3, [pc, #324]	@ (20000f0c <dcd_event_handler+0x1dc>)
20000dc8:	2400      	movs	r4, #0
20000dca:	4698      	mov	r8, r3
20000dcc:	783a      	ldrb	r2, [r7, #0]
20000dce:	e010      	b.n	20000df2 <dcd_event_handler+0xc2>
20000dd0:	4643      	mov	r3, r8
20000dd2:	681b      	ldr	r3, [r3, #0]
20000dd4:	0161      	lsls	r1, r4, #5
20000dd6:	185b      	adds	r3, r3, r1
20000dd8:	2b00      	cmp	r3, #0
20000dda:	d006      	beq.n	20000dea <dcd_event_handler+0xba>
20000ddc:	69db      	ldr	r3, [r3, #28]
20000dde:	2b00      	cmp	r3, #0
20000de0:	d003      	beq.n	20000dea <dcd_event_handler+0xba>
20000de2:	6869      	ldr	r1, [r5, #4]
20000de4:	7828      	ldrb	r0, [r5, #0]
20000de6:	4798      	blx	r3
20000de8:	783a      	ldrb	r2, [r7, #0]
20000dea:	3401      	adds	r4, #1
20000dec:	b2e4      	uxtb	r4, r4
20000dee:	4294      	cmp	r4, r2
20000df0:	d817      	bhi.n	20000e22 <dcd_event_handler+0xf2>
20000df2:	42a2      	cmp	r2, r4
20000df4:	d8ec      	bhi.n	20000dd0 <dcd_event_handler+0xa0>
20000df6:	1aa3      	subs	r3, r4, r2
20000df8:	015b      	lsls	r3, r3, #5
20000dfa:	444b      	add	r3, r9
20000dfc:	e7ee      	b.n	20000ddc <dcd_event_handler+0xac>
20000dfe:	4b40      	ldr	r3, [pc, #256]	@ (20000f00 <dcd_event_handler+0x1d0>)
20000e00:	781a      	ldrb	r2, [r3, #0]
20000e02:	07d2      	lsls	r2, r2, #31
20000e04:	d5c1      	bpl.n	20000d8a <dcd_event_handler+0x5a>
20000e06:	2104      	movs	r1, #4
20000e08:	781a      	ldrb	r2, [r3, #0]
20000e0a:	430a      	orrs	r2, r1
20000e0c:	701a      	strb	r2, [r3, #0]
20000e0e:	e7a2      	b.n	20000d56 <dcd_event_handler+0x26>
20000e10:	4b3b      	ldr	r3, [pc, #236]	@ (20000f00 <dcd_event_handler+0x1d0>)
20000e12:	781a      	ldrb	r2, [r3, #0]
20000e14:	07d2      	lsls	r2, r2, #31
20000e16:	d5b8      	bpl.n	20000d8a <dcd_event_handler+0x5a>
20000e18:	2104      	movs	r1, #4
20000e1a:	781a      	ldrb	r2, [r3, #0]
20000e1c:	438a      	bics	r2, r1
20000e1e:	701a      	strb	r2, [r3, #0]
20000e20:	e799      	b.n	20000d56 <dcd_event_handler+0x26>
20000e22:	4f37      	ldr	r7, [pc, #220]	@ (20000f00 <dcd_event_handler+0x1d0>)
20000e24:	783b      	ldrb	r3, [r7, #0]
20000e26:	075b      	lsls	r3, r3, #29
20000e28:	d52b      	bpl.n	20000e82 <dcd_event_handler+0x152>
20000e2a:	2204      	movs	r2, #4
20000e2c:	783b      	ldrb	r3, [r7, #0]
20000e2e:	2100      	movs	r1, #0
20000e30:	4393      	bics	r3, r2
20000e32:	703b      	strb	r3, [r7, #0]
20000e34:	466b      	mov	r3, sp
20000e36:	3206      	adds	r2, #6
20000e38:	1d98      	adds	r0, r3, #6
20000e3a:	f000 f895 	bl	20000f68 <____wrap_memset_veneer>
20000e3e:	782b      	ldrb	r3, [r5, #0]
20000e40:	ac01      	add	r4, sp, #4
20000e42:	7023      	strb	r3, [r4, #0]
20000e44:	2305      	movs	r3, #5
20000e46:	7063      	strb	r3, [r4, #1]
20000e48:	4b2c      	ldr	r3, [pc, #176]	@ (20000efc <dcd_event_handler+0x1cc>)
20000e4a:	681b      	ldr	r3, [r3, #0]
20000e4c:	4698      	mov	r8, r3
20000e4e:	695a      	ldr	r2, [r3, #20]
20000e50:	f3ef 8110 	mrs	r1, PRIMASK
20000e54:	b672      	cpsid	i
20000e56:	6813      	ldr	r3, [r2, #0]
20000e58:	2b00      	cmp	r3, #0
20000e5a:	d0fc      	beq.n	20000e56 <dcd_event_handler+0x126>
20000e5c:	f3bf 8f5f 	dmb	sy
20000e60:	4643      	mov	r3, r8
20000e62:	4640      	mov	r0, r8
20000e64:	6199      	str	r1, [r3, #24]
20000e66:	0021      	movs	r1, r4
20000e68:	f000 f86e 	bl	20000f48 <__tu_fifo_write_veneer>
20000e6c:	4643      	mov	r3, r8
20000e6e:	695a      	ldr	r2, [r3, #20]
20000e70:	699b      	ldr	r3, [r3, #24]
20000e72:	f3bf 8f5f 	dmb	sy
20000e76:	2100      	movs	r1, #0
20000e78:	6011      	str	r1, [r2, #0]
20000e7a:	f383 8810 	msr	PRIMASK, r3
20000e7e:	2800      	cmp	r0, #0
20000e80:	d131      	bne.n	20000ee6 <dcd_event_handler+0x1b6>
20000e82:	78fb      	ldrb	r3, [r7, #3]
20000e84:	07db      	lsls	r3, r3, #31
20000e86:	d400      	bmi.n	20000e8a <dcd_event_handler+0x15a>
20000e88:	e77f      	b.n	20000d8a <dcd_event_handler+0x5a>
20000e8a:	466b      	mov	r3, sp
20000e8c:	220a      	movs	r2, #10
20000e8e:	2100      	movs	r1, #0
20000e90:	1d98      	adds	r0, r3, #6
20000e92:	f000 f869 	bl	20000f68 <____wrap_memset_veneer>
20000e96:	782b      	ldrb	r3, [r5, #0]
20000e98:	ac01      	add	r4, sp, #4
20000e9a:	7023      	strb	r3, [r4, #0]
20000e9c:	2303      	movs	r3, #3
20000e9e:	7063      	strb	r3, [r4, #1]
20000ea0:	686b      	ldr	r3, [r5, #4]
20000ea2:	6063      	str	r3, [r4, #4]
20000ea4:	4b15      	ldr	r3, [pc, #84]	@ (20000efc <dcd_event_handler+0x1cc>)
20000ea6:	681d      	ldr	r5, [r3, #0]
20000ea8:	696a      	ldr	r2, [r5, #20]
20000eaa:	f3ef 8110 	mrs	r1, PRIMASK
20000eae:	b672      	cpsid	i
20000eb0:	6813      	ldr	r3, [r2, #0]
20000eb2:	2b00      	cmp	r3, #0
20000eb4:	d0fc      	beq.n	20000eb0 <dcd_event_handler+0x180>
20000eb6:	f3bf 8f5f 	dmb	sy
20000eba:	61a9      	str	r1, [r5, #24]
20000ebc:	0028      	movs	r0, r5
20000ebe:	0021      	movs	r1, r4
20000ec0:	f000 f842 	bl	20000f48 <__tu_fifo_write_veneer>
20000ec4:	696a      	ldr	r2, [r5, #20]
20000ec6:	69ab      	ldr	r3, [r5, #24]
20000ec8:	f3bf 8f5f 	dmb	sy
20000ecc:	2100      	movs	r1, #0
20000ece:	6011      	str	r1, [r2, #0]
20000ed0:	f383 8810 	msr	PRIMASK, r3
20000ed4:	2800      	cmp	r0, #0
20000ed6:	d100      	bne.n	20000eda <dcd_event_handler+0x1aa>
20000ed8:	e757      	b.n	20000d8a <dcd_event_handler+0x5a>
20000eda:	0032      	movs	r2, r6
20000edc:	7861      	ldrb	r1, [r4, #1]
20000ede:	7820      	ldrb	r0, [r4, #0]
20000ee0:	f000 f84a 	bl	20000f78 <__tud_event_hook_cb_veneer>
20000ee4:	e751      	b.n	20000d8a <dcd_event_handler+0x5a>
20000ee6:	0032      	movs	r2, r6
20000ee8:	7861      	ldrb	r1, [r4, #1]
20000eea:	7820      	ldrb	r0, [r4, #0]
20000eec:	f000 f844 	bl	20000f78 <__tud_event_hook_cb_veneer>
20000ef0:	e7c7      	b.n	20000e82 <dcd_event_handler+0x152>
20000ef2:	46c0      	nop			@ (mov r8, r8)
20000ef4:	10006ae0 	.word	0x10006ae0
20000ef8:	20001c93 	.word	0x20001c93
20000efc:	20001510 	.word	0x20001510
20000f00:	200014b8 	.word	0x200014b8
20000f04:	10006afc 	.word	0x10006afc
20000f08:	20001c91 	.word	0x20001c91
20000f0c:	20001308 	.word	0x20001308

20000f10 <__aeabi_idiv0>:
20000f10:	4770      	bx	lr
20000f12:	46c0      	nop			@ (mov r8, r8)
20000f14:	0000      	movs	r0, r0
	...

20000f18 <__time_us_64_veneer>:
20000f18:	b401      	push	{r0}
20000f1a:	4802      	ldr	r0, [pc, #8]	@ (20000f24 <__time_us_64_veneer+0xc>)
20000f1c:	4684      	mov	ip, r0
20000f1e:	bc01      	pop	{r0}
20000f20:	4760      	bx	ip
20000f22:	bf00      	nop
20000f24:	100012dd 	.word	0x100012dd

20000f28 <__panic_veneer>:
20000f28:	b401      	push	{r0}
20000f2a:	4802      	ldr	r0, [pc, #8]	@ (20000f34 <__panic_veneer+0xc>)
20000f2c:	4684      	mov	ip, r0
20000f2e:	bc01      	pop	{r0}
20000f30:	4760      	bx	ip
20000f32:	bf00      	nop
20000f34:	100004bd 	.word	0x100004bd

20000f38 <__rp2040_chip_version_veneer>:
20000f38:	b401      	push	{r0}
20000f3a:	4802      	ldr	r0, [pc, #8]	@ (20000f44 <__rp2040_chip_version_veneer+0xc>)
20000f3c:	4684      	mov	ip, r0
20000f3e:	bc01      	pop	{r0}
20000f40:	4760      	bx	ip
20000f42:	bf00      	nop
20000f44:	100004b1 	.word	0x100004b1

20000f48 <__tu_fifo_write_veneer>:
20000f48:	b401      	push	{r0}
20000f4a:	4802      	ldr	r0, [pc, #8]	@ (20000f54 <__tu_fifo_write_veneer+0xc>)
20000f4c:	4684      	mov	ip, r0
20000f4e:	bc01      	pop	{r0}
20000f50:	4760      	bx	ip
20000f52:	bf00      	nop
20000f54:	10006091 	.word	0x10006091

20000f58 <____wrap___aeabi_lmul_veneer>:
20000f58:	b401      	push	{r0}
20000f5a:	4802      	ldr	r0, [pc, #8]	@ (20000f64 <____wrap___aeabi_lmul_veneer+0xc>)
20000f5c:	4684      	mov	ip, r0
20000f5e:	bc01      	pop	{r0}
20000f60:	4760      	bx	ip
20000f62:	bf00      	nop
20000f64:	1000221d 	.word	0x1000221d

20000f68 <____wrap_memset_veneer>:
20000f68:	b401      	push	{r0}
20000f6a:	4802      	ldr	r0, [pc, #8]	@ (20000f74 <____wrap_memset_veneer+0xc>)
20000f6c:	4684      	mov	ip, r0
20000f6e:	bc01      	pop	{r0}
20000f70:	4760      	bx	ip
20000f72:	bf00      	nop
20000f74:	100022c9 	.word	0x100022c9

20000f78 <__tud_event_hook_cb_veneer>:
20000f78:	b401      	push	{r0}
20000f7a:	4802      	ldr	r0, [pc, #8]	@ (20000f84 <__tud_event_hook_cb_veneer+0xc>)
20000f7c:	4684      	mov	ip, r0
20000f7e:	bc01      	pop	{r0}
20000f80:	4760      	bx	ip
20000f82:	bf00      	nop
20000f84:	10004ad5 	.word	0x10004ad5

20000f88 <__best_effort_wfe_or_timeout_veneer>:
20000f88:	b401      	push	{r0}
20000f8a:	4802      	ldr	r0, [pc, #8]	@ (20000f94 <__best_effort_wfe_or_timeout_veneer+0xc>)
20000f8c:	4684      	mov	ip, r0
20000f8e:	bc01      	pop	{r0}
20000f90:	4760      	bx	ip
20000f92:	bf00      	nop
20000f94:	1000117d 	.word	0x1000117d

20000f98 <striped_spin_lock_num>:
20000f98:	00000010                                ....

20000f9c <irq_handler_chain_slots>:
20000f9c:	00000000 	.word	0x00000000
20000fa0:	00010000 	.word	0x00010000
	...
20000fac:	00020000 	.word	0x00020000
	...
20000fb8:	00030000 	.word	0x00030000
	...
20000fc4:	00040000 	.word	0x00040000
	...
20000fd0:	00050000 	.word	0x00050000
	...
20000fdc:	00ff0000 	.word	0x00ff0000
20000fe0:	00000000 	.word	0x00000000

20000fe4 <irq_handler_chain_first_slot>:
20000fe4:	b501      	push	{r0, lr}
20000fe6:	6848      	ldr	r0, [r1, #4]
20000fe8:	3101      	adds	r1, #1
20000fea:	468e      	mov	lr, r1
20000fec:	4700      	bx	r0

20000fee <irq_handler_chain_remove_tail>:
20000fee:	4670      	mov	r0, lr
20000ff0:	3809      	subs	r0, #9
20000ff2:	4901      	ldr	r1, [pc, #4]	@ (20000ff8 <irq_handler_chain_remove_tail+0xa>)
20000ff4:	4788      	blx	r1
20000ff6:	bd01      	pop	{r0, pc}
20000ff8:	100008d1 	.word	0x100008d1
20000ffc:	00000000 	.word	0x00000000

20001000 <last_added.0>:
20001000:	ffffffff 7fffffff                       ........

20001008 <default_alarm_pool>:
	...
2000101c:	20001080                                ... 

20001020 <aeabi_bits_funcs>:
20001020:	00003350 	.word	0x00003350
20001024:	0000334c 	.word	0x0000334c
20001028:	00003354 	.word	0x00003354
2000102c:	00003352 	.word	0x00003352

20001030 <aeabi_bits_funcs_end>:
20001030:	0000534d 	.word	0x0000534d
20001034:	0000434d 	.word	0x0000434d
20001038:	00003453 	.word	0x00003453
2000103c:	00003443 	.word	0x00003443

20001040 <stdio_usb>:
20001040:	100041a1 10004155 100040c9 10004041     .A..UA...@..A@..
20001050:	00000000 00000100                       ........

20001058 <_usbd_qdef>:
20001058:	20001514 000c0010 00000000 00000000     ... ............
	...

20001074 <_usbd_rhport>:
20001074:	000000ff                                ....

20001078 <print_mutex>:
	...
